manual_id,lat,lon,mean_biomass,max_biomass
48491,50.2484193474017,-119.39431499142552,0,-Inf
31997,53.835150660946965,-119.86447569384472,108.4086075,117.93405
27243,49.752554727718234,-111.72390270145844,0,-Inf
46758,49.353078378070514,-119.605009311179,74.38917000000001,82.553835
45901,50.898722865637986,-120.28465286022278,77.00992666666667,127.91308500000001
29540,51.7148615734186,-107.0673716678284,0,-Inf
30501,52.55082596378634,-126.36604878940852,0,-Inf
47342,50.8103042872726,-120.7619828062768,80.2858725,91.625685
26293,48.92774492956232,-127.1218033140758,0,-Inf
45914,50.63302123488483,-120.17030295031267,76.4756955,110.67657
26887,49.44172942417208,-116.32214398804354,0,-Inf
31686,53.55767435609596,-115.4695129817701,132.751405,146.96397
31026,53.000552454730496,-126.12196696503088,115.14207424657535,228.61062
29443,51.64197184663499,-123.21493474737508,84.34368648648649,127.0059
26668,49.2511814290192,-110.57154148246627,0,-Inf
27036,49.5665752365021,-112.45212819537846,0,-Inf
31609,53.4786844648188,-104.57366079854546,144.242415,156.943005
30682,52.68717558076605,-109.76878851110814,164.20048500000001,164.20048500000001
27383,49.868126979854424,-116.48691544105532,104.144838,132.44901000000002
29724,51.87681197648635,-115.12436145427635,122.9235675,131.541825
29405,51.596632078813855,-115.70335578080268,167.829225,167.829225
30084,52.18000458489405,-108.59050948044752,0,-Inf
29249,51.47645993268816,-122.75309102371102,120.73449065217392,163.29330000000002
32136,53.949775264190976,-123.51412690471624,93.440055,113.39812500000001
30493,52.54664961609524,-113.7255691739847,0,-Inf
28253,50.61543292127317,-116.73155055259122,0,-Inf
31639,53.50991152564529,-126.71162537363124,64.410135,64.410135
30708,52.71659917430952,-116.80317752948032,0,-Inf
47223,50.907759131909714,-121.49490459549406,89.90963061576356,166.92204
30142,52.234482966247015,-110.856620518025,0,-Inf
46912,50.66474157823026,-121.24207752505576,99.24781779411765,228.61062
27549,49.99692298693117,-127.4161485991208,0,-Inf
27976,50.37488184828544,-121.96002650330774,176.901075,181.437
46247,50.64443230449158,-120.48374574509909,103.41909,103.41909
3014,51.03309,-121.43594,88.59099000000002,228.61062
29364,51.56295724923257,-108.40029591997154,0,-Inf
31507,53.402927313931286,-124.74206917459378,93.70687411764705,136.984935
47005,50.7792443263857,-120.53755142445256,104.931065,131.541825
29340,51.54753533261828,-114.9242867223802,112.53746230769232,134.26338
46446,49.38654598117364,-120.16094161971384,111.35695875,168.73641
31364,53.2892247493146,-104.4750218464178,143.33523,159.66456
31267,53.19362098176498,-105.4109386803466,0,-Inf
46659,50.663227633954165,-119.88349635022252,82.553835,82.553835
27232,49.74087921495084,-109.0768685475341,0,-Inf
28718,51.010325006151106,-116.1777065290953,113.34864218181819,231.332175
28237,50.60167565749725,-124.5727914845338,0,-Inf
28806,51.0912726392271,-107.8550843730336,0,-Inf
29266,51.49236121389549,-118.95265665953048,103.92308166666668,226.79625000000001
28773,51.05937560356688,-114.01970598974732,0,-Inf
31288,53.22118692845106,-114.12848436256172,0,-Inf
26404,49.018344650103245,-109.56888255651576,0,-Inf
29308,51.52788917795988,-124.36602461896835,78.4715025,84.368205
31960,53.7972102733911,-120.2906128744944,0,-Inf
45988,50.65976236660416,-120.1606887604838,0,-Inf
31893,53.74184688489186,-109.62445679953088,0,-Inf
27042,49.56979122507619,-119.98894795094384,106.94019788135593,228.61062
27547,49.99629906838527,-126.90397962683346,166.49004714285715,228.61062
46024,50.622687557502545,-120.03503748254232,137.347809,168.73641
30601,52.62881826609373,-106.63908270501996,0,-Inf
29298,51.52148760203272,-106.53768776200012,0,-Inf
29276,51.50545408151811,-118.40510111988988,216.817215,228.61062
28281,50.63538375106873,-120.65428722655632,166.51123924528304,231.332175
30108,52.20197885716334,-118.9385287980549,64.410135,64.410135
28164,50.535455575503875,-109.97740262624576,0,-Inf
30203,52.29056064138422,-124.5422070271452,0,-Inf
29764,51.90930120577104,-108.6910075682099,0,-Inf
30365,52.427080165653024,-124.783331520739,97.20220455882352,133.356195
27906,50.31436103594024,-112.60846042877527,0,-Inf
30271,52.349612733814865,-112.8107081297785,0,-Inf
31394,53.316735002270434,-116.02832414850128,115.87628890243901,161.47893
29010,51.261603979277425,-124.51583072578067,0,-Inf
48415,51.77023875593658,-122.37737171540071,166.014855,166.014855
31896,53.746131162624806,-110.5576573756407,147.56876,165.10767
26988,49.521635141805746,-118.07503408606864,143.675424375,231.332175
32032,53.859688344819006,-118.10605812905123,97.97598,97.97598
31673,53.54636490752455,-105.21335573255784,126.22831285714285,147.87115500000002
26481,49.08801293675788,-120.50463161437074,113.72211964285715,200.487885
27737,50.17434680619044,-104.35409169027116,0,-Inf
28480,50.80600934597896,-117.88056499662343,176.538201,231.332175
30967,52.94653888896573,-108.86611351481406,0,-Inf
30553,52.58807182399323,-107.75435515772551,0,-Inf
31747,53.613717879750766,-122.35221810051009,113.7950184375,214.09566
29045,51.28713262663223,-126.0366757659358,149.685525,149.685525
31621,53.49382633517962,-120.78799302130938,52.616730000000004,52.616730000000004
26980,49.51913385262014,-109.94490646431224,0,-Inf
46869,50.8974041282628,-121.75570529312004,108.8622,108.8622
29538,51.71399993507657,-116.69078434637048,116.39881384615386,226.79625000000001
29470,51.66556496365229,-114.57137378980406,128.56827416666667,144.242415
28031,50.42686426802538,-105.91861472663004,0,-Inf
27852,50.266544476908166,-110.28358196222688,0,-Inf
27912,50.31963073043153,-117.37049596355064,0,-Inf
30602,52.629143511352595,-125.64159248454962,92.51952904411765,138.799305
31528,53.422654228517786,-113.0810971550527,0,-Inf
28108,50.49359589081723,-113.658815685194,0,-Inf
26154,48.798962051572744,-127.5199092652183,0,-Inf
47246,50.48113891274935,-121.31671789859058,0,-Inf
46128,49.08342121958178,-119.5855322394157,88.790731875,156.943005
30323,52.390991722932085,-126.52488806610928,91.72648333333333,202.302255
26789,49.35727766453056,-121.4726135962992,109.12139571428571,219.53877
30312,52.379002994683105,-105.90381790348329,0,-Inf
27427,49.89770989987301,-104.52093092177527,0,-Inf
31140,53.092652753111906,-122.91485338140046,108.55980500000001,228.61062
31839,53.692833449691534,-106.80505117517896,138.799305,138.799305
28929,51.19415604759706,-121.37565557745984,105.36892201357463,231.332175
26444,49.056893705623224,-118.67360455560264,101.60472,200.487885
30020,52.13255828630645,-123.2376329585677,110.3191940909091,133.356195
26967,49.505276992800646,-121.98931238934163,184.5541695112782,231.332175
3034,51.030549,-121.542217,106.41800092356688,207.745365
27825,50.24977358977776,-109.563628428441,0,-Inf
30856,52.847994148614816,-118.2558176862658,0,-Inf
28572,50.888539691397455,-104.58296187309315,0,-Inf
31174,53.12362023309106,-114.67215116741136,148.77834000000001,164.20048500000001
31567,53.44733474118402,-125.22567619325127,123.8475522222222,160.571745
26492,49.0951490769512,-114.52701690787217,91.2302453846154,228.61062
27685,50.123910775990225,-114.3633613953134,120.99970965517242,129.727455
28335,50.68263682065299,-121.2228441715706,102.18024596774194,228.61062
27990,50.39665711449925,-107.8336523650214,0,-Inf
31983,53.8172337388969,-118.17487141425954,107.955015,107.955015
29882,52.00807614502264,-112.121868365095,0,-Inf
47067,50.46981537204749,-120.25245494435764,75.46129772727274,119.74842
46512,49.24723508938189,-120.0157530275554,117.70725375,214.09566
29239,51.46588593424531,-108.1021644154098,0,-Inf
26561,49.1596434127423,-114.14290907041868,102.88891694805196,136.07775
26484,49.089559656509664,-111.67811734956922,0,-Inf
30134,52.22186679410515,-118.29501157504274,0,-Inf
27006,49.53908015001798,-121.77921606786548,158.27354300000002,228.61062
27640,50.08411043474917,-117.34921625675634,0,-Inf
31565,53.44658170099137,-120.74756885023088,0,-Inf
27183,49.696347262652125,-110.96198380558052,0,-Inf
30003,52.11413587653078,-119.2246257183142,175.00423363636364,228.61062
27214,49.719567390333395,-106.23156377475244,0,-Inf
30996,52.97774340963224,-124.21670147328405,120.33974301619435,156.03582
27745,50.181021754513495,-122.85114140849328,125.68001423076925,224.074695
46575,49.22468084122535,-119.99781133297928,95.8894545,207.745365
29626,51.79536995268427,-121.75319407327332,84.1207909090909,175.086705
31676,53.55314613279188,-114.83727448643184,0,-Inf
26108,48.76612421008758,-126.09088085731491,0,-Inf
29625,51.79529679717962,-122.38954112911595,0,-Inf
26919,49.46780931705143,-122.63689267577138,0,-Inf
47046,49.62697880464796,-119.7867487773714,0,-Inf
26522,49.12594562518643,-122.22356157068862,123.98195,148.77834000000001
29513,51.69725504354574,-115.16162507771514,116.82201677419356,156.03582
28695,50.99459412670694,-107.6155599405174,0,-Inf
26948,49.4909030967392,-112.28602965245956,0,-Inf
30721,52.72738515585661,-118.70908992754994,125.19153,125.19153
47301,49.39916870112788,-119.62889087630828,75.296355,99.79035
31442,53.35337803285802,-117.12472570175304,113.8517175,157.85019
26560,49.15930588566698,-120.85192316723987,0,-Inf
28084,50.4714942597202,-112.6449347922462,0,-Inf
28468,50.79455020924797,-119.04273557086708,190.27219304347824,228.61062
47210,50.871806177526736,-121.43633954292456,141.52086,141.52086
29511,51.69608980586054,-117.94432534696534,0,-Inf
28347,50.691973988490645,-109.93614770221755,0,-Inf
46078,50.65944656320071,-119.9164084231359,86.6361675,98.883165
26509,49.11124670272693,-118.95437907002632,90.23564346774194,228.61062
27216,49.72233156324364,-124.0420837267302,213.188475,222.260325
27381,49.86662499641534,-107.04377703688806,0,-Inf
29643,51.80806922062766,-126.30441069975495,0,-Inf
30547,52.5836318100919,-124.5329352139961,111.99611181818182,128.82027
30370,52.433737296785694,-116.03482929361051,109.4016072972973,134.26338
29107,51.33973707543919,-113.34318439295748,0,-Inf
30949,52.9358867626288,-127.56993546331069,224.074695,224.074695
29733,51.882823460095096,-110.21553404221775,0,-Inf
30240,52.32050940481713,-117.755000315723,107.04783,107.04783
28366,50.70769886649214,-123.9336235159426,183.94255857142858,224.074695
31969,53.80615649872925,-117.93545178871136,90.48588846153847,141.52086
27691,50.13004031300079,-121.7753102533752,228.61062,228.61062
26511,49.11346548749134,-111.3611865551211,0,-Inf
31207,53.1486286612344,-126.19203662977088,130.14744805555557,228.61062
27632,50.07643978187116,-104.01306840480538,0,-Inf
31154,53.10333142592572,-109.783963677648,0,-Inf
31150,53.09946804260835,-104.64279799716314,135.170565,135.170565
4006,50.67453256,-121.2521815,90.73204007462687,186.88011
30347,52.4145682817325,-120.08608825330155,149.118534375,226.79625000000001
29999,52.109939156798646,-116.43492285930552,0,-Inf
31123,53.08174829353811,-125.76268510165391,101.15425572413794,155.128635
28289,50.64255794783821,-103.94920791772893,0,-Inf
46310,50.36897934962888,-120.34394569726923,114.002915,136.07775
29692,51.8501812715549,-118.7869080537348,146.96397,231.332175
28097,50.48193402920151,-113.59691028814996,0,-Inf
46303,50.78719474768036,-120.37088393298576,0,-Inf
31099,53.062449623597786,-123.2672939840122,108.16436538461538,130.63464
28100,50.48503729054937,-114.78675984597066,115.212495,119.74842
30926,52.91359697235748,-123.5098326888401,117.24032029411767,154.22145
26772,49.33621442364529,-110.51897604903206,0,-Inf
27642,50.08614799409406,-122.7835553191835,104.326275,104.326275
30143,52.23483808542369,-119.895603472949,136.6585403968254,231.332175
31241,53.177919196139555,-114.32683187071234,0,-Inf
29313,51.5294187857653,-110.93178736389382,0,-Inf
26048,48.72219320357544,-126.56321644457056,0,-Inf
30288,52.362877439765725,-115.19044096919242,115.1336093478261,138.799305
26679,49.26098185143201,-119.05975046695676,105.91013077868853,228.61062
47128,50.11471847986635,-119.40357250092713,0,-Inf
28660,50.96695721067954,-127.73119238443904,0,-Inf
32088,53.91363745910349,-104.93490307644242,129.2738625,155.128635
28667,50.97172048158245,-115.39966485387411,0,-Inf
30342,52.40905727329664,-105.00939805118831,0,-Inf
31125,53.08355876803398,-123.92652412125608,99.19115990740742,150.59271
47000,50.75901910410124,-120.5292076562321,0,-Inf
26916,49.467426057264674,-109.27115453605074,0,-Inf
28223,50.59262932557613,-113.22511084849248,0,-Inf
32229,54.02527537685819,-122.63699369470125,125.79632,142.428045
28701,51.00078896962805,-122.7026875076699,96.22640892857143,175.086705
26441,49.054831476008985,-114.82230913784588,0,-Inf
28444,50.777437564102,-120.73688407219016,0,-Inf
32305,54.09457114135148,-106.02033621037845,0,-Inf
26997,49.52877413469832,-116.3002636548481,88.83434653846153,156.03582
27223,49.73180703545222,-106.84664265211904,0,-Inf
27789,50.22333994857035,-107.71990554808872,0,-Inf
3037,51.1022311,-121.5640116,123.11547201923076,228.61062
25705,48.4290565950796,-126.58556937635876,0,-Inf
31707,53.580958271049894,-127.88464218808804,166.92204,168.73641
29760,51.90289260470309,-114.83063676353775,115.9684825,128.82027
27041,49.56956929009175,-121.15485825255746,176.901075,228.61062
26711,49.28390521404799,-118.0608011604054,139.32268096153845,231.332175
26418,49.03391681291396,-106.95733133424072,0,-Inf
49655,50.56158718123023,-121.81345486553975,0,-Inf
27499,49.95950467482908,-107.79675842280268,0,-Inf
30725,52.728634483297355,-108.63155629270476,0,-Inf
30343,52.409701303287875,-117.6113816537545,0,-Inf
29093,51.32771939842496,-114.1930285297567,0,-Inf
28614,50.92870904720621,-118.88447393366368,156.701089,228.61062
31643,53.513158186979126,-106.76261151727522,168.73641,171.457965
31171,53.12037296098424,-116.0763182717492,101.66351902777778,157.85019
30800,52.80087558116065,-104.95524841727456,0,-Inf
28352,50.69658869598061,-119.3346478206804,104.326275,158.757375
3023,51.049999,-121.666672,106.140645,106.140645
31098,53.06173099193256,-121.64478098828113,124.02847230769233,228.61062
40016,45.91618601194183,-117.58357996556438,140.26013918682548,239.86215209960938
43610,45.90827430066419,-118.04853266150332,188.27343280498795,349.70556640625
919,48.61415,-119.71036,79.78173806133383,246.58724975585938
19685,42.514570826198906,-106.41074469714658,0,0
18222,41.05442223418504,-118.76970411435468,0,0
15825,38.640229060838465,-122.61980452609714,87.45102411626476,450.5821533203125
51479,35.2,-106.405,67.06872903712662,97.16565704345703
45232,46.05054975927879,-117.67978096260818,144.79313867282013,289.1795959472656
16131,38.93574232875835,-120.88798871380276,178.89478744236777,493.17449951171875
17314,40.137554701184854,-118.9591110002366,0,0
20179,43.0081130816252,-123.435745418421,224.51894037882482,611.9847412109375
1039,37.511502,-119.550052,243.46771695972555,562.66729736328125
15037,37.842794298019726,-118.50226378889056,0,0
17306,40.12573360366514,-115.72514516033698,0.1643917344790152,15.7667818069458
11327,33.68667757866206,-105.8021361620631,0,0
25625,48.36155030375812,-108.3933141438756,0,0
49574,46.82064344898466,-113.97323816045107,38.148910109833665,122.68077087402344
23238,46.08390930580208,-106.65842173754936,0.05830920635341015,26.472379684448242
23343,46.1792202637298,-106.62675849284278,0,0
24416,47.25412051007152,-122.90379877388476,200.88417775830513,455.0655822753906
11190,33.437220171268564,-114.64963023044402,0.07896534917633477,18.92774200439453
50430,40.039,-105.39,36.84818690463833,81.90455627441406
14760,37.579455752216745,-109.69257613894295,8.59429516908086,39.73117446899414
21826,44.671527769591194,-121.64404427795672,258.87217813231337,517.833251953125
49984,34.74224870886479,-106.38755013620286,64.44421381643764,99.75348663330078
13409,36.12213545746636,-116.40827853046358,0,0
43617,45.96885835740876,-118.0219991332622,178.8253539600204,293.6629943847656
14771,37.58913974452298,-122.62349527317564,0,0
47556,45.99404456800157,-115.5024843727845,164.60826940998626,266.9671325683594
18328,41.151640885393135,-114.7354985740385,0,0
45639,42.383512343342765,-112.74716952196232,5.747339472306506,84.66105651855469
15493,38.30355587252416,-117.99315478751669,0.08044986809249513,19.748443603515625
45538,37.473961818396035,-119.59357012033806,349.3393674265206,809.2545166015625
728,42.17837,-122.47371,117.37692166218712,226.41192626953125
50080,39.054,-120.123,92.03845762206493,423.6817321777344
13980,36.76845259719994,-120.54603786522055,0,0
15351,38.16117622895399,-116.56641461781692,0,0
25076,47.883605709299445,-116.1519705489045,108.69758040489215,192.78504943847656
16027,38.839581398817245,-107.94557691231604,1.8602037472007533,29.183462142944336
41686,43.48965731680434,-115.36812930166803,55.456410945774714,108.50274658203125
16983,39.8016000748612,-117.53820921247824,3.3334607572744956,34.31296920776367
15017,37.82524869358167,-123.49569805979264,0,0
45358,41.82623897738985,-115.20798025071458,11.875964352100361,74.77119445800781
15305,38.1201052882825,-121.94400579616196,0,0
11197,33.453777012764476,-109.6258806551341,32.955765899303785,77.20161437988281
47497,46.07107017365794,-115.91322698625876,20.584366251627607,92.79671478271484
13628,36.37259717768757,-111.05212335311808,0.42330104587352346,8.339959144592285
15737,38.546743507205974,-124.30064988415688,NA,NA
24723,47.5705437490833,-106.27318489266328,0,0
21295,44.1293998809997,-114.19471795851132,2.7021842720234535,89.71385955810547
12319,34.88209884031676,-121.13048313604668,0,0
42107,44.33862667616434,-116.10125728493614,92.30786362704852,148.89743041992188
13020,35.670903806982096,-117.59976499166804,0,0
805,44.94253,-117.01232,51.91205964014419,181.577880859375
11762,34.23490747669712,-116.2394878466148,0,0
48741,44.631927320702374,-115.99382482622003,97.55768215550786,129.70298767089844
45652,38.09892201165421,-120.03737776938756,285.8397139474248,690.4443359375
11550,34.00499252177542,-115.1528813445475,0,0
17151,39.96814534952864,-105.43945193127728,57.35103294372557,133.09400939941406
18540,41.36264230473898,-107.37637336348416,0,0
13798,36.556438362866174,-107.59746800776338,1.7573405062808698,15.966760635375977
50424,40.675,-111.603,83.28429157122045,174.45217895507812
1498,47.83894,-120.96229,294.6949762184715,827.18817138671875
25656,48.38766696694074,-105.32776474423008,0.12015183553332973,28.656890869140625
21065,43.8973026125459,-110.4660939743044,58.25378158298671,149.8182830810547
25950,48.63462091929978,-108.7092804054846,0,0
17751,40.57801343390019,-112.02677178801969,0,0
18179,40.998914484574925,-112.77914846036585,0,0
12736,35.360062159597874,-107.28073586191748,14.958319703912954,37.25334548950195
48508,44.045557645214515,-118.60199333549087,104.55299542744953,145.7106475830078
17236,40.05782974010799,-116.05927266890647,17.21223606212952,41.57204055786133
22466,45.30391907459125,-105.99713843589416,10.85037183024762,55.53913116455078
72,39.284766,-105.278067,50.5246121772377,101.62884521484375
43290,44.21635984781128,-116.01582451800137,133.03987752571868,192.3969268798828
45212,44.92166590289564,-119.61649383985136,125.53038063638783,313.83831787109375
50410,38.781,-104.881,42.616978222171184,111.7285385131836
44274,43.44820782196739,-114.97879267818428,6.7093159456168685,75.98707580566406
43606,45.87525061507997,-118.08281528553611,152.57431668582603,327.2885437011719
22075,44.9165626441245,-122.49562453769612,264.28931187220985,634.4017333984375
19868,42.69622351351427,-110.94152394490084,3.9080354715759,109.1436996459961
14083,36.89161925483495,-105.424654810864,45.03893682505057,112.49564361572266
42361,43.670788654718976,-115.11251564875585,51.45361933592402,110.77627563476562
22286,45.125509014120325,-117.29741612361975,56.230189050346716,266.7625732421875
13876,36.651680341456085,-114.19040080544072,0,0
21422,44.24991673132172,-109.68832899205154,57.9522877876331,169.1353759765625
48306,44.76607353677101,-116.18778421489036,71.01893066044148,136.02647399902344
48186,43.79625481278879,-118.76388053665995,83.46753410524617,177.094482421875
25269,48.05410727503477,-110.17750109313056,0,0
23669,46.51208156347275,-123.08774543181062,124.61668040863918,351.947265625
18478,41.30426122905919,-118.07252711447654,0,0
49724,44.48193934431708,-116.94772640190432,21.216459072188805,107.6017074584961
13249,35.94438284996431,-115.19184340379434,0,0
13511,36.23705993592739,-110.01456776360284,20.18682113756932,47.065677642822266
19051,41.87696543533821,-105.68062009400457,0,0
18403,41.21438077412313,-106.5633291847771,0.7287199843822582,33.913631439208984
23737,46.57403142732801,-112.2708462169976,64.32712046305343,125.73872375488281
43173,44.4357444691475,-115.7913620526117,109.19303178157053,172.28099060058594
20403,43.23037216445664,-115.3398741321871,0.4099581383711433,75.847808837890625
45750,48.07853746428849,-114.54031238738511,86.90749401992632,147.60252380371094
25042,47.85399046353996,-111.17708956758725,0,0
40139,43.82199320520619,-118.84197931657444,104.68055424648054,154.67745971679688
41257,44.98515224086261,-117.33679163825424,168.5988277165237,302.62982177734375
48878,46.89817221204417,-114.1671329798676,33.399611155192126,117.07453918457031
18347,41.16929637582507,-105.26624490023823,22.21751958329157,102.83585357666016
21704,44.54064616933465,-120.10202410072088,23.94926367644426,186.06129455566406
24175,47.00423214730108,-120.44673467526444,0,0
22665,45.494050933630206,-108.89904095139354,0,0
49240,47.5104235597087,-115.59396170221665,141.38236034021966,198.90576171875
20649,43.48241654474987,-110.4892380972742,15.718701549976355,116.95629119873047
25636,48.36805287335301,-104.07729916169774,0,0
10417,32.10716968821362,-110.65405079867924,0.47303785360776507,10.725858688354492
40800,45.88243273581056,-117.75252424550838,128.37317626450093,282.4544982910156
13580,36.309876658488065,-105.8735599341453,8.900454255452772,15.498095512390137
50740,36.256,-115.645,63.07581443618572,118.43665313720703
11699,34.15809124766383,-121.37152383796638,0,0
41501,44.6532679591681,-116.9622231218056,91.64803925904937,212.9617156982422
18435,41.24964369600639,-109.68264692812228,0,0
10467,32.17994822387118,-108.65148673363728,0,0
1144,47.83629,-117.23732,40.871778403949534,88.59500885009766
25406,48.169648022332694,-117.11327007471118,69.81840287267634,140.00880432128906
17741,40.56544585956726,-118.7426609476679,1.1029080102512105,27.33237648010254
50280,36.583,-118.752,239.17509259046852,647.85198974609375
21900,44.73513584706234,-118.54845118219964,173.09603747100502,329.5302429199219
15316,38.12974118773127,-115.98281445080649,0,0
23554,46.3986408325145,-122.26632941898424,196.95239355711809,553.70050048828125
44476,43.86878679747066,-115.33681041653185,54.94909641021661,104.11524200439453
45468,47.745794069103134,-114.5362257764753,28.28611803264875,98.5889892578125
22976,45.82109167258022,-120.7878577161464,4.548599571723018,69.4927749633789
24385,47.2276842748397,-114.51181211159565,104.14059544657614,136.2345428466797
1561,44.06934,-118.78682,133.75322918400104,188.30299377441406
42823,37.52099356190535,-119.71672427825808,392.5250372529556,941.51495361328125
51334,39.568,-105.244,50.37567719777423,105.76459503173828
22494,45.3307275553816,-112.28081965306774,48.21223170130978,140.62449645996094
49756,46.91768044882073,-116.1229132953796,87.6210946867952,167.1630859375
48719,44.99017728665101,-116.20502165009704,105.42941828048941,195.1775360107422
13614,36.35392789862817,-119.1553810245241,0,0
12274,34.82751056004781,-120.74843344994588,0,0
15606,38.42575498990482,-113.77077719691442,0.006356247248512161,2.8666675090789795
19378,42.210541196982376,-117.4014896687586,0,0
22342,45.198381730297115,-116.74113954097264,53.49846095740131,215.2034149169922
19112,41.949943186191376,-105.72300087945769,0,0
48879,46.90701341461646,-114.22747438315544,88.68810444547418,147.56045532226562
636,48.41881,-118.25933,79.80931198019289,137.5868682861328
11150,33.37163557490567,-108.85056927526604,11.773477744845618,108.68740844726562
18744,41.570846889633685,-114.09874498064164,2.833549736344364,29.90999412536621
14063,36.868933363992255,-110.3887390466989,1.3445642135955482,8.983170509338379
16897,39.710907285043504,-105.82040339964442,36.24617263458607,141.1049346923828
14662,37.471716443658806,-118.27507136197528,3.294834731954388,29.938905715942383
20735,43.56455739878584,-120.65034706686856,1.3064225346310492,60.525962829589844
20728,43.55793105909834,-112.77716846129624,0,0
25346,48.118018070061225,-113.99527005822164,54.369954359266444,122.44405364990234
12678,35.29497040150454,-106.11205036030152,6.91947829775874,23.710947036743164
40304,45.83097077628107,-117.72424520517016,136.98632095875863,284.6961975097656
50067,32.949,-105.748,110.01903297117096,167.69215393066406
40349,48.18294663267132,-118.79159682012632,86.78488223878297,138.7838897705078
42558,47.07723004595676,-116.891927881144,103.70737357908,163.49432373046875
11855,34.344044169352856,-115.06133427930764,0,0
15322,38.1337734797271,-119.78604422928764,114.46013473309083,186.06129455566406
25842,48.54269150760956,-117.58381509309402,154.38161750388352,212.04940795898438
49410,47.01840126430806,-114.43569487537384,65.22731452355006,139.76126098632812
23664,46.50690821086755,-124.27490086236504,0,0
12962,35.61787316878326,-112.61508609703742,5.920759386011307,20.416120529174805
48024,33.62105762014151,-105.36143893234728,89.53462145297021,167.39791870117188
22302,45.148121624893975,-117.1223993381136,121.0668032823411,327.2885437011719
43822,47.99391600352001,-118.7558618037576,70.46242730312937,166.0646514892578
11828,34.31054166337708,-116.17417743097758,0,0
13708,36.46364697231911,-121.0445931519498,0,0
23362,46.19879811047576,-119.54555640154284,0,0
45123,46.868798210211416,-116.633413774078,98.05129337942377,166.8887939453125
24663,47.50413279281929,-124.42464219743852,0,0
47032,48.4030103612302,-120.29781511310529,95.64596547512028,284.6961975097656
50327,31.884,-109.207,31.55999539343868,79.22123718261719
18578,41.39574687468121,-114.58830181905068,0,0
2087,43.623356,-115.271301,62.61321354125695,119.01375579833984
24084,46.91910268255742,-109.26672511635115,9.354962082747608,97.55506896972656
40744,45.721124224251824,-117.57106474032908,112.54038404418407,186.06129455566406
20204,43.024757195671555,-107.23976437066447,0,0
10901,32.95727432257263,-114.8880692149396,0,0
41413,45.738549384656494,-117.27396119679584,74.53290657630338,170.36936950683594
21589,44.43037403566995,-108.26855934626656,0,0
17785,40.60502365400316,-120.3775017890148,0,0
17876,40.695084081962705,-119.07155447959668,0,0
19448,42.28950643813005,-107.3832818857627,18.601739778160756,129.63421630859375
50390,46.701,-114.001,17.491915157562342,85.467041015625
42374,43.68260342275358,-115.17991216788631,50.92778651761701,112.39776611328125
42029,43.545579688516845,-115.3195894112243,46.155732651951595,121.58826446533203
20587,43.42228638171218,-113.5006635048776,0.043066504775293876,19.509126663208008
50910,39.731,-105.248,21.77730006872942,69.0090103149414
14872,37.67565664090216,-111.01389631687198,0.0637260146488418,16.827648162841797
50147,36.737,-118.967,348.08242973007685,1499.6988525390625
324,39.245629,-105.26326,41.40098577263081,62.26089859008789
22066,44.906497865740675,-121.6464844510192,230.7221382764265,490.93280029296875
21750,44.589697947201785,-112.838623514981,10.86903453608441,103.7178955078125
17207,40.03084240027238,-119.13928179163486,0,0
47861,39.87251153387993,-121.14489713978264,265.9288019804752,580.60089111328125
45425,41.923185328044205,-115.5119790072916,5.693295367242982,79.81999969482422
41412,45.75532072689507,-117.281589986907,76.26747354996941,170.36936950683594
44542,36.61372241719728,-118.81052162844075,239.392032884341,1602.817138671875
23535,46.38000291358912,-120.1823525535874,0.06958721270846713,31.383832931518555
12653,35.27185404743068,-109.90569293597946,0,0
15110,37.922881761798635,-119.82580823433818,117.22726627818325,282.4544982910156
50848,40.191,-121.119,119.42114797738891,387.81451416015625
21381,44.210053145186976,-123.67127942549996,359.2698278889257,620.9515380859375
13394,36.11081447388278,-117.40070565434873,0,0
11868,34.356804484152235,-107.8978022428928,13.03227769168079,38.52739334106445
17931,40.74287246196763,-122.10357872658642,165.77215387542253,513.349853515625
17387,40.20008270611288,-120.61742720089389,128.82349010062433,224.17022705078125
40130,43.77881682113529,-118.82220728287538,86.09429201688575,123.29362487792969
18417,41.23270395270083,-105.7549302711268,0,0
23386,46.2245397704537,-114.71585831564153,126.2149604007536,202.73471069335938
1602,46.90522,-121.08755,169.45186438602678,313.83831787109375
43802,48.25184311249963,-118.7728803999096,95.11646705273756,154.85877990722656
323,48.73167,-119.17528,91.6172758262063,142.624755859375
10183,31.69722521159565,-105.69674439326629,0,0
45762,48.13018293007883,-114.52636279953698,96.68993268814766,160.13021850585938
41988,43.7059768317607,-115.28455399895776,79.3552628865852,123.56140899658203
21001,43.82566634967225,-107.76622065226547,0,0
16004,38.817476398602594,-114.50961537560217,0,0
17146,39.96607053664047,-110.56090797530489,16.020542525408548,64.30123138427734
250,45.10372,-121.46297,176.05298396760392,437.1319580078125
16256,39.06176795682404,-119.8024447747739,12.874641779306762,69.4927749633789
43988,48.3170775935147,-118.07541529960037,74.71500165994064,151.41802978515625
23802,46.644161367672496,-113.32670697127467,7.509953032506186,88.22351837158203
41526,43.656834129239385,-115.1488719888207,51.84767421436731,106.75765228271484
11636,34.09373295685509,-120.88287223805672,0,0
16330,39.150025104521774,-107.50145604112186,60.43999014215153,142.7735595703125
42008,43.66815901506884,-115.62077057933662,31.609564806507702,76.61505126953125
18012,40.83076543925563,-106.20364781003444,0,0
25333,48.10456287767738,-124.68914474186022,154.17765410635906,768.90386962890625
44909,45.051807632513466,-117.4419130025265,179.51394093719347,291.4212951660156
49350,47.40102433601706,-115.1130406238433,127.54581251839141,176.4100341796875
22031,44.867864121391904,-121.43739703122992,19.091583938261763,138.9855499267578
16181,38.985543990449514,-119.2456729162368,0,0
17376,40.19332646892872,-108.8163895662292,7.28813397831855,22.02742576599121
47422,47.08774087071666,-116.86712518505664,68.56351550104355,160.6310577392578
49593,46.89452157491692,-113.8578056628345,71.74968531681938,123.64822387695312
20566,43.40694239892764,-110.31646843114868,31.185291197652546,146.6286163330078
15982,38.803766072378494,-109.43703312642174,1.4731961541471295,17.167892456054688
40436,45.37625118267936,-118.16997616755296,81.85430002107269,165.88597106933594
50794,37.966,-104.997,51.32101485434542,120.94417572021484
16769,39.57950888975756,-105.07650277222274,2.396315553732088,60.21947479248047
10944,33.031699044513516,-111.21267562900904,0,0
48454,43.96387885027389,-118.79864218010356,98.35839179959066,154.67745971679688
43702,46.1614792446405,-117.2722075644252,59.54614550862108,188.30299377441406
10299,31.892782018054277,-106.50072317896412,0.05175164526542732,12.002408981323242
24302,47.14922251703683,-109.83517207985278,0,0
12955,35.60991283762269,-112.34458410472143,0.24023477306449958,10.104939460754395
19346,42.16977851744741,-104.48916384240148,0,0
13730,36.48840299411677,-119.51831321720964,0,0
16982,39.8013526169816,-112.34242225665366,9.054603734205486,30.4718017578125
17611,40.437750821351074,-109.0407956103445,3.6311506519781034,47.6229133605957
13738,36.49347343237605,-114.66525451943744,0,0
41099,45.99185698077087,-117.6027759334427,142.34067338349794,316.08001708984375
24319,47.16899803082924,-117.10472090786789,0,0
43873,47.9770380303549,-118.6441229065078,33.77112679754577,162.5990447998047
1557,44.09766,-119.10747,133.57180760869917,183.81959533691406
41671,43.53018549314213,-115.40117652978972,67.420558081264,115.52692413330078
40273,45.7157229716302,-118.00425554283648,140.7719769509423,273.4876708984375
40676,45.766407627521865,-118.14527760824188,184.03732624853953,351.947265625
23391,46.22750447754515,-111.7893138647778,58.01349614404621,125.46135711669922
18860,41.68853797996417,-115.32420597336022,3.494309397985878,87.48442840576172
17094,39.91700121335453,-110.92746770905796,52.26881230615937,119.57051086425781
45779,33.85346049402297,-110.91305198928544,90.98959676776312,152.0498504638672
43329,44.44046351903114,-115.8296325338642,100.70019352889435,172.28099060058594
46780,41.869583152649376,-115.47478730683376,21.1077988100368,89.82099151611328
14307,37.11434611468576,-118.21081701182992,0,0
10228,31.78177437814884,-112.13231144071324,0.2905415167608532,12.95113468170166
51397,40.963,-105.578,70.17168951774647,154.6143035888672
19406,42.23705074458849,-108.9765382577898,0,0
21691,44.52983958570985,-121.86181802436477,233.73943580929932,506.6247253417969
11079,33.24926912103547,-110.78185240842868,16.454823546588543,103.96484375
1398,47.1252,-120.9293,220.1992156144028,515.591552734375
19076,41.90447314194171,-120.59647429146573,54.85751689793254,109.84341430664062
22316,45.15982120804256,-106.87584775872529,0,0
42609,46.12105255430437,-117.69857016777436,171.84899774345067,271.2459716796875
17046,39.86283598461887,-122.62189630733336,1.7451849318387327,69.4927749633789
12559,35.14521373086609,-104.6448810424772,0,0
21102,43.92830588412471,-109.12783960113302,68.48588756966389,132.49392700195312
47456,47.56653288280112,-116.94591945668267,79.6092098311872,171.33203125
43270,44.38308321388136,-116.07530387389876,93.7793873751137,141.15371704101562
15212,38.02838647610042,-111.45339416415663,63.586703817224645,122.01062774658203
45465,47.72718719032121,-114.55502354926216,20.848109921694835,95.38214874267578
12181,34.719827367633116,-114.287760909996,0,0
18825,41.645162383210845,-113.68804718053434,0,0
51045,35.668,-105.876,67.49221151948237,124.47511291503906
50497,36.274,-115.671,58.788126017028524,116.24320220947266
18921,41.74389275367139,-118.0457683961722,0.22268566443167573,60.525962829589844
21674,44.51335519365966,-114.16472097573568,0.43357544282151145,48.833377838134766
14794,37.60519475315232,-105.05906284862432,9.796080614839276,51.24933624267578
26249,48.89356197102461,-104.66195137234172,0,0
21488,44.324449478881434,-120.82885091140632,4.132056135741809,94.15149688720703
12361,34.93247041408904,-117.15728397201748,0,0
40423,45.58804112217126,-118.09084270073704,154.0911678356129,307.11322021484375
41108,46.13918191192403,-117.70815692071643,201.04556175046673,291.4212951660156
17067,39.88906136940932,-116.4948563342332,0,0
16076,38.89248289039824,-122.16723215591628,0.7422855368776294,42.592342376708984
14819,37.62869716715067,-117.84946703125024,0,0
17119,39.9442862875876,-106.6057114743744,15.978451803160697,77.38056182861328
25385,48.14593166107079,-125.84985499636969,0,0
10912,32.97384758538101,-107.75979379029012,75.52249531398544,215.01907348632812
18472,41.29362163558835,-109.45346095808782,0,0
12769,35.393505282641854,-105.90252870618131,0,0
11596,34.052901968650986,-109.5614798606257,51.40693497132621,169.1499786376953
24666,47.507519295148086,-104.79579429206206,0,0
45462,47.70921969728795,-114.54960612299762,15.747673185911465,88.75257873535156
15107,37.9193954487564,-111.06980943086091,2.78519115994154,29.780963897705078
19923,42.747560101386625,-108.92630793113494,92.11708868127543,175.29110717773438
15811,38.62486547010485,-103.98954605520704,0,0
45675,43.53063299276589,-114.45270807077348,30.80316236634918,89.47587585449219
44777,44.862697173739264,-119.6314548256073,101.73765503333901,280.2127990722656
43877,48.03828987639418,-118.6217001680348,76.92071907110676,175.72735595703125
47950,40.31276547983951,-120.7525771638664,163.11267910814396,260.0374755859375
47782,48.13014017313949,-114.51002486831544,85.21556166930344,155.43719482421875
50351,32.949,-105.738,110.66676811168067,167.69215393066406
21430,44.26301260688342,-115.56427943869494,83.92982054919733,132.79354858398438
18629,41.44211596995592,-110.3628826670465,0,0
19620,42.44616139907157,-120.8249432700104,137.4894292049997,235.3787384033203
22917,45.75369889038848,-107.30177781335078,0,0
47382,46.10592758677459,-117.66657906485692,164.49919681591362,286.9378967285156
19041,41.86599325609859,-121.55514002975542,0.9360954703865542,56.04255676269531
18416,41.23067797202384,-119.12264885473996,0,0
25315,48.09076120285317,-116.00546305213356,93.60876274529961,196.07327270507812
21481,44.31747731141513,-113.93336031236686,13.860546589950323,122.45201110839844
23712,46.54656018491369,-106.3987264483003,0,0
14799,37.606404005608056,-120.2673342868802,3.1769820796469728,134.50213623046875
40231,45.39952522505578,-118.10088693744288,91.50490560825692,197.26980590820312
20985,43.80824591527926,-112.76947632507654,0,0
12677,35.29478979628766,-115.77633576403603,0,0
48950,34.46897527404205,-111.07789957587528,90.95642565628292,148.27084350585938
13164,35.84952638106188,-110.60683772887567,0.0638092830117825,10.320547103881836
11557,34.011079172603786,-117.30465836275836,0,0
352,48.65861,-120.55528,151.08580883990282,338.4970397949219
16638,39.4532972315792,-115.78743665653748,0.08697575028105779,16.362552642822266
41601,43.488782667468705,-115.45809403562258,54.68596447066753,107.07324981689453
24073,46.91368666279595,-119.62700924678938,0.44439032634449666,71.7344741821289
25501,48.25144489656668,-108.79643120185938,0,0
42808,45.294346196272066,-116.89406779263452,83.1306169988825,221.92852783203125
41044,46.07407335047094,-117.4344626173985,81.01235624136908,347.4638671875
43093,44.363467432382464,-115.94921458514096,96.82729383292177,161.2454833984375
1357,46.47149,-120.97473,98.39295592287034,203.99490356445312
24686,47.52774138638051,-118.11208896286551,0,0
651,48.0178,-118.78411,69.52902318533918,161.41946411132812
25751,48.459609579178505,-108.31013963388978,0,0
51193,31.913,-109.268,64.23226342611754,133.2822723388672
14693,37.49973969330313,-112.14461196493356,24.75451213389904,40.48905563354492
13800,36.55764715495752,-119.17046512675006,17.99274028736155,134.50213623046875
647,48.24756,-119.14069,87.40639411639961,153.40335083007812
13748,36.50711175944889,-112.84380839648657,0.4028325986125356,10.773035049438477
49565,46.791853703329714,-113.50824552014288,57.033281904786506,103.03760528564453
15062,37.869533899996895,-123.25875266065124,0,0
794,45.29099,-118.9674,38.06935063629477,130.01873779296875
41040,46.21447668230872,-117.75226658627362,151.51299808169372,253.31236267089844
22462,45.297828870185185,-109.65806371654617,66.51072024246444,153.107421875
23877,46.72803992085392,-104.20786780136405,0,0
47188,47.36378533386275,-116.8814522125376,25.162917009290748,177.094482421875
19373,42.203200309188105,-108.21876942773817,0,0
41724,43.83659100635878,-115.47211442306524,49.77043822368334,100.63243865966797
646,48.07147,-118.79486,73.48038415594415,163.73538208007812
11717,34.180657858087216,-117.54610083048463,37.250942635325266,260.0374755859375
15855,38.670887518674135,-112.08778181212256,8.185124338200641,45.7741813659668
50903,39.468,-105.252,46.89930060886607,110.6742172241211
11082,33.25321398873348,-111.20558370219078,0.01766405917785976,0.9572746157646179
14953,37.76501666702097,-119.06438302272,209.79958306453614,325.0468444824219
14899,37.70720105577493,-123.68537044490222,NA,NA
14975,37.78246488375589,-117.97377842268908,0,0
1302,47.75026,-117.20738,26.28094230077967,129.8372344970703
42190,43.72903430786835,-115.14824283782605,55.39776842814708,109.64762878417969
24847,47.68909823411377,-123.973299311765,414.26460744424116,876.505615234375
19993,42.81888357317075,-113.1144086571294,0,0
1609,42.80901,-120.96813,65.94091911739774,114.32682037353516
19818,42.64241854735883,-121.72570244502276,76.23762926446184,109.84341430664062
1599,47.04891,-121.24813,246.1083001964418,425.9234313964844
24421,47.26362510561012,-120.80868254392408,166.2076278753891,271.2459716796875
25095,47.90291286277352,-105.12601582851494,0,0
18346,41.1689508073614,-111.53249589679764,18.656683603922524,70.94940185546875
19525,42.350049437605776,-119.73547362076351,3.721324777497878,105.3600082397461
16363,39.1876787939691,-104.68715467961738,0.23869388849199677,49.575042724609375
49689,45.027552511317865,-117.3549329612363,169.81271106284726,354.18896484375
24617,47.465181106410455,-109.9690473441733,0,0
16763,39.574386801512446,-108.4921939887572,15.607629592032763,64.819183349609375
22992,45.83300727565074,-119.79419588035672,0,0
12777,35.39602996321628,-116.50486770377027,0,0
15788,38.5901020799065,-111.41355469840346,4.927833404121814,42.98328399658203
20032,42.85928920120932,-123.5660253103706,247.04645778639198,603.0179443359375
11163,33.397312123910524,-107.8748118817457,60.55358300230051,92.634124755859375
21860,44.69987913704245,-107.35636235057608,88.49462082111734,134.63742065429688
16231,39.03668993676547,-124.4283616556786,NA,NA
48109,32.46694314906577,-110.7428787854259,47.483158467358095,130.6897735595703
22700,45.52910736121703,-115.89894227415787,108.45539567754135,159.42306518554688
1698,48.1272,-120.15098,141.30642276620762,271.2459716796875
48614,44.81944646706216,-116.3166908051018,101.29693157332287,175.93768310546875
791,45.34784,-118.16881,27.897837063289405,221.92852783203125
20331,43.15347330679651,-108.62771436141338,0,0
16663,39.47975014097756,-107.56915886705974,26.587879611327576,56.46262741088867
44464,43.772323154906886,-115.39293807026822,51.243965266559634,111.36367797851562
21625,44.46090391284088,-124.08836978545878,67.82877674186815,791.3209228515625
26175,48.82057033787714,-108.54444109788164,0,0
14762,37.58180145354709,-118.14505912992172,41.43320879327043,114.79995727539062
15903,38.727351816836745,-115.83228770288406,18.755839356260324,39.84539794921875
10995,33.10060437209904,-113.22667704487684,0,0
25839,48.53690192307113,-117.19693557691062,129.80518567929704,204.947509765625
15276,38.08779333851999,-110.28937926329672,0,0
17272,40.09735954378266,-109.6256376831443,0,0
16115,38.92588652076665,-116.99333203985589,0,0
15786,38.589701473596506,-104.20231932820752,0,0
23609,46.45272706047399,-114.39144417154604,55.11871166945032,131.97743225097656
24052,46.8958229800337,-123.83878703182565,258.81292573365874,381.0893859863281
18025,40.84399898402626,-116.51293906313369,0,0
14728,37.5466844891198,-117.31997228896944,0,0
17206,40.02910417813109,-121.68915977468714,181.49905804644575,394.53961181640625
12629,35.238327965838835,-105.64884933992288,10.813943536602634,47.60968780517578
23820,46.66552648099605,-119.8540984041756,3.2413134795940444,107.6017074584961
23323,46.16527609247714,-105.69717099709668,0,0
14765,37.583844113803934,-112.34215263451917,46.04390028394792,96.80513763427734
18982,41.80480908683967,-119.14691819163272,0,0
48900,47.26521473047022,-114.15234244297172,5.501231656634875,96.28278350830078
21348,44.18089859018801,-118.23388354550116,46.26555460149597,159.16085815429688
427,39.080568,-120.416609,218.08986130435906,979.6239013671875
18376,41.192448652815074,-121.74571585003288,240.3016000319157,571.63409423828125
50542,39.735,-120.968,226.40698516710958,672.51068115234375
48983,46.77326862770936,-114.02326689334342,16.574047860846058,94.304412841796875
40689,45.75218832403069,-117.70561081978808,142.89491376392627,224.17022705078125
47495,46.0427673877657,-115.85845390282893,69.45425246150496,192.8974609375
41266,44.97790781442757,-117.11136010576506,164.07384628766437,217.44512939453125
25703,48.42845120537095,-121.94256018241867,265.987360395524,587.32598876953125
21895,44.73015516821761,-110.609900710464,45.33177108705982,119.97496032714844
11369,33.75488361821044,-112.0021952073439,0,0
12761,35.38586782274069,-111.3902438118239,13.055091213706318,29.881427764892578
46710,48.95207216767454,-119.71924657275768,67.42882549605174,457.3072814941406
47598,45.89729948620255,-117.7631472109163,159.48746925000316,282.4544982910156
24033,46.88111138768727,-122.88262140622828,144.60461192194066,246.58724975585938
16920,39.73186878400156,-116.4350622399943,0,0
45183,42.20854326304228,-113.71575134213832,31.743770435156403,97.90424346923828
41893,43.60039142198569,-115.29596688651571,70.01770758049902,123.24751281738281
50400,44,-123.084,83.6688232421875,405.74810791015625
12389,34.95713964570314,-106.97642295865808,0,0
48054,39.20721466672368,-104.95645739357433,50.82230868318555,153.5635223388672
10341,31.968862408713903,-112.25889737845864,0.13188482906324786,11.264400482177734
40852,46.00308356421564,-117.869949531822,148.94754777574755,347.4638671875
41592,43.60951597600163,-115.31214252460325,84.80123770842226,124.85426330566406
24644,47.49244999064831,-104.32225815852873,1.1613037596715232,79.42821502685547
21903,44.738146194431465,-122.25604006805224,326.26687689587067,842.88006591796875
16059,38.87300380761735,-121.47908753168304,0,0
12223,34.763053115748335,-106.83342649810947,0,0
41112,46.09201168558886,-117.4321881481838,101.85858834528267,277.9710998535156
44675,45.10322567419641,-117.3652448054736,77.34119328090118,367.6391906738281
12253,34.80378636106616,-110.9150572725921,4.979079362054232,28.400501251220703
13952,36.73608186491765,-110.56292983650928,10.09170348213633,37.56332015991211
43620,47.74683834573581,-118.05710411722578,18.62489234403366,177.094482421875
41453,43.85158551615101,-115.60220196227934,44.23571888570511,92.27188873291016
51443,47.3,-120.711,178.24255059518038,253.31236267089844
40912,46.08087961139043,-117.68687563012908,170.48814085566704,289.1795959472656
49199,47.152766752069994,-115.7902554858321,107.26946687068184,160.3858642578125
10336,31.953781737363897,-114.11132487334544,0,0
1641,45.28636,-116.95014,82.75083943461325,215.2034149169922
24558,47.40980181313353,-121.35359728091862,238.8922274423224,468.5157775878906
51194,39.397,-105.076,73.82409994581107,145.0094757080078
41427,42.06265094579189,-121.32371897950529,62.55534487148737,116.56851959228516
47031,48.39652813782595,-120.2858369232101,88.97529266475314,237.6204376220703
25231,48.02462772693252,-116.52063426596578,56.54177334034342,168.65386962890625
536,38.694548,-120.515566,313.88791838789405,641.1268310546875
47035,48.478823254494394,-120.11000557665744,78.52901392911386,251.07066345214844
43558,45.40478745229784,-118.15419237432172,109.91764192391696,197.26980590820312
43263,44.25850545296188,-116.19772786046993,95.47077054179188,145.16925048828125
49796,47.08018207417952,-115.84105825782912,116.56291324766711,177.87002563476562
14282,37.088711518386845,-120.12366107053822,0,0
19630,42.463132353674155,-111.5915536718676,77.02737338986017,114.61676788330078
18874,41.701849923469126,-104.68821795313852,0,0
24702,47.545832017262,-114.1861597581883,0,0
51133,40.637,-111.482,41.805090275486016,102.18933868408203
43015,39.346909995181896,-105.25603695330538,39.57467534783652,88.25341796875
19646,42.481228302640375,-114.15257673768792,0,0
18532,41.353990007250104,-123.70141954027348,289.1056961562607,459.5489807128906
43951,48.81814209967915,-118.20732318022084,94.64133382742263,156.72071838378906
43684,45.802856457330414,-117.62861341317,152.37142580550235,201.75320434570312
15229,38.051711873791646,-118.79219943244244,2.6672539816028773,26.477439880371094
44741,46.8913001799816,-116.81165221056276,34.890111454820165,128.28565979003906
20315,43.142661487625446,-107.97309535642852,0,0
24567,47.41582609154284,-118.70817657874431,0,0
44273,43.44310606853853,-114.9619402702488,6.3169902305770975,76.357574462890625
17957,40.77707359858323,-113.72892016073456,0,0
18831,41.653998307243455,-119.04085564496928,0,0
17514,40.337925189116504,-119.82451976509763,0,0
42678,46.82474549699598,-116.87703888250086,148.5279144893418,356.4306640625
21816,44.65661148971412,-111.51004572509557,33.6723900636037,110.89508056640625
49948,34.65216197171525,-106.43977053987751,61.73066095221643,98.64381408691406
10135,31.611805650987662,-111.94489826564676,0,0
50352,44.568,-123.396,110.03063243824046,313.83831787109375
12535,35.12439363100566,-112.84934697771678,12.724102681954,24.180936813354492
12118,34.655572090588976,-105.12188967509428,0,0
15022,37.83143333677435,-123.9355612784857,NA,NA
1273,45.9769,-121.041,109.17039641300661,228.6536407470703
49282,47.25508899357742,-115.4050124987668,114.87834215268981,184.20730590820312
45732,41.80637784758951,-115.3432585951467,12.609076144153189,87.01586151123047
18595,41.40749838750344,-121.1327475659782,61.58522854689714,150.19406127929688
15012,37.820520440873224,-115.4386501130648,3.042624673129187,30.07914161682129
11006,33.118345749448054,-114.66183742904104,0,0
1478,47.10897,-120.95277,276.089834456927,515.591552734375
21048,43.88557005580515,-110.95679828670109,77.20510956677907,149.85379028320312
20276,43.10299351543654,-109.73466675903182,17.973909514591046,119.40043640136719
40066,45.96662447616772,-117.5562158492734,118.0596964579846,257.7957763671875
12327,34.891660651075654,-121.94544683489949,0,0
44879,46.06907291594712,-117.68188052714711,160.76914876975766,289.1795959472656
14633,37.44648985430831,-108.01720175996888,45.11368096541509,155.5381622314453
20163,42.99304794106865,-110.7696102973423,63.16819747958642,134.21713256835938
1316,45.89095,-121.14449,163.57514117572808,284.6961975097656
43682,45.77293100713346,-117.56957738141696,117.85514845016515,237.6204376220703
44729,43.10787181345044,-116.7648963401459,69.77421888275812,195.02810668945312
43126,44.353620565906354,-116.19712402361216,116.32666932668116,191.46109008789062
10938,33.02365526347421,-109.6086177036632,4.714368899136975,15.396528244018555
24966,47.79576996329706,-119.16996726574143,1.491176386761762,544.733642578125
49685,45.021820291399465,-117.35007870969578,182.48148077069916,354.18896484375
25123,47.926524721842725,-111.02262366673676,0,0
11821,34.302535758994054,-111.81191230280092,33.874781439262144,70.11872100830078
41668,43.534682412602386,-115.50282331819238,56.05654430389404,113.63497161865234
14924,37.734872768924106,-124.58695915603312,NA,NA
10520,32.27395699132467,-114.48644829232944,0,0
20052,42.87892312958138,-119.18564625218278,0,0
23180,46.01171493623406,-123.1025693982374,210.57650894939775,376.6059875488281
21033,43.85967602318851,-114.4736743005924,47.174168691761146,111.75309753417969
18685,41.50930386962136,-122.30956629413411,52.11834151750109,147.9523468017578
13237,35.929377626627684,-110.2613291828311,0.18415173054808262,10.177009582519531
16224,39.030989773978945,-104.09674850624288,0,0
43528,45.45727737999976,-118.38854506160986,147.98197836182717,233.1370391845703
10996,33.104876150377095,-107.37271450721892,0,0
488,45.42786,-118.16547,131.4619541337005,199.51150512695312
21863,44.701207081845496,-120.35208299005173,17.013184477951352,40.350643157958984
48613,44.80597527170782,-116.28625186938976,91.34511409382245,138.4738006591797
45586,41.902258870000765,-115.34741011460213,3.5972043473199657,73.272369384765625
16185,38.988996990257874,-109.68132671067724,1.7900009752653243,19.894800186157227
16233,39.03867528180126,-122.87681902444456,0,0
22045,44.88628528511617,-109.09299724869196,0,0
18708,41.53669238323346,-119.25630961393472,0.13917442541693426,62.76766586303711
21478,44.31647816760233,-118.66649703518488,165.03175374169712,257.7957763671875
26212,48.85549732070649,-104.26978640560992,0,0
19925,42.74873857811326,-104.63968907069648,0.37292375438538905,25.856904983520508
25310,48.08445406897226,-126.44234733533813,0,0
26026,48.702382966002915,-107.6347257712041,0,0
17694,40.50659227796132,-107.98230102157686,5.435010036182823,30.20647430419922
49296,47.279587073008514,-115.53031314358,123.7114010865468,200.60801696777344
25319,48.09285275300499,-123.4877903642482,152.49031205303845,468.5157775878906
50274,46.679,-114.041,2.5460677983467894,63.808067321777344
19393,42.22293798887404,-104.81649923336226,0.041310308258528515,18.71356964111328
48623,44.8355355996352,-116.28896065467735,86.5714183136657,122.8226547241211
45614,47.81871739326984,-114.59512288088852,0.5476741078135731,56.93002700805664
14987,37.79369539162144,-112.55680416087851,20.01051507498085,57.82492446899414
21971,44.799456290493254,-121.71979767549784,245.183111337515,533.525146484375
22362,45.219759002444334,-117.26106137549505,95.10434572702046,248.82896423339844
43008,39.851014685697606,-121.046463123,211.9868509153656,508.8664245605469
10552,32.32903366087703,-111.05932027514793,0.02880110066984421,5.696802616119385
21253,44.07988546456909,-123.13931853004031,0,0
48435,43.91592942680843,-119.0648088665246,106.57735665428717,177.094482421875
10722,32.63074181886623,-107.36907920544036,0,0
16882,39.6981345032691,-121.40601602871902,240.24234785172376,937.03155517578125
15293,38.10787649964914,-122.4975905623287,0,0
25222,48.01539943716489,-114.49767968425294,95.27309761895064,157.18203735351562
43333,44.14622067488462,-116.06384340646756,92.93278276051909,146.4691925048828
1481,47.73803,-120.48454,139.42499624580006,484.20770263671875
2038,44.665491,-116.86794,54.16879513411398,116.8072280883789
45142,32.90856764110461,-105.64849400873878,87.6240425024904,143.3504638671875
1459,47.98253,-120.34264,118.00360523417555,219.68682861328125
42200,43.78250932336664,-115.28337307328788,67.92148735248938,127.68144989013672
15402,38.217119805223774,-118.27732613810804,0,0
10616,32.43955701217055,-110.72616930137156,61.539317005446875,143.4661407470703
23010,45.84865592827555,-115.34191399760311,144.35354763454862,188.3256072998047
26005,48.68461172422394,-114.11494153452804,75.68423135601662,133.49362182617188
11350,33.728090626362246,-113.98997372505256,3.3066476022960013e-4,0.14979113638401031
50793,36.256,-115.646,63.42705380729072,118.43665313720703
14242,37.05695982027101,-113.05792218266288,9.483469374904562,28.872737884521484
12030,34.53398677095538,-106.44594291283283,17.006285093954496,48.132469177246094
12235,34.778744803508744,-106.0700023493264,0,0
17457,40.281560271338094,-105.21048667223658,1.0350902127903834,79.50634002685547
12539,35.133065241214354,-115.61508126638364,0,0
20925,43.7611974219908,-123.88592919940128,272.34958640297657,511.1081237792969
50545,34.248,-117.228,184.06756551286816,392.29791259765625
42117,44.3440513636007,-116.141679235511,97.00491765115115,191.46109008789062
15937,38.76031113072531,-104.6655246950104,0,0
10963,33.05103270307882,-112.851587163168,0,0
21988,44.81659431871958,-120.47181455459211,16.48863594737273,44.83404541015625
13682,36.42666146985721,-120.5529796310002,0,0
25428,48.185084927710705,-110.99114583578194,0,0
19584,42.407596144708805,-121.3079997645691,27.302148730353927,94.15149688720703
15816,38.62852711271262,-108.43186095607234,24.40805084296484,53.22083282470703
16025,38.837705473648384,-114.37484258948824,5.900899418724902,38.97615051269531
43998,48.50037408258183,-117.93085629685116,52.25861639259136,128.74147033691406
42802,46.12768170487435,-117.65682700005732,169.1790906517906,291.4212951660156
41573,43.65787645948777,-115.05897875672996,45.5753610459718,107.03239440917969
48805,43.725519420449245,-114.96041964229627,45.56559251793687,124.5931396484375
17710,40.5189621366444,-112.71231843205167,7.332353718512885,33.66008758544922
12827,35.459679462597705,-119.87706023908686,0,0
50651,40.402,-121.619,236.1460365107661,407.98980712890625
42822,37.51919241556339,-119.73252796175456,329.29323164481946,925.82305908203125
21574,44.40965092286933,-117.40470972209005,0,0
12978,35.6287082527997,-105.53167905384907,115.20650942690739,163.5907440185547
20453,43.28162862133467,-117.6436682579806,0,0
43133,44.348293457784266,-116.13149575568576,91.37913345606393,175.70912170410156
23154,45.987242180039175,-122.42470152856548,175.94146619043065,663.54388427734375
43875,48.02414356963329,-118.6062410923471,90.32869270628531,175.72735595703125
51214,34.088,-116.884,163.0875380631331,378.8476867675781
17784,40.60441921750317,-111.6755020416458,33.938253666804314,162.5616912841797
2399,44.189548,-116.005948,119.77039611445059,173.59854125976562
11905,34.396803729003295,-108.56379936158191,3.820307365316427,17.262935638427734
24345,47.19342970778234,-111.71499647560996,7.388561419459325,127.3265380859375
45128,46.88805717517197,-116.61873431931625,126.91627596737294,166.8887939453125
15298,38.1148835249478,-123.60935188166331,0,0
10657,32.50111762963934,-105.77967076643836,0,0
1663,47.67855,-120.7299,167.03151064297185,329.5302429199219
50835,38.789,-104.904,50.33674872947842,109.89970397949219
21655,44.490128932811785,-110.03460521803936,120.45744419518019,199.91253662109375
12639,35.249535319569986,-120.13956834911367,18.46311551529839,123.29362487792969
16712,39.531387471128255,-107.60635560657828,8.214354837890223,50.153560638427734
42341,43.49609758137444,-115.17983414469654,41.020054425250066,97.1545639038086
11194,33.44464321201667,-104.10044392221609,0,0
14245,37.05944657284999,-122.22739618929336,82.34420870682014,387.81451416015625
344,48.06194,-120.06722,103.53490592737107,253.31236267089844
23020,45.85953781072749,-123.23160580586408,169.06089318901417,416.9566345214844
40653,45.45794653752694,-118.281211571317,128.32137448477164,224.17022705078125
25724,48.441631404915825,-112.62465205049376,0,0
13767,36.52419239474693,-122.01086271699752,0,0
49251,45.979267195561995,-115.24447791514493,159.64998325902457,211.0724334716797
44884,46.09691232392228,-117.76515282210605,145.63112178557205,260.0374755859375
51141,39.709,-105.297,32.16765260906468,65.77583312988281
25582,48.331540216633584,-119.6350915885414,2.315930886510711,71.7344741821289
21982,44.80900738877244,-121.17417500173906,12.731083649449658,69.4927749633789
13104,35.74357830011286,-113.07254061644198,15.210913207620447,32.701107025146484
47427,47.229432326496635,-116.8470799701302,110.58019789638901,295.9046936035156
40745,45.80250578662184,-117.71469768188594,143.8187522133628,255.55406188964844
17986,40.804983529029414,-113.4716564604896,0,0
40239,45.51396088657893,-118.10467539613596,155.2739210445971,282.4544982910156
22081,44.92597713257419,-114.3095456144074,73.37666493510159,137.62176513671875
49617,38.00489849254239,-119.3515481150256,109.60199891813515,255.55406188964844
42686,46.797051014939605,-116.7223934572948,71.00760477506206,163.07041931152344
45490,47.714148218610816,-114.3051565531199,2.8102986749294785,65.89506530761719
23757,46.59985246043652,-109.29394108592533,0,0
49676,45.006550418887365,-117.1876866781166,142.76286092413682,226.41192626953125
43694,46.126645928255115,-117.25562709532409,112.959083094996,311.59661865234375
13492,36.22241648455383,-111.24902500485769,0,0
42598,45.91797278258797,-117.88049729041352,157.8798909616993,298.1463928222656
41533,43.63732689930874,-115.3886296266538,84.13706613058574,133.92214965820312
10391,32.04871134145651,-106.23909430962522,0,0
24311,47.1534840723034,-109.70532873104094,0,0
25881,48.57458641589619,-121.5697004259564,302.34279509622263,717.3447265625
45180,42.0806514399475,-114.12044774504258,0.6169788673553125,63.55909729003906
15500,38.315708957845345,-113.54659631103276,32.788044304974314,50.68104934692383
40517,45.41885696855654,-118.28752863175004,91.16256077242214,183.81959533691406
47718,45.928611877580664,-115.70282347078412,146.36834785848788,188.07962036132812
25575,48.324118025484495,-125.38383259577677,0,0
21037,43.867888668435626,-119.01267396239564,87.93990773776555,161.40257263183594
24981,47.81197860609973,-106.55731637100688,0,0
51349,36.583,-118.734,234.4278660868551,1096.1923828125
20557,43.39419272670057,-107.02954666467848,0,0
43810,48.27996458307923,-118.75706639888357,85.8935030759036,156.27099609375
2067,44.738067,-116.625366,81.72504343545387,123.36891174316406
19155,41.98484509123955,-111.53233457467286,53.93644717302803,101.54762268066406
43695,46.1300927354666,-117.27290846340858,127.6927197464799,316.08001708984375
42070,43.83749652202191,-115.5883059473742,40.50823234711716,78.14586639404297
49937,34.09836527094551,-107.18543643325928,24.363944087259544,47.2646484375
21486,44.3215230712085,-110.8980072880513,68.95665420338544,107.75834655761719
14181,36.979403271281626,-107.5752671409282,16.86591616100735,30.69371795654297
23319,46.1617654474685,-104.6211625986616,0,0
11367,33.75024492602097,-105.9368159896112,1.0688702503490086,43.11277770996094
45335,41.70857834902198,-115.31114831705108,6.666691566518054,87.48442840576172
50162,36.636,-118.808,309.84868615104205,2205.8349609375
44901,45.02804461081792,-117.32147281540205,189.63710450704122,354.18896484375
521,45.79167,-117.08333,100.76749445484803,226.41192626953125
11456,33.90033881762065,-107.55680559139,48.382401991520645,80.60640716552734
44613,45.01881271306885,-117.43370415622296,169.00138804004555,260.0374755859375
41060,46.09200249893215,-117.7489191864442,141.47522154951514,289.1795959472656
42241,43.85348966400001,-115.48243153285556,46.39086417015022,100.63243865966797
47968,32.72081067139683,-105.72926828445564,80.75413103863194,153.5355987548828
12147,34.682146407081746,-110.84683941624826,6.668065267512452,19.16956901550293
45533,37.279839779992614,-119.42373385646766,263.77528468732777,663.54388427734375
48892,47.188300894773,-114.1280944623998,11.322658112118425,94.53263854980469
14902,37.7088060923852,-107.3972015476902,65.11342184643611,155.0146484375
44583,45.89565540370493,-117.8106214197623,190.07458155044634,284.6961975097656
42178,43.554386014813645,-115.05848273653922,59.2638585779281,119.78070831298828
49152,47.24408845699427,-115.9975733995003,126.68999808895428,187.37991333007812
49392,47.666542108332074,-114.82364990625727,120.2193673087637,186.87916564941406
49335,47.37117145684028,-114.96600855212724,122.8587707065801,200.5213623046875
43517,47.56609981122151,-120.6192844873922,75.85006059194086,217.44512939453125
43794,48.17649115457554,-118.77283717696932,91.75014591637162,153.72120666503906
47428,47.25540149944916,-117.08270734867216,40.3605388784512,224.17022705078125
22348,45.20264353288803,-117.74852351780282,60.34622664759576,172.611083984375
1006,44.05936,-118.77009,141.39512640999274,192.78639221191406
45573,41.81341394220269,-115.49296145579608,11.46445928030457,94.51363372802734
14239,37.05385795107577,-119.77594385197152,0.15273137354588684,69.4927749633789
26321,48.95113746140851,-119.57132941769667,16.666784551759392,183.81959533691406
40559,45.4424449639845,-118.07647336964692,114.92327968825781,237.6204376220703
12905,35.54323481628671,-117.97369346651249,0,0
19172,42.00005898432573,-116.466841733607,0,0
44971,45.225052207051355,-116.90442704835552,129.5931573829904,210.7200164794922
25655,48.387039532652125,-117.69687271973817,114.12298100592024,211.3562774658203
43637,46.05979093830389,-117.90590398548368,182.3116269940448,284.6961975097656
19677,42.5084756797296,-111.94698828994296,43.69997316825577,85.94390106201172
17334,40.15829461836256,-110.27511416072956,0.030623108816788078,13.657906532287598
10858,32.8533075817395,-110.44844586926048,3.0261923872065153,9.339120864868164
48641,44.86992097387981,-116.31820665711186,99.10183618979215,132.02252197265625
45628,42.23596540593137,-112.44909568993629,15.810879460009895,84.11151885986328
18590,41.40094403515104,-117.205449722067,0,0
25018,47.83697956026299,-119.12228070915444,3.5594597421250738,147.9523468017578
20470,43.297572426788975,-115.7009578642319,0,0
12207,34.7495375747676,-108.23957248905208,4.859319183620277,32.286521911621094
1190,46.02252,-121.37555,137.0277901373969,208.4783172607422
40511,45.58509889119964,-118.27823938473142,114.92788966252249,237.6204376220703
41653,43.80283375717538,-115.31995456923664,76.08208611778227,124.26834869384766
50768,39.88,-121.198,194.40816114645096,638.8851318359375
17797,40.61370135395555,-119.20694055926288,0,0
490,44.97606,-117.53683,152.04074360515568,197.26980590820312
50752,38.752,-104.843,29.93003998476412,164.10452270507812
48937,48.191129023668765,-114.38816501318492,7.526536272061592,105.6992416381836
40449,45.63529533789849,-118.19637030310388,153.44526554469766,217.44512939453125
43938,48.14957600373639,-118.43630832297303,108.99854745274098,169.1642303466797
42568,47.115065930325535,-116.96966104324126,53.61982160331929,147.55325317382812
41130,46.15708358929349,-117.73117784383406,169.49924072466408,235.3787384033203
49696,45.0841445321789,-117.37906433671203,103.8441438716939,367.6391906738281
10535,32.29586853220826,-104.14201209525343,0,0
15191,37.99908474285621,-122.20059007668168,0.14382603738160313,65.009368896484375
47156,33.8762405508443,-109.28443604685972,52.15377063452529,126.08312225341797
24247,47.09109085384989,-109.32614084723173,8.106340609983219,99.35554504394531
22345,45.20097100152634,-109.35313883295748,79.92325700489829,163.3568878173828
40981,46.086506815163105,-117.89863353377292,197.59076296403106,331.7719421386719
945,47.79015,-117.58021,60.6782454265401,129.66903686523438
13393,36.10975933395093,-115.78004985966254,0,0
40024,45.89171238289829,-117.6875777174104,104.8133743081315,233.1370391845703
19319,42.14389731432311,-117.47920634923504,0,0
49812,47.13179752269944,-115.8762451258418,110.31914081197858,171.05857849121094
23247,46.09404844866367,-111.32036490086466,2.817391614998347,66.04908752441406
11358,33.73633865674492,-115.03876499063335,0,0
50189,32.958,-105.737,110.38186800874625,156.5485076904297
50265,46.705,-113.965,45.16256423163832,94.376556396484375
22019,44.85154202702688,-113.17220273031852,45.90654317095441,118.8556900024414
22938,45.77900225465419,-108.16319969459435,0,0
47518,47.28240605975222,-116.70176401881194,97.41469267772459,161.10121154785156
10586,32.39564858417725,-110.7766319446382,34.532762171679984,124.1432876586914
49035,44.99256326055615,-117.0552165758002,155.33416942982936,217.44512939453125
19151,41.98187696636887,-123.8661076388671,181.5286186260181,394.53961181640625
13633,36.37980269524269,-121.87719093356282,143.40475833573538,394.53961181640625
22303,45.14816262864042,-107.28874059632652,0.34898225308517195,47.86207580566406
13014,35.666805141139776,-119.3914682357572,0,0
49946,34.64867122626085,-106.4390447899612,63.19802058615329,98.64381408691406
42405,43.75340041766019,-118.8292562330192,92.27357947198966,197.26980590820312
22444,45.284792488324456,-106.01238101359922,13.979142932639771,53.30183792114258
13585,36.3194750820403,-113.5111223544227,9.0103683282208,18.816669464111328
48786,43.1911517737001,-115.34455302763772,0.5603179679568125,76.7788314819336
11254,33.54698724404443,-107.67598666617414,0.05560431785667728,13.864476203918457
50816,36.527,-105.221,50.62500029828576,126.95825958251953
14186,36.98493230238091,-124.02404972020304,NA,NA
47460,47.632876248920574,-116.8964168086804,61.66813613584381,132.69432067871094
14153,36.955976708442904,-122.69544659700476,0,0
41278,45.06551637714493,-117.33939956521242,125.02786677433912,508.8664245605469
40873,46.02283251479945,-117.75370340122876,158.68684756913376,295.9046936035156
40568,45.491042240467856,-118.16853154746164,153.02333983030616,246.58724975585938
12566,35.15655864175642,-107.3921607111115,3.503935572865241,18.47185707092285
43152,44.38731262271979,-116.18208259933272,110.66275152688499,172.219970703125
17617,40.44177553162445,-122.62284139974508,0.1187656815215191,53.80085372924805
16045,38.86044316930929,-104.55220670852576,0,0
40005,45.85280389892619,-117.777771670299,100.75261592021035,219.68682861328125
43107,44.32451807424532,-115.91023264206592,112.02213997967475,180.67169189453125
17280,40.10287686140509,-121.1755230378476,240.68855858270183,526.800048828125
1001,37.344453,-119.506744,256.8941581642234,618.7098388671875
43660,46.236972457604715,-117.80485285738476,120.70134998943307,255.55406188964844
15373,38.189607526757754,-112.75792581931456,23.86432227126345,57.86589050292969
50880,40.211,-121.163,137.68199855115475,569.39239501953125
41499,44.66370364221994,-116.8971606138506,76.82477047169104,116.8072280883789
49807,47.124055806272104,-115.8974746256512,113.17492749722516,166.8877716064453
17781,40.59874059044523,-118.07123362919084,0,0
15245,38.070506005955394,-105.46628559724196,0,0
31,33.816588,-110.926355,76.14810710320091,151.6485595703125
197,43.92367,-119.40054,109.1753561680943,181.577880859375
23320,46.162400938919745,-118.9450923660188,0.23258279964623915,38.10894012451172
20581,43.4192814399139,-104.8515021536732,0,0
50172,44.928,-116.09,49.91088782977851,128.1570587158203
