elev2,lat,lon
1076,45.91618601,-117.58358
1396,32.63074182,-107.3690792
1955,38.18960753,-112.7579258
628,49.35307838,-119.6050093
1774,38.09892201,-120.0373778
1808,43.82199321,-118.8419793
1656,36.86893336,-110.388739
690,50.63302123,-120.170303
1884,38.98554399,-119.2456729
1188,37.11434611,-118.210817
1177,44.86269717,-119.6314548
880,47.36378533,-116.8814522
1603,37.54668449,-117.3199723
90,31.95378174,-114.1113249
631,52.68717558,-109.7687885
1369,51.87681198,-115.1243615
1977,44.34405136,-116.1416792
NA,36.52419239,-122.0108627
1075,48.27996458,-118.7570664
2573,41.81341394,-115.4929615
2614,33.87624055,-109.284436
1934,45.06551638,-117.3393996
1798,44.38731262,-116.1820826
915,50.66474158,-121.2420775
NA,49.99692299,-127.4161486
2432,38.07050601,-105.4662856
654,51.03309,-121.43594
1939,42.51457083,-106.4107447
1490,46.05054976,-117.679781
710,43.00811308,-123.4357454
414,50.66322763,-119.8834964
1241,46.82064345,-113.9732382
2103,40.039,-105.39
928,36.12213546,-116.4082785
1835,51.49236121,-118.9526567
1606,42.17837,-122.47371
937,47.88360571,-116.1519705
2402,41.82623898,-115.2079803
848,49.01834465,-109.5688826
458,50.65976237,-120.1606888
532,49.99629907,-126.9039796
579,34.00499252,-115.1528813
539,52.62881827,-106.6390827
814,48.38766697,-105.3277647
1756,44.04555765,-118.6019933
2382,39.284766,-105.278067
2094,38.781,-104.881
668,51.90930121,-108.6910076
2037,44.76607354,-116.1877842
803,35.94438285,-115.1918434
1451,44.43574447,-115.7913621
1622,44.98515224,-117.3367916
1095,45.49405093,-108.899041
979,32.10716969,-110.6540508
1897,41.2496437,-109.6826469
763,48.16964802,-117.1132701
914,46.39864083,-122.2663294
534,45.82109167,-120.7878577
2029,45.33072756,-112.2808197
575,50.17434681,-104.3540917
1366,45.19838173,-116.7411395
698,48.41881,-118.25933
1460,43.5645574,-120.6503471
1286,45.83097078,-117.7242452
1143,47.07723005,-116.8919279
1853,35.61787317,-112.6150861
599,34.31054166,-116.1741774
NA,47.50413279,-124.4246422
1683,43.623356,-115.271301
605,50.42686427,-105.9186147
1449,52.62914351,-125.6415925
1385,46.701,-114.001
2309,39.731,-105.248
1599,40.0308424,-119.1392818
1457,45.75532073,-117.28159
1419,40.191,-121.119
1556,40.20008271,-120.6174272
1494,48.73167,-119.17528
1439,43.82566635,-107.7662207
2688,39.96607054,-110.560908
2495,39.1500251,-107.501456
1679,45.05180763,-117.441913
1040,47.08774087,-116.8671252
1253,45.37625118,-118.1699762
1582,43.96387885,-118.7986422
93,36.48840299,-119.5183132
1113,49.05689371,-118.6736046
641,49.50527699,-121.9893124
2706,39.91700121,-110.9274677
2561,40.963,-105.578
1617,41.90447314,-120.5964743
1192,47.56653288,-116.9459195
1927,41.64516238,-113.6880472
2403,37.60519475,-105.0590628
1587,46.13918191,-117.7081569
2479,32.97384759,-107.7597938
1266,47.7092197,-114.5496061
1994,43.53063299,-114.4527081
1640,52.84799415,-118.2558177
1487,46.10592759,-117.6665791
3063,44.31747731,-113.9333603
1188,35.2947898,-115.7763358
1885,43.48878267,-115.458094
1033,46.07407335,-117.4344626
773,48.45960958,-108.3101396
569,36.55764715,-119.1704651
1589,46.7918537,-113.5082455
641,51.46588593,-108.1021644
2095,42.20320031,-108.2187694
117,49.53908015,-121.7792161
854,33.25321399,-111.2055837
762,47.68909823,-123.9732993
842,52.11413588,-119.2246257
2198,41.16895081,-111.5324959
1156,52.97774341,-124.2167015
886,35.39602996,-116.5048677
2540,44.69987914,-107.3563624
1047,48.1272,-120.15098
1987,39.47975014,-107.5691589
763,49.6269788,-119.7867488
1483,40.09735954,-109.6256377
172,46.89582298,-123.838787
851,46.16527609,-105.697171
1748,39.080568,-120.416609
1292,44.97790781,-117.1113601
928,49.4909031,-112.2860297
650,49.3991687,-119.6288909
217,44,-123.084
1249,46.00308356,-117.8699495
2077,45.10322567,-117.3652448
1648,49.15930589,-120.8519232
1634,45.28636,-116.95014
624,48.02462773,-116.5206343
725,50.69197399,-109.9361477
601,50.65944656,-119.9164084
2271,40.637,-111.482
1147,41.35399001,-123.7014195
1647,43.14266149,-107.9730954
1285,40.7770736,-113.7289202
2508,34.65216197,-106.4397705
809,45.9769,-121.041
1887,37.82052044,-115.4386501
998,45.96662448,-117.5562158
2162,42.99304794,-110.7696103
1685,43.10787181,-116.7648963
1857,34.30253576,-111.8119123
1502,42.87892313,-119.1856463
1310,45.45727738,-118.3885451
1378,45.42786,-118.16547
1608,38.98899699,-109.6813267
1670,42.74873858,-104.6396891
1663,47.27958707,-115.5303131
2431,37.79369539,-112.5568042
667,32.32903366,-111.0593203
725,50.67453256,-121.2521815
1413,44.665491,-116.86794
964,53.08174829,-125.7626851
2355,36.256,-115.646
752,50.78719475,-120.3708839
105,43.76119742,-123.8859292
538,36.42666147,-120.5529796
1333,42.40759614,-121.3079998
2374,43.72551942,-114.9604196
1927,37.51919242,-119.732528
2846,35.62870825,-105.5316791
1063,52.36287744,-115.190441
2163,34.39680373,-108.5637994
1556,32.50111763,-105.7796708
2036,43.49609758,-115.1798341
287,45.85953781,-123.2316058
2387,39.709,-105.297
2579,50.97172048,-115.3996649
1251,53.08355877,-123.9265241
2942,38.00489849,-119.3515481
1304,46.12664593,-117.2556271
2132,43.6373269,-115.3886296
2133,38.31570896,-113.5465963
679,47.81197861,-106.5573164
545,54.09457114,-106.0203362
2199,41.98484509,-111.5323346
2545,44.32152307,-110.8980073
1608,45.02804461,-117.3214728
1530,45.01881271,-117.4337042
1871,37.27983978,-119.4237339
1676,49.28390521,-118.0608012
935,48.17649115,-118.7728372
215,37.05385795,-119.7759439
997,35.54323482,-117.9736935
1654,46.05979094,-117.905904
1399,41.40094404,-117.2054497
783,46.02252,-121.37555
1603,39.88,-121.198
920,48.149576,-118.4363083
124,37.99908474,-122.2005901
505,47.79015,-117.58021
1440,46.09404845,-111.3203649
1185,45.77900225,-108.1631997
358,50.6965887,-119.3346478
81,35.66680514,-119.3914682
2064,33.54698724,-107.6759867
1124,45.88243274,-117.7525242
2523,41.70857835,-115.3111483
1323,45.9082743,-118.0485327
661,50.89872287,-120.2846529
2378,52.55082596,-126.3660488
631,50.81030429,-120.7619828
312,34.34404417,-115.0613343
269,46.38000291,-120.1823526
1154,46.16147924,-117.2722076
1484,35.14521373,-104.644881
1278,41.23067797,-119.1226489
734,47.75026,-117.20738
1569,39.735,-120.968
439,53.47868446,-104.5736608
1939,49.86812698,-116.4869154
403,39.03867528,-122.876819
2280,43.65787646,-115.0589788
658,52.18000458,-108.5905095
829,53.94977526,-123.5141269
1268,32.85330758,-110.4484459
2653,32.958,-105.737
1533,45.49104224,-118.1685315
280,40.44177553,-122.6228414
1622,40.10287686,-121.175523
1820,44.66370364,-116.8971606
2066,33.816588,-110.926355
1391,43.41928144,-104.8515022
1201,41.05442223,-118.7697041
713,38.93574233,-120.8879887
2620,37.511502,-119.550052
1808,40.1257336,-115.7251452
982,46.08390931,-106.6584217
1832,37.57945575,-109.6925761
597,51.09127264,-107.8550844
1842,41.15164089,-114.7354986
76,36.7684526,-120.5460379
1684,38.8395814,-107.9455769
2,38.12010529,-121.9440058
1536,51.52788918,-124.3660246
NA,34.88209884,-121.1304831
878,35.67090381,-117.599765
2548,39.96814535,-105.4394519
2843,40.675,-111.603
2106,43.89730261,-110.466094
2354,40.05782974,-116.0592727
756,50.53545558,-109.9774026
1963,43.44820782,-114.9787927
2225,43.67078865,-115.1125156
1659,43.79625481,-118.7638805
2229,36.23705994,-110.0145678
1959,43.23037216,-115.3398741
944,46.89817221,-114.167133
1523,47.51042356,-115.5939617
2348,36.256,-115.645
1380,32.17994822,-108.6514867
1947,40.56544586,-118.7426609
1902,43.8687868,-115.3368104
1995,47.22768427,-114.5118121
1238,53.85968834,-118.1060581
121,36.3539279,-119.155381
2181,41.94994319,-105.7230009
1692,33.37163557,-108.8505693
1532,43.55793106,-112.7771685
2666,32.949,-105.748
2569,38.13377348,-119.7860442
2611,33.62105762,-105.3614389
1241,49.51913385,-109.9449065
1625,51.71399994,-116.6907843
1196,51.66556496,-114.5713738
751,50.26654448,-110.283582
1286,44.43037404,-108.2685593
732,53.42265423,-113.0810972
2006,36.737,-118.967
1737,39.87251153,-121.1448971
2154,36.61372242,-118.8105216
245,44.21005315,-123.6712794
1739,43.77881682,-118.8222073
1445,31.69722521,-105.6967444
62,52.39099172,-126.5248881
977,45.10372,-121.46297
583,49.8977099,-104.5209309
1492,47.40102434,-115.1130406
1342,46.89452157,-113.8578057
2414,37.966,-104.997
1837,31.89278202,-106.5007232
1810,39.80135262,-112.3424223
803,47.16899803,-117.1047209
1565,45.71572297,-118.0042555
2237,33.85346049,-110.913052
2167,42.23705074,-108.9765383
1193,45.15982121,-106.8758478
1748,44.38308321,-116.0753039
2763,35.668,-105.876
729,48.89356197,-104.6619514
2128,39.88906137,-116.4948563
1928,41.29362164,-109.453461
2016,37.91939545,-111.0698094
841,48.03828988,-118.6217002
1839,44.26301261,-115.5642794
1227,41.86599326,-121.55514
882,46.54656018,-106.3987264
850,53.44733474,-125.2256762
343,46.91368666,-119.6270092
1840,44.36346743,-115.9492146
1748,50.12391078,-114.3633614
1348,53.81723374,-118.1748714
772,50.46981537,-120.2524549
1400,46.21447668,-117.7522666
1639,43.83659101,-115.4721144
979,34.18065786,-117.5461008
2771,37.76501667,-119.064383
1416,42.81888357,-113.1144087
1411,42.64241855,-121.7257024
734,49.71956739,-106.2315638
2470,39.5743868,-108.492194
2123,38.59010208,-111.4135547
822,53.55314613,-114.8372745
1603,44.81944647,-116.3166908
2048,43.77232315,-115.3929381
2279,38.72735182,-115.8322877
1926,38.92588652,-116.993332
1433,40.84399898,-116.5129391
2753,37.58384411,-112.3421526
1334,41.19244865,-121.7457159
1625,51.69725504,-115.1616251
542,33.75488362,-112.0021952
1534,45.89729949,-117.7631472
1600,34.95713965,-106.976423
1981,43.60951598,-115.3121425
1941,34.80378636,-110.9150573
922,47.3,-120.711
1447,47.40980181,-121.3535973
1551,38.694548,-120.515566
878,48.47882325,-120.1100056
1085,49.1112467,-118.9543791
NA,49.72233156,-124.0420837
1045,51.80806922,-126.3044107
1379,52.58363181,-124.5329352
1964,41.65399831,-119.0408556
109,44.568,-123.396
1580,47.25508899,-115.4050125
514,52.93588676,-127.5699355
731,51.88282346,-110.215534
718,45.89095,-121.14449
1858,33.02365526,-109.6086177
1215,53.8061565,-117.9354518
259,46.01171494,-123.1025694
1340,50.13004031,-121.7753103
1141,44.70120708,-120.352083
1312,44.88628529,-109.0929972
NA,48.08445407,-126.4423473
225,48.09285275,-123.4877904
1427,44.79945629,-121.7197977
123,44.07988546,-123.1393185
1840,44.14622067,-116.0638434
2509,32.90856764,-105.648494
1945,32.43955701,-110.7261693
852,50.36897935,-120.3439457
2054,34.53398677,-106.4459429
1701,34.248,-117.228
915,48.18508493,-110.9911458
2180,38.62852711,-108.431861
967,49.33621442,-110.518976
1396,44.40965092,-117.4047097
748,51.52941879,-110.9317874
856,48.02414357,-118.6062411
1140,49.26098185,-119.0597505
520,47.67855,-120.7299
1152,33.44464321,-104.1004439
1136,45.45794654,-118.2812116
NA,50.96695721,-127.7311924
1799,35.7435783,-113.0725406
915,50.7590191,-120.5292077
937,46.79705101,-116.7223935
1615,36.22241648,-111.249025
1759,51.00078897,-122.7026875
1201,45.41885697,-118.2875286
2389,36.583,-118.734
2240,49.52877413,-116.3002637
1200,46.13009274,-117.2729085
1953,36.97940327,-107.5752671
1356,53.58095827,-127.8846422
1559,46.0920025,-117.7489192
1064,47.18830089,-114.1280945
708,47.24408846,-115.9975734
976,47.2554015,-117.0827073
907,48.95113746,-119.5713294
1643,42.00005898,-116.4668417
2269,42.50847568,-111.9469883
691,47.83697956,-119.1222807
1028,45.58509889,-118.2782394
1572,44.97606,-117.53683
1147,47.11506593,-116.969661
1373,47.09109085,-109.3261408
1133,36.10975933,-115.7800499
412,33.73633866,-115.038765
896,47.28240606,-116.701764
992,51.049999,-121.666672
1645,43.75340042,-118.8292562
1390,53.06173099,-121.644781
1460,39.06176796,-119.8024448
1586,46.02283251,-117.7537034
1653,37.8427943,-118.5022638
1943,39.054,-120.123
1282,40.99891448,-112.7791485
2173,36.30987666,-105.8735599
439,46.19879811,-119.5455564
1021,46.22453977,-114.7158583
879,53.55767436,-115.469513
1508,44.51335519,-114.164721
1001,49.25118143,-110.5715415
2177,39.18767879,-104.6871547
949,49.56657524,-112.4521282
1358,47.08018207,-115.8410583
1087,47.10897,-120.95277
971,46.679,-114.041
298,45.98724218,-122.4247015
1411,51.47645993,-122.753091
2084,36.636,-118.808
1829,50.61543292,-116.7315506
1536,52.71659917,-116.8031775
1065,50.90775913,-121.4949046
1987,38.86044317,-104.5522067
1702,37.344453,-119.506744
2021,50.37488185,-121.9600265
1797,43.92367,-119.40054
673,51.56295725,-108.4002959
576,38.64022906,-122.6198045
876,50.77924433,-120.5375514
807,49.38654598,-120.1609416
1137,49.74087921,-109.0768685
937,46.17922026,-106.6267585
2282,34.74224871,-106.3875501
1151,45.96885836,-118.0219991
1860,42.38351234,-112.7471695
1062,51.0593756,-114.019706
1881,43.48965732,-115.3681293
2152,33.45377701,-109.6258807
1454,53.79721027,-120.2906129
639,53.74184688,-109.6244568
1007,44.94253,-117.01232
2290,41.3626423,-107.3763734
564,51.5214876,-106.5376878
834,48.63462092,-108.7092804
1395,50.63538375,-120.6542872
1548,44.21635985,-116.0158245
1079,45.87525062,-118.0828153
1845,45.12550901,-117.2974161
806,48.05410728,-110.1775011
2121,41.87696544,-105.6806201
1158,48.07853746,-114.5403124
2324,41.16929638,-105.2662449
851,50.31436104,-112.6084604
827,52.34961273,-112.8107081
1032,53.316735,-116.0283241
2150,36.583,-118.752
1138,47.74579407,-114.5362258
1890,44.06934,-118.78682
512,53.54636491,-105.2133557
NA,34.82751056,-120.7484334
1665,50.80600935,-117.880565
1916,41.57084689,-114.098745
594,52.58807182,-107.7543552
1233,53.61371788,-122.3522181
946,48.54269151,-117.5838151
2371,45.14812162,-117.1223993
588,36.46364697,-121.0445932
1080,48.40301036,-120.2978151
1462,46.91910268,-109.2667251
1991,50.31963073,-117.370496
1567,40.60502365,-120.3775018
2192,43.68260342,-115.1799122
2083,39.245629,-105.26326
1006,50.49359589,-113.6588157
1777,35.27185405,-109.9056929
1056,36.11081447,-117.4007057
2199,41.23270395,-105.7549303
729,49.08342122,-119.5855322
73,49.35727766,-121.4726136
1434,46.64416137,-113.326707
1859,43.66815902,-115.6207706
1001,53.09265275,-122.9148534
2873,43.4069424,-110.3164684
1701,39.57950889,-105.0765028
1187,47.14922252,-109.8351721
2357,40.43775082,-109.0407956
1800,44.09766,-119.10747
1316,45.76640763,-118.1452776
1733,44.44046352,-115.8296325
1507,44.52983959,-121.861818
1842,46.12105255,-117.6985702
2731,38.02838648,-111.4533942
1058,51.030549,-121.542217
894,44.32444948,-120.8288509
462,38.89248289,-122.1672322
1858,35.39350528,-105.9025287
3008,42.7475601,-108.9263079
1960,40.31276548,-120.7525772
2042,41.44211597,-110.3628827
568,50.88853969,-104.5829619
256,37.60640401,-120.2673343
2253,34.46897527,-111.0778996
904,48.2514449,-108.7964312
1140,46.47149,-120.97473
1088,50.68263682,-121.2228442
922,48.24756,-119.14069
NA,37.8695339,-123.2587527
2150,49.15964341,-114.1429091
1313,48.07147,-118.79486
1669,50.08411043,-117.3492163
NA,37.70720106,-123.6853704
1228,53.4465817,-120.7475689
1134,47.04891,-121.24813
1794,42.35004944,-119.7354736
87,45.83300728,-119.7941959
1012,51.79536995,-121.7531941
NA,39.03668994,-124.4283617
931,45.34784,-118.16881
NA,44.46090391,-124.0883698
206,33.10060437,-113.226677
1705,38.58970147,-104.2023193
983,40.02910418,-121.6891598
1789,41.80480909,-119.1469182
1357,46.77326863,-114.0232669
698,50.99459413,-107.6155599
1819,35.38586782,-111.3902438
1947,39.73186878,-116.4350622
2161,39.20721467,-104.9564574
606,47.49244999,-104.3222582
2165,36.73608186,-110.5629298
1620,46.08087961,-117.6868756
2319,39.397,-105.076
862,50.79455021,-119.0427356
1297,45.40478745,-118.1541924
2330,42.46313235,-111.5915537
2386,39.34691,-105.256037
667,48.8181421,-118.2073232
504,47.41582609,-118.7081766
1199,40.33792519,-119.8245198
1766,35.12439363,-112.849347
885,51.33973708,-113.3431844
158,33.11834575,-114.6618374
NA,34.89166065,-121.9454468
2309,52.3205094,-117.7550003
691,47.79576996,-119.1699673
1877,43.53468241,-115.5028233
1180,41.50930387,-122.3095663
1402,33.10487615,-107.3727145
1672,44.80597527,-116.2862519
1836,41.53669238,-119.2563096
740,48.70238297,-107.6347258
1437,42.22293799,-104.8164992
428,53.09946804,-104.642798
1576,43.91592943,-119.0648089
1639,52.41456828,-120.0860883
1299,47.98253,-120.34264
613,50.64255795,-103.9492079
1591,51.85018127,-118.7869081
1867,34.7787448,-106.0700023
1777,38.76031113,-104.6655247
1113,53.06244962,-123.267294
1828,38.83770547,-114.3748426
1478,40.51896214,-112.7123184
1555,50.08614799,-122.7835553
1446,43.28162862,-117.6436683
2215,34.088,-116.884
1063,47.19342971,-111.7149965
2588,44.49012893,-110.0346052
27,37.05944657,-122.2273962
1227,48.4416314,-112.6246521
562,53.91363746,-104.9349031
1170,47.22943233,-116.84708
1282,40.80498353,-113.4716565
1268,47.71414822,-114.3051566
1052,50.59262933,-113.2251108
1243,32.04871134,-106.2390943
1712,45.92861188,-115.7028235
1339,49.05483148,-114.8223091
1763,44.738067,-116.625366
1799,43.83749652,-115.5883059
904,46.16176545,-104.6211626
1288,45.79167,-117.08333
1878,43.85348966,-115.4824315
1484,45.8956554,-117.8106214
1371,47.66654211,-114.8236499
1122,45.20264353,-117.7485235
236,50.56158718,-121.8134549
1678,45.22505221,-116.904427
1685,40.15829462,-110.2751142
1904,52.4097013,-117.6113817
1201,51.3277194,-114.1930285
2071,38.752,-104.843
1262,46.15708359,-117.7311778
2192,45.200971,-109.3531388
1108,45.89171238,-117.6875777
1651,46.705,-113.965
470,52.80087558,-104.9552484
665,41.98187697,-123.8661076
1226,45.28479249,-106.012381
2693,36.527,-105.221
896,48.65861,-120.55528
740,50.24841935,-119.394315
809,49.75255473,-111.7239027
711,46.07107017,-115.913227
656,44.91656264,-122.4956245
1510,38.12974119,-115.9828145
NA,48.92774493,-127.1218033
871,48.31707759,-118.0754153
755,47.97703803,-118.6441229
NA,48.14593166,-125.849855
1808,39.45329723,-115.7874367
2054,32.46694315,-110.7428788
95,46.88111139,-122.8826214
2236,38.05171187,-118.7921994
1474,44.35362057,-116.197124
272,39.6981345,-121.406016
2252,38.789,-104.904
2173,44.92597713,-114.3095456
840,52.54664962,-113.7255692
1210,53.50991153,-126.7116254
2533,34.64867123,-106.4390448
727,52.23448297,-110.8566205
1239,45.8528039,-117.7777717
1097,46.23697246,-117.8048529
1567,47.12405581,-115.8974746
103,46.16240094,-118.9450924
1522,44.928,-116.09
1221,53.40292731,-124.7420692
1427,51.54753533,-114.9242867
399,53.28922475,-104.4750218
1738,33.68667758,-105.8021362
70,47.25412051,-122.9037988
1754,51.01032501,-116.1777065
NA,37.58913974,-122.6234953
2075,38.30355587,-117.9931548
1731,38.16117623,-116.5664146
1815,39.80160007,-117.5382092
1847,36.37259718,-111.0521234
720,47.57054375,-106.2731849
1670,49.56979123,-119.988948
810,34.23490748,-116.2394878
544,50.62268756,-120.0350375
1124,51.50545408,-118.4051011
1495,40.57801343,-112.0267718
2355,52.20197886,-118.9385288
1339,52.29056064,-124.542207
1906,42.69622351,-110.9415239
958,36.65168034,-114.1904008
181,46.51208156,-123.0877454
2228,41.21438077,-106.5633292
1551,52.42708017,-124.7833315
1369,44.54064617,-120.1020241
3065,43.48241654,-110.4892381
NA,34.15809125,-121.3715238
673,47.83629,-117.23732
575,51.77023876,-122.3773717
606,53.74613116,-110.5576574
1790,37.52099356,-119.7167243
1860,49.08801294,-120.5046316
1757,38.42575499,-113.7707772
550,52.94653889,-108.8661135
3847,39.71090729,-105.8204034
920,48.11801807,-113.9952701
605,51.28713263,-126.0366758
1323,47.01840126,-114.4356949
1443,53.49382634,-120.787993
1043,50.89740413,-121.7557053
1656,31.884,-109.207
1352,45.72112422,-117.5710647
184,32.95727432,-114.8880692
1747,40.69508408,-119.0715545
1900,43.54557969,-115.3195894
1093,44.90649787,-121.6464845
2230,41.92318533,-115.511979
1201,37.92288176,-119.8258082
2283,34.35680448,-107.8978022
1154,46.90522,-121.08755
1371,48.13018293,-114.5263628
1762,38.8174764,-114.5096154
1977,43.65683413,-115.148872
2497,40.83076544,-106.2036478
798,44.86786412,-121.437397
514,53.69283345,-106.8050512
633,33.03169904,-111.2126756
1765,35.60991284,-112.3445841
653,36.49347343,-114.6652545
1077,52.13255829,-123.237633
1930,46.22750448,-111.7893139
2390,41.86958315,-115.4747873
1464,33.24926912,-110.7818524
304,39.86283598,-122.6218963
1174,47.72718719,-114.5550235
2529,36.274,-115.671
664,34.93247041,-117.157284
2235,37.62869717,-117.849467
2798,34.05290197,-109.5614799
730,50.24977359,-109.5636284
1295,48.13014017,-114.5100249
1982,42.4461614,-120.8249433
835,53.12362023,-114.6721512
1336,45.39952523,-118.1008869
1694,35.84952638,-110.6068377
1318,49.09514908,-114.5270169
696,47.52774139,-118.112089
1953,37.49973969,-112.144612
1636,36.50711176,-112.8438084
474,49.24723509,-120.015753
2210,45.29782887,-109.6580637
923,49.08955966,-111.6781173
1759,38.67088752,-112.0877818
1533,37.78246488,-117.9737784
1705,42.80901,-120.96813
999,47.26362511,-120.8086825
1878,45.02755251,-117.354933
1169,50.18102175,-122.8511414
506,42.8592892,-123.5660253
2078,45.52910736,-115.8989423
632,51.7952968,-122.3895411
491,49.46780932,-122.6368927
1224,48.53690192,-117.1969356
2080,46.45272706,-114.3914442
2002,35.23832797,-105.6488493
1223,47.26521473,-114.1523424
1316,45.75218832,-117.7056108
1055,48.42845121,-121.9425602
491,48.95207217,-119.7192466
2192,42.20854326,-113.7157513
1198,53.35337803,-117.1247257
1605,34.76305312,-106.8334265
592,47.74683835,-118.0571041
1532,47.15276675,-115.7902555
1748,42.06265095,-121.323719
874,50.87180618,-121.4363395
1654,44.25850545,-116.1977279
1659,41.70184992,-104.688218
1247,42.4812283,-114.1525767
1121,45.80285646,-117.6286134
1724,52.4337373,-116.0348293
1169,46.8247455,-116.8770389
1714,34.65557209,-105.1218897
2794,41.80637785,-115.3432586
2442,43.88557006,-110.9567983
1661,46.06907292,-117.6818805
1460,50.70769887,-123.9336235
1735,45.02182029,-117.3500787
NA,37.73487277,-124.5869592
1936,35.92937763,-110.2613292
927,49.11346549,-111.3611866
2298,41.90225887,-115.3474101
1917,44.31647817,-118.666497
1951,40.50659228,-107.982301
1858,44.8355356,-116.2889607
2667,45.219759,-117.2610614
15,38.1078765,-122.4975906
1398,52.10993916,-116.4349229
2032,43.78250932,-115.2833731
1243,48.68461172,-114.1149415
1004,50.48193403,-113.5969103
1780,40.28156027,-105.2104867
189,33.0510327,-112.8515872
1948,50.48503729,-114.7867598
610,48.50037408,-117.9308563
430,35.45967946,-119.8770602
1536,52.23483809,-119.8956035
NA,48.7221932,-126.5632164
3022,40.60441922,-111.675502
1270,46.88805718,-116.6187343
872,35.24953532,-120.1395683
988,48.06194,-120.06722
1714,45.9792672,-115.2444779
379,48.33154022,-119.6350916
1259,45.80250579,-117.7146977
964,49.46742606,-109.2711545
1456,46.59985246,-109.2939411
1312,45.91797278,-117.8804973
1070,48.57458642,-121.5697004
NA,48.32411803,-125.3838326
1885,43.39419273,-107.0295467
747,49.73180704,-106.8466427
908,51.1022311,-121.5640116
NA,48.4290566,-126.5855694
1133,51.9028926,-114.8306368
2547,32.72081067,-105.7292683
1644,49.56956929,-121.1548583
1539,47.37117146,-114.9660086
823,49.03391681,-106.9573313
1319,45.44244496,-118.0764734
674,48.38703953,-117.6968727
1524,44.86992097,-116.3182067
1307,43.29757243,-115.7009579
1423,50.92870905,-118.8844739
940,48.19112902,-114.388165
1888,45.08414453,-117.3790643
528,53.51315819,-106.7626115
1861,42.14389731,-117.4792063
1075,53.12037296,-116.0763183
2097,32.39564858,-110.7766319
179,36.3798027,-121.8771909
1720,36.31947508,-113.5111224
NA,36.9849323,-124.0240497
1004,44.73814619,-122.2560401
1588,53.83515066,-119.8644757
1347,44.67152777,-121.6440443
534,51.71486157,-107.0673717
1284,41.30426123,-118.0725271
1641,44.99017729,-116.2050217
1765,37.67565664,-111.0138963
1321,49.44172942,-116.322144
1071,53.00055245,-126.121967
1467,51.64197185,-123.2149347
2512,31.913,-109.268
2511,37.58180145,-118.1450591
14,38.87300381,-121.4790875
822,31.61180565,-111.9448983
2424,43.85967602,-114.4736743
1660,45.84865593,-115.341914
2184,51.59663208,-115.7033558
1146,47.15348407,-109.7053287
3284,37.70880609,-107.3972015
1430,40.61370135,-119.2069406
NA,36.95597671,-122.6954466
1896,35.15655864,-107.3921607
1610,44.32451807,-115.9102326
1397,40.211,-121.163
1448,40.59874059,-118.0712336
877,50.6444323,-120.4837457
565,48.61415,-119.71036
2627,35.2,-106.405
1215,40.1375547,-118.959111
451,53.19362098,-105.4109387
747,48.3615503,-108.3933141
72,33.43722017,-114.6496302
1955,50.60167566,-124.5727915
1237,45.99404457,-115.5024844
1876,37.47396182,-119.5935701
757,53.22118693,-114.1284844
NA,37.82524869,-123.4956981
NA,38.54674351,-124.3006499
2332,44.12939988,-114.194718
1756,44.33862668,-116.1012573
1739,44.63192732,-115.9938248
1933,36.55643836,-107.597468
1014,47.83894,-120.96229
2196,35.36006216,-107.2807359
1160,45.30391907,-105.9971384
1182,44.9216659,-119.6164938
2541,36.89161925,-105.4246548
2940,44.24991673,-109.688329
1266,44.48193934,-116.9477264
1534,46.57403143,-112.2708462
993,47.85399046,-111.1770896
509,47.00423215,-120.4467347
694,48.36805287,-104.0772992
1595,44.65326796,-116.9622231
1783,51.26160398,-124.5158307
2041,44.73513585,-118.5484512
913,49.52163514,-118.0750341
2314,39.568,-105.244
1233,46.91768045,-116.1229133
1790,42.2105412,-117.4014897
1370,46.90701341,-114.2274744
2215,37.47171644,-118.2750714
2024,35.2949704,-106.1120504
1043,48.18294663,-118.7915968
NA,46.50690821,-124.2749009
1055,47.993916,-118.7558618
1008,46.86879821,-116.6334138
1675,41.39574687,-114.5883018
1862,43.0247572,-107.2397644
1469,45.73854938,-117.2739612
2510,42.28950644,-107.3832819
1733,43.42228638,-113.5006635
2310,44.58969795,-112.8386235
NA,48.79896205,-127.5199093
643,50.48113891,-121.3167179
509,40.74287246,-122.1035787
1033,48.25184311,-118.7728804
1872,43.70597683,-115.284554
506,52.37900299,-105.9038179
NA,34.09373296,-120.8828722
79,48.10456288,-124.6891447
1787,40.19332647,-108.8163896
1591,38.80376607,-109.4370331
1018,51.19415605,-121.3756556
1338,42.16977852,-104.4891638
1063,45.99185698,-117.6027759
1940,43.53018549,-115.4011765
2464,41.68853798,-115.324206
599,31.78177438,-112.1323114
1254,47.1252,-120.9293
2406,43.92830588,-109.1278396
341,34.71982737,-114.2877609
1790,41.74389275,-118.0457684
1191,45.58804112,-118.0908427
2628,39.94428629,-106.6057115
828,47.5075193,-104.7957943
1640,38.62486547,-103.9895461
2702,32.949,-105.738
964,45.75369889,-107.3017778
738,48.0907612,-116.0054631
1460,43.80824592,-112.7694763
365,34.01107917,-117.3046584
1294,45.2943462,-116.8940678
736,48.0178,-118.78411
739,50.39665711,-107.8336524
852,52.00807615,-112.1218684
1209,45.29099,-118.9674
928,46.72803992,-104.2078678
2085,52.22186679,-118.2950116
2462,39.468,-105.252
2018,43.72903431,-115.1482428
828,49.69634726,-110.9619838
653,47.90291286,-105.1260158
1010,47.46518111,-109.9690473
507,49.22468084,-119.9978113
2453,33.39731212,-107.8748119
NA,48.76612421,-126.0908809
1622,43.15347331,-108.6277144
940,48.82057034,-108.5444411
1644,38.08779334,-110.2893793
4,49.12594563,-122.2235616
212,46.66552648,-119.8540984
1378,44.18089859,-118.2338835
562,46.04276739,-115.8584539
2440,44.73015517,-110.6099007
1700,52.72738516,-118.7090899
1803,43.60039142,-115.2959669
559,31.96886241,-112.2588974
1416,46.09201169,-117.4321881
1998,43.85158552,-115.602202
886,50.47149426,-112.6449348
947,48.39652814,-120.2858369
2675,51.69608981,-117.9443253
89,37.08871152,-120.1236611
939,47.54583202,-114.1861598
742,49.866625,-107.043777
870,46.89130018,-116.8116522
1939,43.44310607,-114.9619403
2384,44.65661149,-111.5100457
NA,37.83143334,-123.9355613
1542,41.40749839,-121.1327476
3134,43.10299352,-109.7346668
3414,37.44648985,-108.0172018
1323,45.77293101,-117.5695774
954,47.92652472,-111.0226237
58,32.27395699,-114.4864483
1950,39.03098977,-104.0967485
1104,53.14862866,-126.1920366
601,50.07643978,-104.0130684
727,48.85549732,-104.2697864
664,53.10333143,-109.7839637
1091,47.81871739,-114.5951229
1674,39.85101469,-121.0464631
1349,48.01539944,-114.4976797
1378,47.73803,-120.48454
1722,38.21711981,-118.2773261
414,33.72809063,-113.9899737
1661,37.05695982,-113.0579222
930,35.13306524,-115.6150813
568,44.81659432,-120.4718146
1007,52.91359697,-123.5098327
1376,46.1276817,-117.656827
1841,40.402,-121.619
814,53.1779192,-114.3268319
2063,44.34829346,-116.1314958
1122,44.189548,-116.005948
NA,38.11488352,-123.6093519
1727,39.53138747,-107.6063556
696,50.11471848,-119.4035725
1517,46.09691232,-117.7651528
649,44.80900739,-121.174175
524,52.40905727,-105.0093981
1528,45.51396089,-118.1046754
1554,45.00655042,-117.1876867
587,54.02527538,-122.6369937
2234,42.08065144,-114.1204477
1477,43.86788867,-119.012674
336,50.77743756,-120.7368841
829,50.22333995,-107.7199055
2494,34.09836527,-107.1854364
1653,33.75024493,-105.936816
2568,33.90033882,-107.5568056
2004,34.68214641,-110.8468394
2294,43.55438601,-115.0584827
489,47.56609981,-120.6192845
1943,44.05936,-118.77009
891,49.95950467,-107.7967584
625,52.72863448,-108.6315563
1876,42.23596541,-112.4490957
2255,34.74953757,-108.2395725
1776,43.80283376,-115.3199546
1257,45.63529534,-118.1963703
945,32.29586853,-104.1420121
1647,46.08650682,-117.8986335
1315,47.13179752,-115.8762451
2385,44.85154203,-113.1722027
1288,44.99256326,-117.0552166
1161,45.14816263,-107.2887406
1766,43.19115177,-115.344553
996,47.63287625,-116.8964168