lat,lon,source,manual_id
45.91618601194183,-117.58357996556438,Defoliation surveys,40016
45.88243273581056,-117.75252424550838,Defoliation surveys,40800
39.06176795682404,-119.8024447747739,Synthetic data,16256
48.65861,-120.55528,Pheromone trapping,352
44.738146194431465,-122.25604006805224,Synthetic data,21903
32.63074181886623,-107.36907920544036,Synthetic data,10722
41.70857834902198,-115.31114831705108,Defoliation surveys,45335
46.02283251479945,-117.75370340122876,Defoliation surveys,40873
50.2484193474017,-119.39431499142552,Defoliation surveys,48491
53.835150660946965,-119.86447569384472,Synthetic data,31997
38.189607526757754,-112.75792581931456,Synthetic data,15373
45.90827430066419,-118.04853266150332,Defoliation surveys,43610
37.842794298019726,-118.50226378889056,Synthetic data,15037
49.752554727718234,-111.72390270145844,Synthetic data,27243
44.671527769591194,-121.64404427795672,Synthetic data,21826
49.353078378070514,-119.605009311179,Defoliation surveys,46758
50.898722865637986,-120.28465286022278,Defoliation surveys,45901
39.054,-120.123,iNaturalist,50080
46.07107017365794,-115.91322698625876,Defoliation surveys,47497
51.7148615734186,-107.0673716678284,Synthetic data,29540
38.09892201165421,-120.03737776938756,Defoliation surveys,45652
52.55082596378634,-126.36604878940852,Synthetic data,30501
40.998914484574925,-112.77914846036585,Synthetic data,18179
44.9165626441245,-122.49562453769612,Synthetic data,22075
41.30426122905919,-118.07252711447654,Synthetic data,18478
43.82199320520619,-118.84197931657444,Defoliation surveys,40139
50.8103042872726,-120.7619828062768,Defoliation surveys,47342
36.309876658488065,-105.8735599341453,Synthetic data,13580
38.12974118773127,-115.98281445080649,Synthetic data,15316
44.99017728665101,-116.20502165009704,Defoliation surveys,48719
36.868933363992255,-110.3887390466989,Synthetic data,14063
34.344044169352856,-115.06133427930764,Synthetic data,11855
46.19879811047576,-119.54555640154284,Synthetic data,23362
48.92774492956232,-127.1218033140758,Synthetic data,26293
37.67565664090216,-111.01389631687198,Synthetic data,14872
50.63302123488483,-120.17030295031267,Defoliation surveys,45914
46.38000291358912,-120.1823525535874,Synthetic data,23535
46.2245397704537,-114.71585831564153,Synthetic data,23386
48.3170775935147,-118.07541529960037,Defoliation surveys,43988
49.44172942417208,-116.32214398804354,Synthetic data,26887
38.985543990449514,-119.2456729162368,Synthetic data,16181
46.1614792446405,-117.2722075644252,Defoliation surveys,43702
53.55767435609596,-115.4695129817701,Synthetic data,31686
47.9770380303549,-118.6441229065078,Defoliation surveys,43873
53.000552454730496,-126.12196696503088,Synthetic data,31026
37.11434611468576,-118.21081701182992,Synthetic data,14307
35.14521373086609,-104.6448810424772,Synthetic data,12559
44.51335519365966,-114.16472097573568,Synthetic data,21674
48.14593166107079,-125.84985499636969,Synthetic data,25385
51.64197184663499,-123.21493474737508,Synthetic data,29443
44.862697173739264,-119.6314548256073,Defoliation surveys,44777
41.23067797202384,-119.12264885473996,Synthetic data,18416
49.2511814290192,-110.57154148246627,Synthetic data,26668
39.4532972315792,-115.78743665653748,Synthetic data,16638
31.913,-109.268,iNaturalist,51193
47.36378533386275,-116.8814522125376,Defoliation surveys,47188
47.75026,-117.20738,Pheromone trapping,1302
39.1876787939691,-104.68715467961738,Synthetic data,16363
32.46694314906577,-110.7428787854259,Defoliation surveys,48109
37.58180145354709,-118.14505912992172,Synthetic data,14762
37.5466844891198,-117.31997228896944,Synthetic data,14728
39.735,-120.968,iNaturalist,50542
49.5665752365021,-112.45212819537846,Synthetic data,27036
46.88111138768727,-122.88262140622828,Synthetic data,24033
38.87300380761735,-121.47908753168304,Synthetic data,16059
31.953781737363897,-114.11132487334544,Synthetic data,10336
53.4786844648188,-104.57366079854546,Synthetic data,31609
47.08018207417952,-115.84105825782912,Defoliation surveys,49796
38.051711873791646,-118.79219943244244,Synthetic data,15229
31.611805650987662,-111.94489826564676,Synthetic data,10135
52.68717558076605,-109.76878851110814,Synthetic data,30682
49.868126979854424,-116.48691544105532,Synthetic data,27383
47.10897,-120.95277,Pheromone trapping,1478
44.353620565906354,-116.19712402361216,Defoliation surveys,43126
43.85967602318851,-114.4736743005924,Synthetic data,21033
51.87681197648635,-115.12436145427635,Synthetic data,29724
39.03867528180126,-122.87681902444456,Synthetic data,16233
46.679,-114.041,iNaturalist,50274
39.6981345032691,-121.40601602871902,Synthetic data,16882
45.84865592827555,-115.34191399760311,Synthetic data,23010
44.3440513636007,-116.141679235511,Defoliation surveys,42117
43.65787645948777,-115.05897875672996,Defoliation surveys,41573
45.987242180039175,-122.42470152856548,Synthetic data,23154
38.789,-104.904,iNaturalist,50835
51.596632078813855,-115.70335578080268,Synthetic data,29405
36.52419239474693,-122.01086271699752,Synthetic data,13767
52.18000458489405,-108.59050948044752,Synthetic data,30084
51.47645993268816,-122.75309102371102,Synthetic data,29249
44.92597713257419,-114.3095456144074,Synthetic data,22081
47.1534840723034,-109.70532873104094,Synthetic data,24311
48.27996458307923,-118.75706639888357,Defoliation surveys,43810
53.949775264190976,-123.51412690471624,Synthetic data,32136
36.636,-118.808,iNaturalist,50162
52.54664961609524,-113.7255691739847,Synthetic data,30493
37.7088060923852,-107.3972015476902,Synthetic data,14902
41.81341394220269,-115.49296145579608,Defoliation surveys,45573
32.8533075817395,-110.44844586926048,Synthetic data,10858
50.61543292127317,-116.73155055259122,Synthetic data,28253
53.50991152564529,-126.71162537363124,Synthetic data,31639
40.61370135395555,-119.20694055926288,Synthetic data,17797
33.8762405508443,-109.28443604685972,Defoliation surveys,47156
32.958,-105.737,iNaturalist,50189
52.71659917430952,-116.80317752948032,Synthetic data,30708
34.64867122626085,-106.4390447899612,Defoliation surveys,49946
36.955976708442904,-122.69544659700476,Synthetic data,14153
45.06551637714493,-117.33939956521242,Defoliation surveys,41278
45.491042240467856,-118.16853154746164,Defoliation surveys,40568
50.907759131909714,-121.49490459549406,Defoliation surveys,47223
52.234482966247015,-110.856620518025,Synthetic data,30142
35.15655864175642,-107.3921607111115,Synthetic data,12566
44.38731262271979,-116.18208259933272,Defoliation surveys,43152
40.44177553162445,-122.62284139974508,Synthetic data,17617
38.86044316930929,-104.55220670852576,Synthetic data,16045
45.85280389892619,-117.777771670299,Defoliation surveys,40005
44.32451807424532,-115.91023264206592,Defoliation surveys,43107
50.66474157823026,-121.24207752505576,Defoliation surveys,46912
40.10287686140509,-121.1755230378476,Synthetic data,17280
37.344453,-119.506744,Pheromone trapping,1001
46.236972457604715,-117.80485285738476,Defoliation surveys,43660
40.211,-121.163,iNaturalist,50880
49.99692298693117,-127.4161485991208,Synthetic data,27549
44.66370364221994,-116.8971606138506,Defoliation surveys,41499
50.37488184828544,-121.96002650330774,Synthetic data,27976
47.124055806272104,-115.8974746256512,Defoliation surveys,49807
40.59874059044523,-118.07123362919084,Synthetic data,17781
38.070506005955394,-105.46628559724196,Synthetic data,15245
33.816588,-110.926355,Pheromone trapping,31
43.92367,-119.40054,Pheromone trapping,197
46.162400938919745,-118.9450923660188,Synthetic data,23320
50.64443230449158,-120.48374574509909,Defoliation surveys,46247
51.03309,-121.43594,Pheromone trapping,3014
43.4192814399139,-104.8515021536732,Synthetic data,20581
51.56295724923257,-108.40029591997154,Synthetic data,29364
44.928,-116.09,iNaturalist,50172
48.61415,-119.71036,Pheromone trapping,919
42.514570826198906,-106.41074469714658,Synthetic data,19685
41.05442223418504,-118.76970411435468,Synthetic data,18222
38.640229060838465,-122.61980452609714,Synthetic data,15825
53.402927313931286,-124.74206917459378,Synthetic data,31507
35.2,-106.405,Lab Collections,51479
46.05054975927879,-117.67978096260818,Defoliation surveys,45232
38.93574232875835,-120.88798871380276,Synthetic data,16131
50.7792443263857,-120.53755142445256,Defoliation surveys,47005
51.54753533261828,-114.9242867223802,Synthetic data,29340
40.137554701184854,-118.9591110002366,Synthetic data,17314
43.0081130816252,-123.435745418421,Synthetic data,20179
37.511502,-119.550052,Pheromone trapping,1039
49.38654598117364,-120.16094161971384,Defoliation surveys,46446
53.2892247493146,-104.4750218464178,Synthetic data,31364
53.19362098176498,-105.4109386803466,Synthetic data,31267
50.663227633954165,-119.88349635022252,Defoliation surveys,46659
40.12573360366514,-115.72514516033698,Synthetic data,17306
49.74087921495084,-109.0768685475341,Synthetic data,27232
33.68667757866206,-105.8021361620631,Synthetic data,11327
48.36155030375812,-108.3933141438756,Synthetic data,25625
46.82064344898466,-113.97323816045107,Defoliation surveys,49574
46.08390930580208,-106.65842173754936,Synthetic data,23238
46.1792202637298,-106.62675849284278,Synthetic data,23343
47.25412051007152,-122.90379877388476,Synthetic data,24416
33.437220171268564,-114.64963023044402,Synthetic data,11190
40.039,-105.39,iNaturalist,50430
37.579455752216745,-109.69257613894295,Synthetic data,14760
34.74224870886479,-106.38755013620286,Defoliation surveys,49984
51.010325006151106,-116.1777065290953,Synthetic data,28718
50.60167565749725,-124.5727914845338,Synthetic data,28237
36.12213545746636,-116.40827853046358,Synthetic data,13409
51.0912726392271,-107.8550843730336,Synthetic data,28806
45.96885835740876,-118.0219991332622,Defoliation surveys,43617
37.58913974452298,-122.62349527317564,Synthetic data,14771
45.99404456800157,-115.5024843727845,Defoliation surveys,47556
51.49236121389549,-118.95265665953048,Synthetic data,29266
41.151640885393135,-114.7354985740385,Synthetic data,18328
42.383512343342765,-112.74716952196232,Defoliation surveys,45639
38.30355587252416,-117.99315478751669,Synthetic data,15493
37.473961818396035,-119.59357012033806,Defoliation surveys,45538
42.17837,-122.47371,Pheromone trapping,728
36.76845259719994,-120.54603786522055,Synthetic data,13980
51.05937560356688,-114.01970598974732,Synthetic data,28773
38.16117622895399,-116.56641461781692,Synthetic data,15351
53.22118692845106,-114.12848436256172,Synthetic data,31288
47.883605709299445,-116.1519705489045,Synthetic data,25076
38.839581398817245,-107.94557691231604,Synthetic data,16027
43.48965731680434,-115.36812930166803,Defoliation surveys,41686
39.8016000748612,-117.53820921247824,Synthetic data,16983
37.82524869358167,-123.49569805979264,Synthetic data,15017
41.82623897738985,-115.20798025071458,Defoliation surveys,45358
38.1201052882825,-121.94400579616196,Synthetic data,15305
33.453777012764476,-109.6258806551341,Synthetic data,11197
36.37259717768757,-111.05212335311808,Synthetic data,13628
38.546743507205974,-124.30064988415688,Synthetic data,15737
49.018344650103245,-109.56888255651576,Synthetic data,26404
51.52788917795988,-124.36602461896835,Synthetic data,29308
53.7972102733911,-120.2906128744944,Synthetic data,31960
47.5705437490833,-106.27318489266328,Synthetic data,24723
44.1293998809997,-114.19471795851132,Synthetic data,21295
50.65976236660416,-120.1606887604838,Defoliation surveys,45988
34.88209884031676,-121.13048313604668,Synthetic data,12319
53.74184688489186,-109.62445679953088,Synthetic data,31893
49.56979122507619,-119.98894795094384,Synthetic data,27042
44.33862667616434,-116.10125728493614,Defoliation surveys,42107
49.99629906838527,-126.90397962683346,Synthetic data,27547
35.670903806982096,-117.59976499166804,Synthetic data,13020
44.94253,-117.01232,Pheromone trapping,805
34.23490747669712,-116.2394878466148,Synthetic data,11762
44.631927320702374,-115.99382482622003,Defoliation surveys,48741
34.00499252177542,-115.1528813445475,Synthetic data,11550
39.96814534952864,-105.43945193127728,Synthetic data,17151
41.36264230473898,-107.37637336348416,Synthetic data,18540
50.622687557502545,-120.03503748254232,Defoliation surveys,46024
36.556438362866174,-107.59746800776338,Synthetic data,13798
52.62881826609373,-106.63908270501996,Synthetic data,30601
40.675,-111.603,iNaturalist,50424
51.52148760203272,-106.53768776200012,Synthetic data,29298
51.50545408151811,-118.40510111988988,Synthetic data,29276
47.83894,-120.96229,Pheromone trapping,1498
48.38766696694074,-105.32776474423008,Synthetic data,25656
43.8973026125459,-110.4660939743044,Synthetic data,21065
48.63462091929978,-108.7092804054846,Synthetic data,25950
40.57801343390019,-112.02677178801969,Synthetic data,17751
35.360062159597874,-107.28073586191748,Synthetic data,12736
44.045557645214515,-118.60199333549087,Defoliation surveys,48508
40.05782974010799,-116.05927266890647,Synthetic data,17236
50.63538375106873,-120.65428722655632,Synthetic data,28281
52.20197885716334,-118.9385287980549,Synthetic data,30108
45.30391907459125,-105.99713843589416,Synthetic data,22466
39.284766,-105.278067,Pheromone trapping,72
50.535455575503875,-109.97740262624576,Synthetic data,28164
44.21635984781128,-116.01582451800137,Defoliation surveys,43290
52.29056064138422,-124.5422070271452,Synthetic data,30203
44.92166590289564,-119.61649383985136,Defoliation surveys,45212
38.781,-104.881,iNaturalist,50410
43.44820782196739,-114.97879267818428,Defoliation surveys,44274
45.87525061507997,-118.08281528553611,Defoliation surveys,43606
42.69622351351427,-110.94152394490084,Synthetic data,19868
36.89161925483495,-105.424654810864,Synthetic data,14083
51.90930120577104,-108.6910075682099,Synthetic data,29764
43.670788654718976,-115.11251564875585,Defoliation surveys,42361
45.125509014120325,-117.29741612361975,Synthetic data,22286
36.651680341456085,-114.19040080544072,Synthetic data,13876
44.24991673132172,-109.68832899205154,Synthetic data,21422
44.76607353677101,-116.18778421489036,Defoliation surveys,48306
43.79625481278879,-118.76388053665995,Defoliation surveys,48186
48.05410727503477,-110.17750109313056,Synthetic data,25269
46.51208156347275,-123.08774543181062,Synthetic data,23669
44.48193934431708,-116.94772640190432,Defoliation surveys,49724
35.94438284996431,-115.19184340379434,Synthetic data,13249
36.23705993592739,-110.01456776360284,Synthetic data,13511
41.87696543533821,-105.68062009400457,Synthetic data,19051
41.21438077412313,-106.5633291847771,Synthetic data,18403
46.57403142732801,-112.2708462169976,Synthetic data,23737
44.4357444691475,-115.7913620526117,Defoliation surveys,43173
43.23037216445664,-115.3398741321871,Synthetic data,20403
48.07853746428849,-114.54031238738511,Defoliation surveys,45750
52.427080165653024,-124.783331520739,Synthetic data,30365
47.85399046353996,-111.17708956758725,Synthetic data,25042
44.98515224086261,-117.33679163825424,Defoliation surveys,41257
46.89817221204417,-114.1671329798676,Defoliation surveys,48878
41.16929637582507,-105.26624490023823,Synthetic data,18347
44.54064616933465,-120.10202410072088,Synthetic data,21704
47.00423214730108,-120.44673467526444,Synthetic data,24175
45.494050933630206,-108.89904095139354,Synthetic data,22665
47.5104235597087,-115.59396170221665,Defoliation surveys,49240
50.31436103594024,-112.60846042877527,Synthetic data,27906
43.48241654474987,-110.4892380972742,Synthetic data,20649
48.36805287335301,-104.07729916169774,Synthetic data,25636
32.10716968821362,-110.65405079867924,Synthetic data,10417
36.256,-115.645,iNaturalist,50740
52.349612733814865,-112.8107081297785,Synthetic data,30271
34.15809124766383,-121.37152383796638,Synthetic data,11699
44.6532679591681,-116.9622231218056,Defoliation surveys,41501
41.24964369600639,-109.68264692812228,Synthetic data,18435
32.17994822387118,-108.65148673363728,Synthetic data,10467
53.316735002270434,-116.02832414850128,Synthetic data,31394
47.83629,-117.23732,Pheromone trapping,1144
51.261603979277425,-124.51583072578067,Synthetic data,29010
48.169648022332694,-117.11327007471118,Synthetic data,25406
40.56544585956726,-118.7426609476679,Synthetic data,17741
36.583,-118.752,iNaturalist,50280
51.77023875593658,-122.37737171540071,Defoliation surveys,48415
44.73513584706234,-118.54845118219964,Synthetic data,21900
46.3986408325145,-122.26632941898424,Synthetic data,23554
43.86878679747066,-115.33681041653185,Defoliation surveys,44476
47.745794069103134,-114.5362257764753,Defoliation surveys,45468
53.746131162624806,-110.5576573756407,Synthetic data,31896
49.521635141805746,-118.07503408606864,Synthetic data,26988
45.82109167258022,-120.7878577161464,Synthetic data,22976
47.2276842748397,-114.51181211159565,Synthetic data,24385
44.06934,-118.78682,Pheromone trapping,1561
37.52099356190535,-119.71672427825808,Defoliation surveys,42823
39.568,-105.244,iNaturalist,51334
45.3307275553816,-112.28081965306774,Synthetic data,22494
53.859688344819006,-118.10605812905123,Synthetic data,32032
53.54636490752455,-105.21335573255784,Synthetic data,31673
49.08801293675788,-120.50463161437074,Synthetic data,26481
46.91768044882073,-116.1229132953796,Defoliation surveys,49756
50.17434680619044,-104.35409169027116,Synthetic data,27737
36.35392789862817,-119.1553810245241,Synthetic data,13614
34.82751056004781,-120.74843344994588,Synthetic data,12274
38.42575498990482,-113.77077719691442,Synthetic data,15606
42.210541196982376,-117.4014896687586,Synthetic data,19378
45.198381730297115,-116.74113954097264,Synthetic data,22342
41.949943186191376,-105.72300087945769,Synthetic data,19112
50.80600934597896,-117.88056499662343,Synthetic data,28480
52.94653888896573,-108.86611351481406,Synthetic data,30967
46.90701341461646,-114.22747438315544,Defoliation surveys,48879
48.41881,-118.25933,Pheromone trapping,636
33.37163557490567,-108.85056927526604,Synthetic data,11150
41.570846889633685,-114.09874498064164,Synthetic data,18744
39.710907285043504,-105.82040339964442,Synthetic data,16897
37.471716443658806,-118.27507136197528,Synthetic data,14662
43.56455739878584,-120.65034706686856,Synthetic data,20735
43.55793105909834,-112.77716846129624,Synthetic data,20728
52.58807182399323,-107.75435515772551,Synthetic data,30553
48.118018070061225,-113.99527005822164,Synthetic data,25346
35.29497040150454,-106.11205036030152,Synthetic data,12678
45.83097077628107,-117.72424520517016,Defoliation surveys,40304
32.949,-105.748,iNaturalist,50067
53.613717879750766,-122.35221810051009,Synthetic data,31747
51.28713262663223,-126.0366757659358,Synthetic data,29045
48.18294663267132,-118.79159682012632,Defoliation surveys,40349
47.07723004595676,-116.891927881144,Defoliation surveys,42558
38.1337734797271,-119.78604422928764,Synthetic data,15322
48.54269150760956,-117.58381509309402,Synthetic data,25842
47.01840126430806,-114.43569487537384,Defoliation surveys,49410
46.50690821086755,-124.27490086236504,Synthetic data,23664
35.61787316878326,-112.61508609703742,Synthetic data,12962
33.62105762014151,-105.36143893234728,Defoliation surveys,48024
45.148121624893975,-117.1223993381136,Synthetic data,22302
53.49382633517962,-120.78799302130938,Synthetic data,31621
47.99391600352001,-118.7558618037576,Defoliation surveys,43822
34.31054166337708,-116.17417743097758,Synthetic data,11828
49.51913385262014,-109.94490646431224,Synthetic data,26980
36.46364697231911,-121.0445931519498,Synthetic data,13708
50.8974041282628,-121.75570529312004,Defoliation surveys,46869
46.868798210211416,-116.633413774078,Defoliation surveys,45123
47.50413279281929,-124.42464219743852,Synthetic data,24663
51.71399993507657,-116.69078434637048,Synthetic data,29538
48.4030103612302,-120.29781511310529,Defoliation surveys,47032
31.884,-109.207,iNaturalist,50327
41.39574687468121,-114.58830181905068,Synthetic data,18578
43.623356,-115.271301,Pheromone trapping,2087
51.66556496365229,-114.57137378980406,Synthetic data,29470
46.91910268255742,-109.26672511635115,Synthetic data,24084
45.721124224251824,-117.57106474032908,Defoliation surveys,40744
43.024757195671555,-107.23976437066447,Synthetic data,20204
50.42686426802538,-105.91861472663004,Synthetic data,28031
50.266544476908166,-110.28358196222688,Synthetic data,27852
50.31963073043153,-117.37049596355064,Synthetic data,27912
32.95727432257263,-114.8880692149396,Synthetic data,10901
45.738549384656494,-117.27396119679584,Defoliation surveys,41413
52.629143511352595,-125.64159248454962,Synthetic data,30602
44.43037403566995,-108.26855934626656,Synthetic data,21589
40.60502365400316,-120.3775017890148,Synthetic data,17785
40.695084081962705,-119.07155447959668,Synthetic data,17876
42.28950643813005,-107.3832818857627,Synthetic data,19448
46.701,-114.001,iNaturalist,50390
53.422654228517786,-113.0810971550527,Synthetic data,31528
43.68260342275358,-115.17991216788631,Defoliation surveys,42374
43.545579688516845,-115.3195894112243,Defoliation surveys,42029
43.42228638171218,-113.5006635048776,Synthetic data,20587
39.731,-105.248,iNaturalist,50910
36.737,-118.967,iNaturalist,50147
39.245629,-105.26326,Pheromone trapping,324
44.906497865740675,-121.6464844510192,Synthetic data,22066
44.589697947201785,-112.838623514981,Synthetic data,21750
40.03084240027238,-119.13928179163486,Synthetic data,17207
39.87251153387993,-121.14489713978264,Defoliation surveys,47861
50.49359589081723,-113.658815685194,Synthetic data,28108
41.923185328044205,-115.5119790072916,Defoliation surveys,45425
48.798962051572744,-127.5199092652183,Synthetic data,26154
45.75532072689507,-117.281589986907,Defoliation surveys,41412
36.61372241719728,-118.81052162844075,Defoliation surveys,44542
35.27185404743068,-109.90569293597946,Synthetic data,12653
37.922881761798635,-119.82580823433818,Synthetic data,15110
50.48113891274935,-121.31671789859058,Defoliation surveys,47246
40.191,-121.119,iNaturalist,50848
44.210053145186976,-123.67127942549996,Synthetic data,21381
36.11081447388278,-117.40070565434873,Synthetic data,13394
34.356804484152235,-107.8978022428928,Synthetic data,11868
40.74287246196763,-122.10357872658642,Synthetic data,17931
40.20008270611288,-120.61742720089389,Synthetic data,17387
43.77881682113529,-118.82220728287538,Defoliation surveys,40130
41.23270395270083,-105.7549302711268,Synthetic data,18417
46.90522,-121.08755,Pheromone trapping,1602
48.25184311249963,-118.7728803999096,Defoliation surveys,43802
48.73167,-119.17528,Pheromone trapping,323
31.69722521159565,-105.69674439326629,Synthetic data,10183
49.08342121958178,-119.5855322394157,Defoliation surveys,46128
48.13018293007883,-114.52636279953698,Defoliation surveys,45762
43.7059768317607,-115.28455399895776,Defoliation surveys,41988
43.82566634967225,-107.76622065226547,Synthetic data,21001
52.390991722932085,-126.52488806610928,Synthetic data,30323
49.35727766453056,-121.4726135962992,Synthetic data,26789
38.817476398602594,-114.50961537560217,Synthetic data,16004
52.379002994683105,-105.90381790348329,Synthetic data,30312
39.96607053664047,-110.56090797530489,Synthetic data,17146
45.10372,-121.46297,Pheromone trapping,250
46.644161367672496,-113.32670697127467,Synthetic data,23802
43.656834129239385,-115.1488719888207,Defoliation surveys,41526
34.09373295685509,-120.88287223805672,Synthetic data,11636
39.150025104521774,-107.50145604112186,Synthetic data,16330
49.89770989987301,-104.52093092177527,Synthetic data,27427
43.66815901506884,-115.62077057933662,Defoliation surveys,42008
40.83076543925563,-106.20364781003444,Synthetic data,18012
48.10456287767738,-124.68914474186022,Synthetic data,25333
45.051807632513466,-117.4419130025265,Defoliation surveys,44909
47.40102433601706,-115.1130406238433,Defoliation surveys,49350
53.092652753111906,-122.91485338140046,Synthetic data,31140
44.867864121391904,-121.43739703122992,Synthetic data,22031
40.19332646892872,-108.8163895662292,Synthetic data,17376
47.08774087071666,-116.86712518505664,Defoliation surveys,47422
46.89452157491692,-113.8578056628345,Defoliation surveys,49593
43.40694239892764,-110.31646843114868,Synthetic data,20566
53.692833449691534,-106.80505117517896,Synthetic data,31839
38.803766072378494,-109.43703312642174,Synthetic data,15982
45.37625118267936,-118.16997616755296,Defoliation surveys,40436
37.966,-104.997,iNaturalist,50794
39.57950888975756,-105.07650277222274,Synthetic data,16769
33.031699044513516,-111.21267562900904,Synthetic data,10944
51.19415604759706,-121.37565557745984,Synthetic data,28929
43.96387885027389,-118.79864218010356,Defoliation surveys,48454
31.892782018054277,-106.50072317896412,Synthetic data,10299
47.14922251703683,-109.83517207985278,Synthetic data,24302
35.60991283762269,-112.34458410472143,Synthetic data,12955
42.16977851744741,-104.48916384240148,Synthetic data,19346
36.48840299411677,-119.51831321720964,Synthetic data,13730
39.8013526169816,-112.34242225665366,Synthetic data,16982
40.437750821351074,-109.0407956103445,Synthetic data,17611
36.49347343237605,-114.66525451943744,Synthetic data,13738
45.99185698077087,-117.6027759334427,Defoliation surveys,41099
49.056893705623224,-118.67360455560264,Synthetic data,26444
47.16899803082924,-117.10472090786789,Synthetic data,24319
44.09766,-119.10747,Pheromone trapping,1557
52.13255828630645,-123.2376329585677,Synthetic data,30020
43.53018549314213,-115.40117652978972,Defoliation surveys,41671
49.505276992800646,-121.98931238934163,Synthetic data,26967
45.7157229716302,-118.00425554283648,Defoliation surveys,40273
45.766407627521865,-118.14527760824188,Defoliation surveys,40676
46.22750447754515,-111.7893138647778,Synthetic data,23391
41.68853797996417,-115.32420597336022,Synthetic data,18860
39.91700121335453,-110.92746770905796,Synthetic data,17094
33.85346049402297,-110.91305198928544,Defoliation surveys,45779
44.44046351903114,-115.8296325338642,Defoliation surveys,43329
41.869583152649376,-115.47478730683376,Defoliation surveys,46780
31.78177437814884,-112.13231144071324,Synthetic data,10228
40.963,-105.578,iNaturalist,51397
42.23705074458849,-108.9765382577898,Synthetic data,19406
44.52983958570985,-121.86181802436477,Synthetic data,21691
33.24926912103547,-110.78185240842868,Synthetic data,11079
47.1252,-120.9293,Pheromone trapping,1398
41.90447314194171,-120.59647429146573,Synthetic data,19076
45.15982120804256,-106.87584775872529,Synthetic data,22316
46.12105255430437,-117.69857016777436,Defoliation surveys,42609
39.86283598461887,-122.62189630733336,Synthetic data,17046
43.92830588412471,-109.12783960113302,Synthetic data,21102
47.56653288280112,-116.94591945668267,Defoliation surveys,47456
44.38308321388136,-116.07530387389876,Defoliation surveys,43270
38.02838647610042,-111.45339416415663,Synthetic data,15212
47.72718719032121,-114.55502354926216,Defoliation surveys,45465
34.719827367633116,-114.287760909996,Synthetic data,12181
41.645162383210845,-113.68804718053434,Synthetic data,18825
35.668,-105.876,iNaturalist,51045
51.030549,-121.542217,Pheromone trapping,3034
36.274,-115.671,iNaturalist,50497
41.74389275367139,-118.0457683961722,Synthetic data,18921
37.60519475315232,-105.05906284862432,Synthetic data,14794
48.89356197102461,-104.66195137234172,Synthetic data,26249
44.324449478881434,-120.82885091140632,Synthetic data,21488
34.93247041408904,-117.15728397201748,Synthetic data,12361
45.58804112217126,-118.09084270073704,Defoliation surveys,40423
46.13918191192403,-117.70815692071643,Defoliation surveys,41108
39.88906136940932,-116.4948563342332,Synthetic data,17067
38.89248289039824,-122.16723215591628,Synthetic data,16076
37.62869716715067,-117.84946703125024,Synthetic data,14819
39.9442862875876,-106.6057114743744,Synthetic data,17119
32.97384758538101,-107.75979379029012,Synthetic data,10912
41.29362163558835,-109.45346095808782,Synthetic data,18472
35.393505282641854,-105.90252870618131,Synthetic data,12769
34.052901968650986,-109.5614798606257,Synthetic data,11596
47.507519295148086,-104.79579429206206,Synthetic data,24666
47.70921969728795,-114.54960612299762,Defoliation surveys,45462
37.9193954487564,-111.06980943086091,Synthetic data,15107
42.747560101386625,-108.92630793113494,Synthetic data,19923
50.24977358977776,-109.563628428441,Synthetic data,27825
38.62486547010485,-103.98954605520704,Synthetic data,15811
43.53063299276589,-114.45270807077348,Defoliation surveys,45675
48.03828987639418,-118.6217001680348,Defoliation surveys,43877
40.31276547983951,-120.7525771638664,Defoliation surveys,47950
48.13014017313949,-114.51002486831544,Defoliation surveys,47782
32.949,-105.738,iNaturalist,50351
52.847994148614816,-118.2558176862658,Synthetic data,30856
44.26301260688342,-115.56427943869494,Synthetic data,21430
41.44211596995592,-110.3628826670465,Synthetic data,18629
42.44616139907157,-120.8249432700104,Synthetic data,19620
45.75369889038848,-107.30177781335078,Synthetic data,22917
46.10592758677459,-117.66657906485692,Defoliation surveys,47382
41.86599325609859,-121.55514002975542,Synthetic data,19041
50.888539691397455,-104.58296187309315,Synthetic data,28572
53.12362023309106,-114.67215116741136,Synthetic data,31174
48.09076120285317,-116.00546305213356,Synthetic data,25315
44.31747731141513,-113.93336031236686,Synthetic data,21481
46.54656018491369,-106.3987264483003,Synthetic data,23712
37.606404005608056,-120.2673342868802,Synthetic data,14799
45.39952522505578,-118.10088693744288,Defoliation surveys,40231
43.80824591527926,-112.76947632507654,Synthetic data,20985
35.29478979628766,-115.77633576403603,Synthetic data,12677
53.44733474118402,-125.22567619325127,Synthetic data,31567
34.46897527404205,-111.07789957587528,Defoliation surveys,48950
35.84952638106188,-110.60683772887567,Synthetic data,13164
34.011079172603786,-117.30465836275836,Synthetic data,11557
43.488782667468705,-115.45809403562258,Defoliation surveys,41601
46.91368666279595,-119.62700924678938,Synthetic data,24073
48.25144489656668,-108.79643120185938,Synthetic data,25501
49.0951490769512,-114.52701690787217,Synthetic data,26492
45.294346196272066,-116.89406779263452,Defoliation surveys,42808
46.07407335047094,-117.4344626173985,Defoliation surveys,41044
44.363467432382464,-115.94921458514096,Defoliation surveys,43093
46.47149,-120.97473,Pheromone trapping,1357
47.52774138638051,-118.11208896286551,Synthetic data,24686
48.0178,-118.78411,Pheromone trapping,651
48.459609579178505,-108.31013963388978,Synthetic data,25751
50.123910775990225,-114.3633613953134,Synthetic data,27685
50.68263682065299,-121.2228441715706,Synthetic data,28335
37.49973969330313,-112.14461196493356,Synthetic data,14693
50.39665711449925,-107.8336523650214,Synthetic data,27990
36.55764715495752,-119.17046512675006,Synthetic data,13800
53.8172337388969,-118.17487141425954,Synthetic data,31983
48.24756,-119.14069,Pheromone trapping,647
36.50711175944889,-112.84380839648657,Synthetic data,13748
52.00807614502264,-112.121868365095,Synthetic data,29882
46.791853703329714,-113.50824552014288,Defoliation surveys,49565
50.46981537204749,-120.25245494435764,Defoliation surveys,47067
37.869533899996895,-123.25875266065124,Synthetic data,15062
49.24723508938189,-120.0157530275554,Defoliation surveys,46512
45.29099,-118.9674,Pheromone trapping,794
51.46588593424531,-108.1021644154098,Synthetic data,29239
46.21447668230872,-117.75226658627362,Defoliation surveys,41040
49.1596434127423,-114.14290907041868,Synthetic data,26561
45.297828870185185,-109.65806371654617,Synthetic data,22462
46.72803992085392,-104.20786780136405,Synthetic data,23877
42.203200309188105,-108.21876942773817,Synthetic data,19373
43.83659100635878,-115.47211442306524,Defoliation surveys,41724
48.07147,-118.79486,Pheromone trapping,646
49.089559656509664,-111.67811734956922,Synthetic data,26484
52.22186679410515,-118.29501157504274,Synthetic data,30134
49.53908015001798,-121.77921606786548,Synthetic data,27006
34.180657858087216,-117.54610083048463,Synthetic data,11717
50.08411043474917,-117.34921625675634,Synthetic data,27640
38.670887518674135,-112.08778181212256,Synthetic data,15855
39.468,-105.252,iNaturalist,50903
33.25321398873348,-111.20558370219078,Synthetic data,11082
37.76501666702097,-119.06438302272,Synthetic data,14953
37.70720105577493,-123.68537044490222,Synthetic data,14899
37.78246488375589,-117.97377842268908,Synthetic data,14975
43.72903430786835,-115.14824283782605,Defoliation surveys,42190
47.68909823411377,-123.973299311765,Synthetic data,24847
42.81888357317075,-113.1144086571294,Synthetic data,19993
53.44658170099137,-120.74756885023088,Synthetic data,31565
42.80901,-120.96813,Pheromone trapping,1609
49.696347262652125,-110.96198380558052,Synthetic data,27183
52.11413587653078,-119.2246257183142,Synthetic data,30003
42.64241854735883,-121.72570244502276,Synthetic data,19818
47.04891,-121.24813,Pheromone trapping,1599
47.26362510561012,-120.80868254392408,Synthetic data,24421
47.90291286277352,-105.12601582851494,Synthetic data,25095
41.1689508073614,-111.53249589679764,Synthetic data,18346
49.719567390333395,-106.23156377475244,Synthetic data,27214
42.350049437605776,-119.73547362076351,Synthetic data,19525
45.027552511317865,-117.3549329612363,Defoliation surveys,49689
47.465181106410455,-109.9690473441733,Synthetic data,24617
52.97774340963224,-124.21670147328405,Synthetic data,30996
39.574386801512446,-108.4921939887572,Synthetic data,16763
45.83300727565074,-119.79419588035672,Synthetic data,22992
50.181021754513495,-122.85114140849328,Synthetic data,27745
49.22468084122535,-119.99781133297928,Defoliation surveys,46575
35.39602996321628,-116.50486770377027,Synthetic data,12777
38.5901020799065,-111.41355469840346,Synthetic data,15788
51.79536995268427,-121.75319407327332,Synthetic data,29626
42.85928920120932,-123.5660253103706,Synthetic data,20032
33.397312123910524,-107.8748118817457,Synthetic data,11163
44.69987913704245,-107.35636235057608,Synthetic data,21860
53.55314613279188,-114.83727448643184,Synthetic data,31676
39.03668993676547,-124.4283616556786,Synthetic data,16231
45.52910736121703,-115.89894227415787,Synthetic data,22700
48.76612421008758,-126.09088085731491,Synthetic data,26108
48.1272,-120.15098,Pheromone trapping,1698
44.81944646706216,-116.3166908051018,Defoliation surveys,48614
45.34784,-118.16881,Pheromone trapping,791
51.79529679717962,-122.38954112911595,Synthetic data,29625
43.15347330679651,-108.62771436141338,Synthetic data,20331
39.47975014097756,-107.56915886705974,Synthetic data,16663
43.772323154906886,-115.39293807026822,Defoliation surveys,44464
44.46090391284088,-124.08836978545878,Synthetic data,21625
49.46780931705143,-122.63689267577138,Synthetic data,26919
48.82057033787714,-108.54444109788164,Synthetic data,26175
49.62697880464796,-119.7867487773714,Defoliation surveys,47046
38.727351816836745,-115.83228770288406,Synthetic data,15903
33.10060437209904,-113.22667704487684,Synthetic data,10995
48.53690192307113,-117.19693557691062,Synthetic data,25839
38.08779333851999,-110.28937926329672,Synthetic data,15276
40.09735954378266,-109.6256376831443,Synthetic data,17272
38.92588652076665,-116.99333203985589,Synthetic data,16115
38.589701473596506,-104.20231932820752,Synthetic data,15786
46.45272706047399,-114.39144417154604,Synthetic data,23609
49.12594562518643,-122.22356157068862,Synthetic data,26522
46.8958229800337,-123.83878703182565,Synthetic data,24052
40.84399898402626,-116.51293906313369,Synthetic data,18025
40.02910417813109,-121.68915977468714,Synthetic data,17206
35.238327965838835,-105.64884933992288,Synthetic data,12629
46.66552648099605,-119.8540984041756,Synthetic data,23820
46.16527609247714,-105.69717099709668,Synthetic data,23323
37.583844113803934,-112.34215263451917,Synthetic data,14765
41.80480908683967,-119.14691819163272,Synthetic data,18982
47.26521473047022,-114.15234244297172,Defoliation surveys,48900
44.18089859018801,-118.23388354550116,Synthetic data,21348
39.080568,-120.416609,Pheromone trapping,427
41.192448652815074,-121.74571585003288,Synthetic data,18376
46.77326862770936,-114.02326689334342,Defoliation surveys,48983
45.75218832403069,-117.70561081978808,Defoliation surveys,40689
46.0427673877657,-115.85845390282893,Defoliation surveys,47495
44.97790781442757,-117.11136010576506,Defoliation surveys,41266
51.69725504354574,-115.16162507771514,Synthetic data,29513
50.99459412670694,-107.6155599405174,Synthetic data,28695
48.42845120537095,-121.94256018241867,Synthetic data,25703
44.73015516821761,-110.609900710464,Synthetic data,21895
49.4909030967392,-112.28602965245956,Synthetic data,26948
33.75488361821044,-112.0021952073439,Synthetic data,11369
35.38586782274069,-111.3902438118239,Synthetic data,12761
48.95207216767454,-119.71924657275768,Defoliation surveys,46710
52.72738515585661,-118.70908992754994,Synthetic data,30721
49.39916870112788,-119.62889087630828,Defoliation surveys,47301
45.89729948620255,-117.7631472109163,Defoliation surveys,47598
39.73186878400156,-116.4350622399943,Synthetic data,16920
42.20854326304228,-113.71575134213832,Defoliation surveys,45183
43.60039142198569,-115.29596688651571,Defoliation surveys,41893
44,-123.084,iNaturalist,50400
34.95713964570314,-106.97642295865808,Synthetic data,12389
39.20721466672368,-104.95645739357433,Defoliation surveys,48054
53.35337803285802,-117.12472570175304,Synthetic data,31442
31.968862408713903,-112.25889737845864,Synthetic data,10341
46.00308356421564,-117.869949531822,Defoliation surveys,40852
43.60951597600163,-115.31214252460325,Defoliation surveys,41592
47.49244999064831,-104.32225815852873,Synthetic data,24644
34.763053115748335,-106.83342649810947,Synthetic data,12223
46.09201168558886,-117.4321881481838,Defoliation surveys,41112
45.10322567419641,-117.3652448054736,Defoliation surveys,44675
34.80378636106616,-110.9150572725921,Synthetic data,12253
36.73608186491765,-110.56292983650928,Synthetic data,13952
47.74683834573581,-118.05710411722578,Defoliation surveys,43620
43.85158551615101,-115.60220196227934,Defoliation surveys,41453
49.15930588566698,-120.85192316723987,Synthetic data,26560
47.3,-120.711,Lab Collections,51443
46.08087961139043,-117.68687563012908,Defoliation surveys,40912
47.152766752069994,-115.7902554858321,Defoliation surveys,49199
50.4714942597202,-112.6449347922462,Synthetic data,28084
45.28636,-116.95014,Pheromone trapping,1641
47.40980181313353,-121.35359728091862,Synthetic data,24558
39.397,-105.076,iNaturalist,51194
42.06265094579189,-121.32371897950529,Defoliation surveys,41427
48.39652813782595,-120.2858369232101,Defoliation surveys,47031
48.02462772693252,-116.52063426596578,Synthetic data,25231
38.694548,-120.515566,Pheromone trapping,536
50.79455020924797,-119.04273557086708,Synthetic data,28468
50.871806177526736,-121.43633954292456,Defoliation surveys,47210
51.69608980586054,-117.94432534696534,Synthetic data,29511
50.691973988490645,-109.93614770221755,Synthetic data,28347
48.478823254494394,-120.11000557665744,Defoliation surveys,47035
45.40478745229784,-118.15419237432172,Defoliation surveys,43558
44.25850545296188,-116.19772786046993,Defoliation surveys,43263
37.088711518386845,-120.12366107053822,Synthetic data,14282
50.65944656320071,-119.9164084231359,Defoliation surveys,46078
49.11124670272693,-118.95437907002632,Synthetic data,26509
42.463132353674155,-111.5915536718676,Synthetic data,19630
41.701849923469126,-104.68821795313852,Synthetic data,18874
47.545832017262,-114.1861597581883,Synthetic data,24702
40.637,-111.482,iNaturalist,51133
49.72233156324364,-124.0420837267302,Synthetic data,27216
39.346909995181896,-105.25603695330538,Defoliation surveys,43015
42.481228302640375,-114.15257673768792,Synthetic data,19646
49.86662499641534,-107.04377703688806,Synthetic data,27381
41.353990007250104,-123.70141954027348,Synthetic data,18532
51.80806922062766,-126.30441069975495,Synthetic data,29643
48.81814209967915,-118.20732318022084,Defoliation surveys,43951
45.802856457330414,-117.62861341317,Defoliation surveys,43684
46.8913001799816,-116.81165221056276,Defoliation surveys,44741
43.142661487625446,-107.97309535642852,Synthetic data,20315
52.5836318100919,-124.5329352139961,Synthetic data,30547
47.41582609154284,-118.70817657874431,Synthetic data,24567
52.433737296785694,-116.03482929361051,Synthetic data,30370
43.44310606853853,-114.9619402702488,Defoliation surveys,44273
40.77707359858323,-113.72892016073456,Synthetic data,17957
41.653998307243455,-119.04085564496928,Synthetic data,18831
40.337925189116504,-119.82451976509763,Synthetic data,17514
46.82474549699598,-116.87703888250086,Defoliation surveys,42678
44.65661148971412,-111.51004572509557,Synthetic data,21816
34.65216197171525,-106.43977053987751,Defoliation surveys,49948
44.568,-123.396,iNaturalist,50352
35.12439363100566,-112.84934697771678,Synthetic data,12535
34.655572090588976,-105.12188967509428,Synthetic data,12118
37.83143333677435,-123.9355612784857,Synthetic data,15022
45.9769,-121.041,Pheromone trapping,1273
47.25508899357742,-115.4050124987668,Defoliation surveys,49282
51.33973707543919,-113.34318439295748,Synthetic data,29107
41.80637784758951,-115.3432585951467,Defoliation surveys,45732
41.40749838750344,-121.1327475659782,Synthetic data,18595
37.820520440873224,-115.4386501130648,Synthetic data,15012
52.9358867626288,-127.56993546331069,Synthetic data,30949
33.118345749448054,-114.66183742904104,Synthetic data,11006
43.88557005580515,-110.95679828670109,Synthetic data,21048
43.10299351543654,-109.73466675903182,Synthetic data,20276
45.96662447616772,-117.5562158492734,Defoliation surveys,40066
51.882823460095096,-110.21553404221775,Synthetic data,29733
34.891660651075654,-121.94544683489949,Synthetic data,12327
46.06907291594712,-117.68188052714711,Defoliation surveys,44879
37.44648985430831,-108.01720175996888,Synthetic data,14633
42.99304794106865,-110.7696102973423,Synthetic data,20163
45.89095,-121.14449,Pheromone trapping,1316
52.32050940481713,-117.755000315723,Synthetic data,30240
50.70769886649214,-123.9336235159426,Synthetic data,28366
45.77293100713346,-117.56957738141696,Defoliation surveys,43682
43.10787181345044,-116.7648963401459,Defoliation surveys,44729
33.02365526347421,-109.6086177036632,Synthetic data,10938
47.79576996329706,-119.16996726574143,Synthetic data,24966
45.021820291399465,-117.35007870969578,Defoliation surveys,49685
47.926524721842725,-111.02262366673676,Synthetic data,25123
34.302535758994054,-111.81191230280092,Synthetic data,11821
53.80615649872925,-117.93545178871136,Synthetic data,31969
43.534682412602386,-115.50282331819238,Defoliation surveys,41668
37.734872768924106,-124.58695915603312,Synthetic data,14924
32.27395699132467,-114.48644829232944,Synthetic data,10520
42.87892312958138,-119.18564625218278,Synthetic data,20052
46.01171493623406,-123.1025693982374,Synthetic data,23180
41.50930386962136,-122.30956629413411,Synthetic data,18685
35.929377626627684,-110.2613291828311,Synthetic data,13237
39.030989773978945,-104.09674850624288,Synthetic data,16224
45.45727737999976,-118.38854506160986,Defoliation surveys,43528
50.13004031300079,-121.7753102533752,Synthetic data,27691
33.104876150377095,-107.37271450721892,Synthetic data,10996
49.11346548749134,-111.3611865551211,Synthetic data,26511
53.1486286612344,-126.19203662977088,Synthetic data,31207
45.42786,-118.16547,Pheromone trapping,488
44.701207081845496,-120.35208299005173,Synthetic data,21863
44.80597527170782,-116.28625186938976,Defoliation surveys,48613
41.902258870000765,-115.34741011460213,Defoliation surveys,45586
50.07643978187116,-104.01306840480538,Synthetic data,27632
38.988996990257874,-109.68132671067724,Synthetic data,16185
44.88628528511617,-109.09299724869196,Synthetic data,22045
41.53669238323346,-119.25630961393472,Synthetic data,18708
44.31647816760233,-118.66649703518488,Synthetic data,21478
48.85549732070649,-104.26978640560992,Synthetic data,26212
42.74873857811326,-104.63968907069648,Synthetic data,19925
48.08445406897226,-126.44234733533813,Synthetic data,25310
48.702382966002915,-107.6347257712041,Synthetic data,26026
40.50659227796132,-107.98230102157686,Synthetic data,17694
53.10333142592572,-109.783963677648,Synthetic data,31154
47.279587073008514,-115.53031314358,Defoliation surveys,49296
48.09285275300499,-123.4877903642482,Synthetic data,25319
42.22293798887404,-104.81649923336226,Synthetic data,19393
44.8355355996352,-116.28896065467735,Defoliation surveys,48623
47.81871739326984,-114.59512288088852,Defoliation surveys,45614
37.79369539162144,-112.55680416087851,Synthetic data,14987
44.799456290493254,-121.71979767549784,Synthetic data,21971
53.09946804260835,-104.64279799716314,Synthetic data,31150
45.219759002444334,-117.26106137549505,Synthetic data,22362
39.851014685697606,-121.046463123,Defoliation surveys,43008
32.32903366087703,-111.05932027514793,Synthetic data,10552
44.07988546456909,-123.13931853004031,Synthetic data,21253
43.91592942680843,-119.0648088665246,Defoliation surveys,48435
38.10787649964914,-122.4975905623287,Synthetic data,15293
48.01539943716489,-114.49767968425294,Synthetic data,25222
50.67453256,-121.2521815,Pheromone trapping,4006
44.14622067488462,-116.06384340646756,Defoliation surveys,43333
52.4145682817325,-120.08608825330155,Synthetic data,30347
52.109939156798646,-116.43492285930552,Synthetic data,29999
47.73803,-120.48454,Pheromone trapping,1481
44.665491,-116.86794,Pheromone trapping,2038
32.90856764110461,-105.64849400873878,Defoliation surveys,45142
47.98253,-120.34264,Pheromone trapping,1459
43.78250932336664,-115.28337307328788,Defoliation surveys,42200
38.217119805223774,-118.27732613810804,Synthetic data,15402
53.08174829353811,-125.76268510165391,Synthetic data,31123
32.43955701217055,-110.72616930137156,Synthetic data,10616
50.64255794783821,-103.94920791772893,Synthetic data,28289
48.68461172422394,-114.11494153452804,Synthetic data,26005
33.728090626362246,-113.98997372505256,Synthetic data,11350
36.256,-115.646,iNaturalist,50793
50.36897934962888,-120.34394569726923,Defoliation surveys,46310
51.8501812715549,-118.7869080537348,Synthetic data,29692
50.48193402920151,-113.59691028814996,Synthetic data,28097
37.05695982027101,-113.05792218266288,Synthetic data,14242
50.78719474768036,-120.37088393298576,Defoliation surveys,46303
34.53398677095538,-106.44594291283283,Synthetic data,12030
34.778744803508744,-106.0700023493264,Synthetic data,12235
40.281560271338094,-105.21048667223658,Synthetic data,17457
35.133065241214354,-115.61508126638364,Synthetic data,12539
43.7611974219908,-123.88592919940128,Synthetic data,20925
34.248,-117.228,iNaturalist,50545
38.76031113072531,-104.6655246950104,Synthetic data,15937
33.05103270307882,-112.851587163168,Synthetic data,10963
44.81659431871958,-120.47181455459211,Synthetic data,21988
36.42666146985721,-120.5529796310002,Synthetic data,13682
48.185084927710705,-110.99114583578194,Synthetic data,25428
53.062449623597786,-123.2672939840122,Synthetic data,31099
50.48503729054937,-114.78675984597066,Synthetic data,28100
52.91359697235748,-123.5098326888401,Synthetic data,30926
42.407596144708805,-121.3079997645691,Synthetic data,19584
38.62852711271262,-108.43186095607234,Synthetic data,15816
38.837705473648384,-114.37484258948824,Synthetic data,16025
48.50037408258183,-117.93085629685116,Defoliation surveys,43998
46.12768170487435,-117.65682700005732,Defoliation surveys,42802
43.725519420449245,-114.96041964229627,Defoliation surveys,48805
49.33621442364529,-110.51897604903206,Synthetic data,26772
40.5189621366444,-112.71231843205167,Synthetic data,17710
35.459679462597705,-119.87706023908686,Synthetic data,12827
40.402,-121.619,iNaturalist,50651
37.51919241556339,-119.73252796175456,Defoliation surveys,42822
44.40965092286933,-117.40470972209005,Synthetic data,21574
50.08614799409406,-122.7835553191835,Synthetic data,27642
52.23483808542369,-119.895603472949,Synthetic data,30143
53.177919196139555,-114.32683187071234,Synthetic data,31241
35.6287082527997,-105.53167905384907,Synthetic data,12978
51.5294187857653,-110.93178736389382,Synthetic data,29313
43.28162862133467,-117.6436682579806,Synthetic data,20453
48.72219320357544,-126.56321644457056,Synthetic data,26048
44.348293457784266,-116.13149575568576,Defoliation surveys,43133
52.362877439765725,-115.19044096919242,Synthetic data,30288
48.02414356963329,-118.6062410923471,Defoliation surveys,43875
34.088,-116.884,iNaturalist,51214
40.60441921750317,-111.6755020416458,Synthetic data,17784
44.189548,-116.005948,Pheromone trapping,2399
34.396803729003295,-108.56379936158191,Synthetic data,11905
49.26098185143201,-119.05975046695676,Synthetic data,26679
47.19342970778234,-111.71499647560996,Synthetic data,24345
46.88805717517197,-116.61873431931625,Defoliation surveys,45128
38.1148835249478,-123.60935188166331,Synthetic data,15298
32.50111762963934,-105.77967076643836,Synthetic data,10657
47.67855,-120.7299,Pheromone trapping,1663
44.490128932811785,-110.03460521803936,Synthetic data,21655
35.249535319569986,-120.13956834911367,Synthetic data,12639
39.531387471128255,-107.60635560657828,Synthetic data,16712
43.49609758137444,-115.17983414469654,Defoliation surveys,42341
33.44464321201667,-104.10044392221609,Synthetic data,11194
37.05944657284999,-122.22739618929336,Synthetic data,14245
48.06194,-120.06722,Pheromone trapping,344
50.11471847986635,-119.40357250092713,Defoliation surveys,47128
45.85953781072749,-123.23160580586408,Synthetic data,23020
45.45794653752694,-118.281211571317,Defoliation surveys,40653
48.441631404915825,-112.62465205049376,Synthetic data,25724
45.979267195561995,-115.24447791514493,Defoliation surveys,49251
46.09691232392228,-117.76515282210605,Defoliation surveys,44884
39.709,-105.297,iNaturalist,51141
50.96695721067954,-127.73119238443904,Synthetic data,28660
53.91363745910349,-104.93490307644242,Synthetic data,32088
48.331540216633584,-119.6350915885414,Synthetic data,25582
44.80900738877244,-121.17417500173906,Synthetic data,21982
50.97172048158245,-115.39966485387411,Synthetic data,28667
35.74357830011286,-113.07254061644198,Synthetic data,13104
47.229432326496635,-116.8470799701302,Defoliation surveys,47427
45.80250578662184,-117.71469768188594,Defoliation surveys,40745
52.40905727329664,-105.00939805118831,Synthetic data,30342
53.08355876803398,-123.92652412125608,Synthetic data,31125
50.75901910410124,-120.5292076562321,Defoliation surveys,47000
40.804983529029414,-113.4716564604896,Synthetic data,17986
49.467426057264674,-109.27115453605074,Synthetic data,26916
45.51396088657893,-118.10467539613596,Defoliation surveys,40239
38.00489849254239,-119.3515481150256,Defoliation surveys,49617
46.797051014939605,-116.7223934572948,Defoliation surveys,42686
47.714148218610816,-114.3051565531199,Defoliation surveys,45490
46.59985246043652,-109.29394108592533,Synthetic data,23757
45.006550418887365,-117.1876866781166,Defoliation surveys,49676
46.126645928255115,-117.25562709532409,Defoliation surveys,43694
36.22241648455383,-111.24902500485769,Synthetic data,13492
50.59262932557613,-113.22511084849248,Synthetic data,28223
45.91797278258797,-117.88049729041352,Defoliation surveys,42598
54.02527537685819,-122.63699369470125,Synthetic data,32229
43.63732689930874,-115.3886296266538,Defoliation surveys,41533
51.00078896962805,-122.7026875076699,Synthetic data,28701
32.04871134145651,-106.23909430962522,Synthetic data,10391
48.57458641589619,-121.5697004259564,Synthetic data,25881
42.0806514399475,-114.12044774504258,Defoliation surveys,45180
38.315708957845345,-113.54659631103276,Synthetic data,15500
45.41885696855654,-118.28752863175004,Defoliation surveys,40517
45.928611877580664,-115.70282347078412,Defoliation surveys,47718
48.324118025484495,-125.38383259577677,Synthetic data,25575
43.867888668435626,-119.01267396239564,Synthetic data,21037
47.81197860609973,-106.55731637100688,Synthetic data,24981
36.583,-118.734,iNaturalist,51349
49.054831476008985,-114.82230913784588,Synthetic data,26441
43.39419272670057,-107.02954666467848,Synthetic data,20557
50.777437564102,-120.73688407219016,Synthetic data,28444
54.09457114135148,-106.02033621037845,Synthetic data,32305
49.52877413469832,-116.3002636548481,Synthetic data,26997
44.738067,-116.625366,Pheromone trapping,2067
49.73180703545222,-106.84664265211904,Synthetic data,27223
50.22333994857035,-107.71990554808872,Synthetic data,27789
41.98484509123955,-111.53233457467286,Synthetic data,19155
46.1300927354666,-117.27290846340858,Defoliation surveys,43695
43.83749652202191,-115.5883059473742,Defoliation surveys,42070
51.1022311,-121.5640116,Pheromone trapping,3037
34.09836527094551,-107.18543643325928,Defoliation surveys,49937
44.3215230712085,-110.8980072880513,Synthetic data,21486
36.979403271281626,-107.5752671409282,Synthetic data,14181
46.1617654474685,-104.6211625986616,Synthetic data,23319
48.4290565950796,-126.58556937635876,Synthetic data,25705
33.75024492602097,-105.9368159896112,Synthetic data,11367
45.02804461081792,-117.32147281540205,Defoliation surveys,44901
53.580958271049894,-127.88464218808804,Synthetic data,31707
45.79167,-117.08333,Pheromone trapping,521
51.90289260470309,-114.83063676353775,Synthetic data,29760
33.90033881762065,-107.55680559139,Synthetic data,11456
45.01881271306885,-117.43370415622296,Defoliation surveys,44613
46.09200249893215,-117.7489191864442,Defoliation surveys,41060
43.85348966400001,-115.48243153285556,Defoliation surveys,42241
32.72081067139683,-105.72926828445564,Defoliation surveys,47968
34.682146407081746,-110.84683941624826,Synthetic data,12147
37.279839779992614,-119.42373385646766,Defoliation surveys,45533
47.188300894773,-114.1280944623998,Defoliation surveys,48892
45.89565540370493,-117.8106214197623,Defoliation surveys,44583
49.56956929009175,-121.15485825255746,Synthetic data,27041
43.554386014813645,-115.05848273653922,Defoliation surveys,42178
49.28390521404799,-118.0608011604054,Synthetic data,26711
47.24408845699427,-115.9975733995003,Defoliation surveys,49152
47.666542108332074,-114.82364990625727,Defoliation surveys,49392
47.37117145684028,-114.96600855212724,Defoliation surveys,49335
47.56609981122151,-120.6192844873922,Defoliation surveys,43517
48.17649115457554,-118.77283717696932,Defoliation surveys,43794
47.25540149944916,-117.08270734867216,Defoliation surveys,47428
45.20264353288803,-117.74852351780282,Synthetic data,22348
49.03391681291396,-106.95733133424072,Synthetic data,26418
44.05936,-118.77009,Pheromone trapping,1006
37.05385795107577,-119.77594385197152,Synthetic data,14239
48.95113746140851,-119.57132941769667,Synthetic data,26321
50.56158718123023,-121.81345486553975,Defoliation surveys,49655
45.4424449639845,-118.07647336964692,Defoliation surveys,40559
49.95950467482908,-107.79675842280268,Synthetic data,27499
35.54323481628671,-117.97369346651249,Synthetic data,12905
42.00005898432573,-116.466841733607,Synthetic data,19172
45.225052207051355,-116.90442704835552,Defoliation surveys,44971
48.387039532652125,-117.69687271973817,Synthetic data,25655
52.728634483297355,-108.63155629270476,Synthetic data,30725
46.05979093830389,-117.90590398548368,Defoliation surveys,43637
42.5084756797296,-111.94698828994296,Synthetic data,19677
40.15829461836256,-110.27511416072956,Synthetic data,17334
44.86992097387981,-116.31820665711186,Defoliation surveys,48641
42.23596540593137,-112.44909568993629,Defoliation surveys,45628
41.40094403515104,-117.205449722067,Synthetic data,18590
47.83697956026299,-119.12228070915444,Synthetic data,25018
52.409701303287875,-117.6113816537545,Synthetic data,30343
43.297572426788975,-115.7009578642319,Synthetic data,20470
34.7495375747676,-108.23957248905208,Synthetic data,12207
46.02252,-121.37555,Pheromone trapping,1190
45.58509889119964,-118.27823938473142,Defoliation surveys,40511
51.32771939842496,-114.1930285297567,Synthetic data,29093
50.92870904720621,-118.88447393366368,Synthetic data,28614
43.80283375717538,-115.31995456923664,Defoliation surveys,41653
39.88,-121.198,iNaturalist,50768
44.97606,-117.53683,Pheromone trapping,490
38.752,-104.843,iNaturalist,50752
48.191129023668765,-114.38816501318492,Defoliation surveys,48937
45.63529533789849,-118.19637030310388,Defoliation surveys,40449
48.14957600373639,-118.43630832297303,Defoliation surveys,43938
47.115065930325535,-116.96966104324126,Defoliation surveys,42568
46.15708358929349,-117.73117784383406,Defoliation surveys,41130
45.0841445321789,-117.37906433671203,Defoliation surveys,49696
32.29586853220826,-104.14201209525343,Synthetic data,10535
37.99908474285621,-122.20059007668168,Synthetic data,15191
47.09109085384989,-109.32614084723173,Synthetic data,24247
45.20097100152634,-109.35313883295748,Synthetic data,22345
53.513158186979126,-106.76261151727522,Synthetic data,31643
46.086506815163105,-117.89863353377292,Defoliation surveys,40981
47.79015,-117.58021,Pheromone trapping,945
36.10975933395093,-115.78004985966254,Synthetic data,13393
45.89171238289829,-117.6875777174104,Defoliation surveys,40024
42.14389731432311,-117.47920634923504,Synthetic data,19319
47.13179752269944,-115.8762451258418,Defoliation surveys,49812
46.09404844866367,-111.32036490086466,Synthetic data,23247
33.73633865674492,-115.03876499063335,Synthetic data,11358
46.705,-113.965,iNaturalist,50265
53.12037296098424,-116.0763182717492,Synthetic data,31171
44.85154202702688,-113.17220273031852,Synthetic data,22019
45.77900225465419,-108.16319969459435,Synthetic data,22938
47.28240605975222,-116.70176401881194,Defoliation surveys,47518
52.80087558116065,-104.95524841727456,Synthetic data,30800
32.39564858417725,-110.7766319446382,Synthetic data,10586
44.99256326055615,-117.0552165758002,Defoliation surveys,49035
50.69658869598061,-119.3346478206804,Synthetic data,28352
51.049999,-121.666672,Pheromone trapping,3023
41.98187696636887,-123.8661076388671,Synthetic data,19151
36.37980269524269,-121.87719093356282,Synthetic data,13633
45.14816262864042,-107.28874059632652,Synthetic data,22303
35.666805141139776,-119.3914682357572,Synthetic data,13014
43.75340041766019,-118.8292562330192,Defoliation surveys,42405
45.284792488324456,-106.01238101359922,Synthetic data,22444
36.3194750820403,-113.5111223544227,Synthetic data,13585
43.1911517737001,-115.34455302763772,Defoliation surveys,48786
33.54698724404443,-107.67598666617414,Synthetic data,11254
53.06173099193256,-121.64478098828113,Synthetic data,31098
36.527,-105.221,iNaturalist,50816
36.98493230238091,-124.02404972020304,Synthetic data,14186
47.632876248920574,-116.8964168086804,Defoliation surveys,47460
