PlotName,State,manual_id,lat,lon,years_trapped,max_trap
1 Mi N. of Mineral Mtn (11-216),ID,2209,47.07513,-116.87833,25,82.8
1 Mi S. of Iron Mtn,ID,2274,47.115284,-116.969199,24,87.8
1 mi NE of Stanford Point,ID,2250,46.82465,-116.66735,37,97.4
1 mi NW of Mineral Mtn,ID,2232,47.0727,-116.88829,40,93
1 mi S of Stanford Point,ID,2249,46.8086,-116.67886,37,89.4
1 mi SW of Moctileme Butte,ID,2305,47.256923,-116.925154,17,21.4
1 mi SW of Stanford Point 1,ID,2247,46.8085,-116.6905,37,90
1 mi W of Stanford Point,ID,2251,46.82698,-116.69386,37,97.8
1.5 mi NW of Avon,ID,2257,46.83728,-116.65518,37,68.6
1.5 mi S of Mineral Mtn,ID,2235,47.05068,-116.88861,39,107.6
1.9 mi S of Plummer,ID,2307,47.308351,-116.894425,17,80
10K trailhead,NM,548,35.21021,-106.434191,1,0
10_Mile,WA,1565,48.20015,-120.75899,2,0
11.8 km Old Hedley Rd,BC,4042,49.42575784000001,-120.2633399,14,3.8
12.7 km Ashnola River Road,BC,4034,49.21460311,-119.9312806,4,0.2
12_Mile_Monahan,WA,880,48.40357,-117.80002,35,5.4
13 Mile,WA,1717,48.4189,-118.7304,1,0.2
14_Mile,WA,315,48.90667,-119.83167,37,2.2
161,WA,1669,46.87735,-121.08753,2,0
1706-F,WA,1667,46.93313,-121.12167,2,0
1732_C,WA,1671,46.90519,-121.16915,2,0
1Mi._Nw_Elk_Mtn.,ID,2259,47.607419,-116.621109,2,8.4
2 Mi NW of Stanford PT,ID,2273,46.84174,-116.6951,23,89.4
2 mi N of Stanford Point,ID,2246,46.84473,-116.66824,37,86.2
2 mi NW of Stanford Point,ID,2252,46.82983,-116.6799,37,95.6
2 mi S of Moon Hill,ID,2243,46.87772,-116.72018,20,97.6
2 mi SE of Browns Mdw,ID,2240,46.82744,-116.7392,38,112
2 mi SE of Moon Hill,ID,2254,46.88526,-116.74075,37,80.4
2 mi SW of Moon Hill,ID,2256,46.87515,-116.70816,37,75.8
2 mi W of Pettis Point,ID,2313,47.239033,-116.45255,17,36.6
2 mi W of Plummer,ID,2210,47.34476,-116.94089,41,80.2
203_Rd_4Way_W,WA,1314,45.89095,-121.14449,2,20.4
20_Day,WA,662,46.2802,-121.11538,43,6.4
21 Mile,WA,1715,48.4106,-118.7324,1,0
2850_Road,OR,159,43.78186,-118.78733,40,99.8
2N10,CA,1451,34.421681,-116.95786,1,0
2N10-Mtn Bike 1,CA,1452,34.2212,-116.87334,1,0.3
2N10-Mtn Bike 2,CA,1453,34.22058,-116.87397,1,0.3
2N10-Mtn Bike 3,CA,1454,34.22071,-116.87581,1,0
3 Mi S. of Potlatch,ID,2283,46.87631,-116.90922,24,47.8
3 mi E of Benewah,ID,2212,47.24125,-116.70265,35,102.2
3 mi E of Charles Butte,ID,2216,47.13502,-116.68046,41,73
3 mi N of Stanford Point,ID,2245,46.85963,-116.68806,37,89.4
3 mi S of Chatcolet,ID,2262,47.333974,-116.773949,17,4.4
3 mi S of Mineral Mtn 400,ID,2238,47.030064,-116.838108,38,108.6
3 mi S of Mineral Mtn 512,ID,2255,47.02598,-116.89099,37,70.8
3 mi S of Moon Hill,ID,2242,46.864795,-116.729559,17,48.6
3 mi SW of Harvard,ID,2241,46.88717,-116.75944,37,111
3 mi W of Crane Point,ID,2244,47.04348,-116.86864,37,75
3.4 mi NNW of Princeton,ID,2258,46.96535,-116.846617,17,38.8
30 Mile,WA,1716,48.2704,-118.694,1,0.2
4-H,OR,809,45.47843,-118.04543,37,45.6
4516,OR,1576,45.44651,-116.70577,2,0.2
4th_of_July_Spring,WA,1370,46.15333,-117.42083,12,6.2
5.7 km Old Hedley Road,BC,4044,49.398082890000005,-120.2124703,14,20.6
Abels_Jct.,WA,1508,46.25745,-117.57568,4,0.6
Abes Knob,ID,2222,46.84125,-116.39809,41,88.4
Adams Creek,ID,2010,44.53121,-117.028647,29,78.6
Addy,WA,891,48.29657,-117.83271,38,2.8
Adell,OR,1571,43.24734,-121.91395,3,1.8
Agency,OR,614,42.64194,-121.93333,37,15.2
Agua Chiquita,NM,509,32.710256,-105.656348,4,0
Agua Piedra CG,NM,582,36.133496,-105.529903,1,0
Ahtanum_Ridge,WA,1357,46.47149,-120.97473,6,5.2
Albert_Creek,MT,1,46.972669,-114.308112,27,42.6
Alder_Spr.,OR,1620,42.97143,-121.14423,1,3.2
Alder_Springs,OR,1647,45.69961,-117.38514,3,15.8
Aldrich,OR,137,44.33667,-119.34367,42,43
Alkali Lakes,BC,3018,51.030549,-121.542217,3,0
Alkali Lakes,BC,3033,51.030549,-121.542217,14,13.5
Alkali Lakes,BC,3034,51.030549,-121.542217,19,18
Alpha_Omega,CA,1252,39.315055,-120.752083,18,23.6
Alpha_Omega_2,CA,1255,39.315055,-120.752083,2,0.2
Alpha_Omega_3,CA,1258,39.315055,-120.752083,6,7.5
Alta_Lake,WA,954,48.01829,-119.94411,40,9.4
American River campground,ID,2403,45.90786,-115.450566,4,54.8
Anderson,OR,1028,44.2358,-118.2854,1,2.8
Anderson Creek,WA,1718,48.3799,-118.7506,1,0.6
Anderson Creek Divide,ID,2003,44.549557,-116.180733,3,11
Anderson_Creek,OR,1652,42.43616,-121.77062,2,2
Andy,WA,1664,46.65843,-121.25301,2,0.8
Angel Butte,ID,2132,46.57303,-116.06293,22,7.4
Ant Basin,ID,2389,45.114425,-116.437313,7,15.2
Ant Basin Creek,ID,2052,45.12721678,-116.4427977,13,11.6
Antelope,OR,219,44.05524,-118.42237,40,59.4
Antelope Flat,ID,2387,44.38813,-116.196896,9,65.2
Antelope Trail,ID,2073,44.389491,-116.202979,15,65.2
Antelope_Mtn.,OR,1689,43.10057,-121.29995,1,0
Antone_Creek,OR,404,44.9823,-118.1179,38,17
Apache_CG/Silver_Saddle_CG,NM,464,32.967457,-105.727483,17,0
Apache_Observatory,NM,494,32.786816,-105.810609,4,0
Arbs_Basin,UT,6403,41.52315363,-111.4749275,10,0.2
Arlee,MT,9,47.174842,-114.096709,22,14.2
Armstrong,WA,648,48.24172,-119.02872,40,25.4
Arnett Creek,ID,2016,45.207978,-113.903717,4,0.6
Ashley,CA,18,41.562471,-120.426468,36,32.2
Ashnola River,BC,4020,49.21595800000001,-119.9570916,13,46.7
Aspen_Valley,CA,1054,37.826847,-119.771289,7,76.2
Austin,OR,1616,44.55547,-118.50334,1,0.4
Axe,OR,1030,44.4551,-118.504,1,0
Aztec,AZ,32,33.812968,-110.905213,2,2.8
BCC-Adams_Mt,WA,1078,48.09909,-118.09712,8,0.6
BCC-Chkner,WA,1079,48.08429,-118.02886,9,9.6
BCC-Golden_Harv,WA,1072,48.59012,-118.77023,4,2.4
BCC-Lane_Mt,WA,1080,48.15784,-117.89844,9,2.4
BCC-Lotze_Creek,WA,1092,48.75702,-117.78916,1,0
BCC-Smiths,WA,1076,48.27351,-117.94291,9,0.8
BCC-Stensgar,WA,1077,48.21598,-118.02895,9,11.6
BCC-Swede_Pass,WA,1089,48.76606,-117.93907,1,0
Badge,OR,1696,43.90986,-119.20698,1,0
Badger,CA,803,40.570997,-121.438226,25,4
Badger_Cr_1,OR,1197,44.96109,-121.5524,17,51.6
Badger_Cr_2,OR,1198,44.96109,-121.5524,17,59.2
Badger_Mtn,WA,1244,47.59575,-120.13231,13,2.4
Bailey_Creek,CA,1441,40.478635,-121.593829,34,21.4
Bailey_Ridge_Stn,CA,107,38.410644,-120.168889,18,36.8
Baker_Butte,AZ,2,34.452258,-111.378428,15,7.4
Baker_Lake,WA,1150,48.20614,-117.27869,26,5.8
Bald,OR,1624,43.27474,-121.37785,1,0
Bald Mountain,ID,2198,47.03648648,-116.553025,36,53.8
Bald Mtn 1,ID,2135,46.577444,-115.852467,23,36
Bald Mtn Ski Area,ID,2385,43.680907,-114.400353,9,10.2
Bald_Mtn,OR,400,45.78076,-118.04579,33,2.4
Balloon_Tree,OR,1529,45.72529,-117.9838,4,1.6
Balm_Cr.,OR,490,44.97606,-117.53683,39,57.6
Balsam_Glade,NM,520,35.214111,-106.408148,15,33.8
Baltic_181-190,CA,544,38.694548,-120.515566,4,30
Baltic_191-200,CA,549,38.694548,-120.515566,4,11
Baltic_221-230,CA,540,38.694548,-120.515566,4,15.8
Baltic_231-240,CA,556,38.694548,-120.515566,4,18.25
Baltic_3Ut_311-220,CA,559,38.694548,-120.515566,10,29.8
Baltic_B_Lower_161-170,CA,532,38.694548,-120.515566,13,67.2
Baltic_C_Mid_5T_171-180,CA,536,38.694548,-120.515566,13,63.8
Baltic_D_Upper_4T_201-210,CA,552,38.694548,-120.515566,12,43
Banner Creek,ID,2094,44.001136,-115.538731,12,8
Banner Ridge,ID,2093,44.02994,-115.596624,12,39.2
Bargamin Cr,ID,2134,46.53795,-115.91787,22,35.6
Barinaga Corral,ID,2005,42.974062000000004,-116.542546,24,44.2
Barnaby_Cr.,WA,620,48.50013,-118.3204,31,8.8
Barnes Lake,BC,4006,50.67453256,-121.2521815,22,58
Barnes Lake,BC,4031,50.65437429,-121.2394331,14,9.8
Barnes_Creek,OR,361,44.86781,-118.95074,42,32
Barnes Lake Road,BC,4046,50.706175570000006,-121.2263741,6,11.233333333333333
Barrinaga Co 2,ID,2388,45.059906,-116.542052,7,1.2
Basalt Hill,ID,2291,46.84084,-116.78215,24,92.8
Battle Creek,BC,4005,50.80731351,-121.1263124,20,67.7
Bcc-Day_Creek,WA,1068,48.87811,-118.47302,4,1.6
Bcc-Gibralter,WA,1066,48.63337,-118.68355,2,0
Bcc-Lundimo,WA,1069,48.86406,-118.66984,4,1
Beals Butte,ID,2342,46.94983,-116.48951,23,106.2
Bear,OR,981,45.08222,-119.38528,41,44.8
Bear Basin,ID,2049,44.949751,-116.137429,19,24.8
Bear Canyon Lake,AZ,153,34.403285,-110.828686,4,12
Bear Creek,ID,2001,43.69606,-115.311388,25,32.8
Bear Pot,WA,1707,48.54393,-118.64381,9,17.8
Bear Saddle,ID,2011,44.591908,-116.988687,28,84.8
Bear _Spring/Bear_Canyon/Wills_Canyon,NM,450,32.82298,-105.680477,18,6
Bear_Creek,OR,298,44.52333,-120.49167,36,28
Bear_Creek,OR,1350,45.86606,-117.76472,11,26.5
Bear_Creek,WA,658,48.32667,-118.77639,38,55.4
Bear_Creek,WA,1619,48.3603,-118.81198,2,6.6
Bear_Creek,WA,1636,46.62892,-121.23158,1,0
Bear_Paw,WA,1060,48.36617,-117.14234,32,6
Bear_Skin,CA,1399,36.759229,-118.900914,9,2.2
Bear_Springs,CA,419,39.015514,-120.487039,2,0.2
Bear_Springs,OR,19,44.50556,-121.575,37,44.6
Bearskull,OR,1055,44.37307,-119.72598,28,32.4
Beasore,CA,985,37.437025,-119.48117,18,1
Beaver Cr Summit,ID,2092,44.029989,-115.616537,12,23.4
Beaver Mtn,ID,2314,47.219,-116.38178,6,55.6
Beaver_Creek,UT,6401,41.9660746,-111.5344348,10,0
Beecher_Flat,OR,1506,44.98611,-117.03282,1,7.8
Beehive,WA,583,47.32667,-120.41333,41,5.8
Beetle_Rock,CA,1417,36.564144,-118.776402,7,0.2
Benefield_Cr,OR,288,44.415,-120.585,36,31
Benewah,ID,2189,47.236992,-116.801659,17,51.4
Benewah Point 1,ID,2213,47.26373,-116.66129,41,92.4
Benton_Creek,WA,1165,46.87452,-120.94991,27,6
Bergs Creek,ID,2271,46.80931,-116.754694,11,12.4
Berland,OR,1540,45.76967,-116.94936,4,9
Berry_Creek,NV,6411,39.32358145,-114.6278488,10,1
Bible_Rock_W_Fk,WA,1138,47.25734,-120.88927,27,22.2
Big,OR,1475,45.49336,-117.61374,1,0
Big Bar,BC,3048,51.312923999999995,-121.834546,1,0
Big Bar,BC,3049,51.312923999999995,-121.834546,1,0
Big Bar Creek,BC,3055,51.180545,-122.07509400000001,5,1.5
Big Bar Lake Road,BC,3047,51.312923999999995,-121.834546,3,1
Big Bar North,BC,3053,51.31484299999999,-121.794717,14,6.9
Big Bar South,BC,3054,51.302036,-121.791027,13,28.333333333333332
Big Bear Creek,ID,2203,46.81168,-116.64429,42,87
Big Meadow Creek,ID,2204,46.7986,-116.81892,42,108.6
Big Tesuque,NM,574,35.76882,-105.809192,1,0
Big Tinker,ID,2114,46.08491,-115.76472,23,4.6
Big Turkey CG,CO,167,39.119876,-105.227114,19,0.6
BigHole-kirkham hollow,ID,2394,43.715874,-111.446291,3,27.2
Big_Arm,MT,20,47.793777,-114.262534,27,30
Big_Bend,OR,988,44.98637,-117.09343,26,93
Big_Butte,WA,378,46.1109,-117.25864,40,22
Big_Canyon,OR,412,45.50167,-117.605,22,3.8
Big_Foot,WA,1148,48.10853,-117.12011,26,4.8
Big_Fork,MT,24,48.066301,-114.068547,24,2.2
Big_Goomis_Cr,WA,904,48.97349,-118.59017,40,2.2
Big_Rock,WA,936,48.79483,-119.64609,40,11.2
Bill_Gulch,WA,1151,47.82355,-117.17474,27,1.4
Billy,OR,1646,45.82805,-117.05223,3,0.8
Billy_Meadows,OR,521,45.79167,-117.08333,35,25
Biometalic,WA,934,48.84203,-119.12035,41,4
Birch_Creek,OR,1125,44.42611,-119.76572,10,3.2
Birch_Creek_New,OR,1393,44.43694,-119.76102,1,0.2
Black Pine,ID,2125,46.15803,-116.79137,22,18.2
Black_Bear_CG,NM,481,32.943256,-105.74945,1,0
Black_Butte,OR,10,44.41389,-121.63333,41,51.6
Black_Butte,OR,216,44.55207,-119.15768,41,32.6
Black_Canyon,WA,344,48.06194,-120.06722,36,37.8
Black_Mtn,OR,399,45.59583,-118.23,32,2.6
Black_Mtn_Gulch,OR,1525,44.60752,-117.88104,4,2.4
Black_Mtn_Rd,OR,408,44.6567,-118.0022,40,8.4
Blackpine_Lake,WA,340,48.31217,-120.26453,35,17.8
Blagg_Williams_Cyn,WA,586,47.60333,-120.54667,40,7.4
Blake Draw Creek,ID,2350,47.297383,-116.707655,12,27.4
Blm,OR,817,42.17759,-123.43367,2,0
Blm,OR,818,42.26528,-123.43531,2,1
Blm,OR,819,42.08897,-123.67102,2,0
Blm,OR,820,42.52748,-123.23935,2,1.3
Blm,OR,821,42.57184,-123.53428,2,3.8
Blm,OR,822,42.60101,-123.45536,2,2.2
Blm,OR,823,42.73075,-122.96395,7,0.6
Blm,OR,824,42.70136,-122.80551,7,0.2
Blue Lake,BC,4018,49.043134890000005,-119.5575309,24,63.2
Blue_Lake,WA,1405,48.90128,-119.49763,14,7.8
Blue_Mountain,MT,34,46.816244,-114.186154,23,19.8
Blue_Spr-Gran_Sumt,OR,1026,44.7501,-118.2914,35,31.4
Bluebunch,ID,2060,44.839761,-116.281775,12,6
Bogus Basin Resort,ID,2384,43.769586,-116.111292,10,15.4
Bogus Basin-Nordic,ID,2391,43.799122,-116.093916,2,0
Bogus X-Ski,ID,2069,43.770226,-116.104253,10,24
Boise_Cascade,OR,748,45.52193,-117.75659,4,0.4
Boise_Cascade,OR,749,45.8144,-117.73721,6,30.6
Boise_Cascade,OR,751,45.77081,-117.67504,6,1.4
Boise_Cascade,OR,752,45.79978,-117.65454,5,22
Boise_Cascade,OR,753,45.71288,-117.65422,6,11.6
Boise_Cascade,OR,757,45.623779999999996,-117.96305,5,5
Boise_Cascade,OR,758,45.73992,-117.88026,25,45.8
Boise_Cascade,OR,759,45.74177,-117.6542,23,3.4
Boise_Cascade,OR,763,45.73949,-117.81902,5,21.6
Boise_Cascade,OR,765,45.44948,-117.79882,5,1.4
Boise_Cascade,OR,767,45.78544,-117.69573,6,1.4
Boise_Cascade,OR,774,45.40548,-118.10678,5,7
Boise_Cascade,OR,775,45.17302,-117.69442,5,0.8
Boise_Cascade,OR,777,45.5224,-118.46636,6,0.4
Boise_Cascade,OR,1457,45.79542,-117.83958,5,3.6
Boise_Cascade,OR,1674,45.84577,-117.32406,4,2.8
Boise_Cascade,OR,1675,45.81673,-117.30286,4,1.2
Boise_Cascade,OR,1676,45.42165,-118.39763,4,0.2
Boise_Cascade.,OR,764,45.74,-117.85973,6,12.8
Bonapart_Lake,WA,1242,48.789790000000004,-119.05597,26,6
Bonaparte R. / South District Boundary,BC,3015,51.352926999999994,-121.120151,15,17.7
Bonaparte River,BC,3001,50.737994,-121.256952,3,3
Bonaparte River,BC,3002,50.737994,-121.256952,16,6
Bonaparte River,BC,3004,50.737994,-121.256952,19,7.5
Bonaparte River,BC,3005,50.737994,-121.256952,21,10.5
Bonaparte River,BC,3050,50.737994,-121.256952,21,7
Bone_Point,OR,358,44.94528,-119.04233,24,25.2
Boone Peak,ID,2031,42.930656,-116.660097,1,23
Border,WA,930,48.95222,-118.2058,27,8.8
Border,WA,1364,48.96402,-118.21695,15,4.6
Boulder_Creek,WA,1286,48.87538,-118.43979,16,3.2
Boundary,OR,301,43.96678,-119.60757,37,15.2
Boundary,OR,1573,42.79913,-121.92712,3,3.2
Bowman,CA,1294,39.459317,-120.612392,14,52.2
Box_Canyon,WA,1020,45.92502,-120.70138,29,30.4
Boyds,WA,931,48.71043,-118.12912,43,1
Braden_Hill,WA,1328,48.31786,-118.0722,23,5.8
Brennegan_Creek,WA,1099,47.88663,-120.40936,26,3.2
Brewer,WA,881,48.38556,-117.63167,15,12.6
Brewster,WA,939,48.16321,-119.83187,40,24.6
Bridge_Creek,OR,1622,42.98574,-121.24296,1,0
Bridge_Creek,WA,336,48.40217,-120.34944,35,20.2
Brigade Creek (added 2018),BC,3060,51.124014,-120.981853,5,2.3
Brockway,CA,1449,39.229148,-120.01192,3,0.6
Brown_Mtn_SO,WA,1359,48.53239,-118.68386,17,5.4
Browns Creek,ID,2045,45.072072,-116.260271,12,25.75
Browns Meadow,ID,2292,46.84654,-116.75819,24,97.6
Browns Pond,ID,2015,44.926275,-115.953624,4,11
Browns_Mtn,OR,1199,43.73825,-121.81515,22,3.6
Browns_Pass,WA,649,48.47014,-119.34786,38,32
Browns_Pass,WA,1744,48.4218,-119.3692,3,11.67
Bruce_Road,WA,950,47.73668,-117.29339,12,16.8
Brundage Mt Resort,ID,2048,45.006701,-116.156019,27,36.75
Brush_Creek,WA,1585,47.88257,-120.70279,3,6
Buck_Cr,OR,144,44.15083,-119.40639,42,40.6
Buck_Creek,OR,1621,42.99999,-121.3022,1,0
Buck_Meadows,WA,558,47.03611,-120.95694,32,0.8
Bull_Prairie,OR,356,44.98667,-119.6725,43,63.2
Bull_Prarie,OR,1591,42.28727,-120.20846,2,0.6
Bullfrog,WA,1132,47.19726,-121.01665,9,3
Bur.Of_Land_Mgt,OR,826,42.19318,-123.14275,7,0.4
Bur.Of_Land_Mgt,OR,833,42.2807,-122.59094,7,0
Burlington,CA,1299,39.31069,-120.764009,6,50.75
Burma Road,ID,2382,46.85608781,-116.0287911,4,64.8
Burney_Mtn.,CA,66,40.807,-121.627764,28,59.6
Burnside_Lake,NV,6414,NA,NA,9,0
Buse Lake,BC,4049,50.62685132000001,-120.0245249,6,14.5
Butcher_Creek,WA,575,47.79056,-120.79139,24,11.8
Butler_Creek,MT,40,46.967537,-114.040796,26,45.2
Butt_Mtn.,CA,797,40.217458,-121.38533,25,57.6
Buzzard_Lake,WA,918,48.41994,-119.71114,40,20.8
CDA Nursery 1,ID,2401,47.718079,-116.826309,5,9.25
CDA Nursery 2,ID,2402,47.717385,-116.817886,5,13
C_Bird_Cr_K-2000,WA,1170,46.04475,-121.39053,27,13.6
C_Camp_7,WA,1179,46.02278,-121.22941,7,18.8
C_Camp_7,WA,1180,46.02275,-121.20882,5,21.2
C_Camp_7,WA,1181,46.02275,-121.20882,7,24.4
C_Camp_Draper,WA,1177,46.00762,-121.43755,7,23.6
C_Camp_Draper_1,WA,1178,46.00787,-121.37519,7,8
C_Chanel_Rd_235,WA,1192,45.9791,-121.22951,5,12
C_Chanel_Rd_236,WA,1193,45.96454,-121.20871,5,36
C_E_Summit_Cr,WA,1173,46.02099,-120.99715,5,44
C_East_Wahkacus,WA,1182,46.00771,-121.14484,7,19.6
C_East_Willis,WA,1184,46.00775,-121.18806,7,7
C_Grayback_Mt.,WA,1186,45.99279,-121.06112,5,84.2
C_Holmes_Cr,WA,1187,45.99313,-121.43775,5,26.2
C_Holmes_Cr_2,WA,1188,45.96434,-121.4167,5,9.6
C_M_1,WA,1189,46.02252,-121.37555,3,1.4
C_M_2,WA,1190,46.02252,-121.37555,2,5.6
C_M_3,WA,1191,46.02252,-121.37555,7,12.6
C_North_Plateau,WA,1175,45.97888,-121.14621,7,25
C_Plateau,WA,1174,45.99295,-121.18799,7,17.4
C_Summit_Cr_604,WA,1171,46.00671,-121.10112,5,15.6
C_Trout_Lake,WA,1169,45.96354,-121.37433,28,31.6
C_Truck_Stop,WA,1168,45.97896,-121.12377,7,16.4
C_W_Summit_Cr,WA,1172,46.03551,-120.9974,5,15.2
C_Wahkacus,WA,1183,46.00706,-121.12238,7,22.2
C_West_Plateau,WA,1176,45.94928,-121.12493,7,14.4
C_West_Willis,WA,1185,46.00775,-121.18806,7,12.4
Cabin,WA,1461,47.21277,-121.29117,1,0
Cabin Creek,ID,2065,44.650888,-116.281354,12,52.6
Cabin_Creek,WA,1153,47.23099,-121.22252,26,6
Cable_Creek,OR,372,45.07639,-118.72083,12,0.2
Cable_Crk.,OR,1516,45.0484,-118.68648,1,0
Calamity,OR,1559,43.93865,-118.82693,4,2.8
Calimus,OR,1023,42.63,-121.55778,1,1.4
Calimus,OR,1653,42.63895,-121.55505,2,0
Camas_Land,WA,1292,47.46685,-120.57993,24,51
Camp_Creek,OR,1526,44.72398,-118.34509,4,5.6
Camp_Creek,WA,1668,46.57154,-121.25293,2,0
Camp_Wooten,WA,866,46.24366,-117.68455,23,42
Canary Creek,ID,2346,47.49,-116.52,16,12.8
Canoe Creek East,BC,3051,51.46680351696183,-122.15063,8,2.8
Canoe Creek West,BC,3052,51.46680351696183,-122.15063,7,6
Canteen_Creek,WA,631,48.04093,-118.44254,43,24.6
Canyon Junction,ID,2144,46.31955,-115.60226,23,14.4
Canyon_Creek,WA,1464,47.38262,-121.26361,1,0
Captain John,ID,2127,46.10356,-116.83864,21,3.6
Capulin_Snow_Play_Area,NM,524,35.216533,-106.416356,16,31.6
Carissa_Lookout,NM,499,32.675148,-105.615724,4,5
Carmack_Canyon,WA,1161,46.79363,-120.92316,26,2.6
Carmack_Cyn,WA,1308,46.77592,-120.91937,5,1.2
Carpenter Peak 1,ID,2325,47.05714,-116.45869,23,57.8
Carson_Creek,WA,635,48.31389,-118.3957,39,13
Cascade,CA,968,39.979237,-120.929035,15,28.8
Cascades,BC,5010,49.01502361655209,-118.1997049,14,7.8
Castille Falls,WA,1323,46.41669,-121.03344,15,11
Cat_Creek_I_Upper,CA,606,38.59305,-120.329938,4,20.6
Cat_Creek_J_Lower,CA,608,38.59305,-120.329938,4,34
Cathey_Vista,NM,486,32.806668,-105.802548,9,0
Cathy_Summit,OR,1523,45.09772,-117.67239,27,4.8
Cave_Mtn,OR,611,42.61222,-121.82306,39,37.8
Cca_Peak,WA,625,48.35833,-117.14167,5,1.4
Cecilia_Cr.,WA,924,48.79099,-119.73786,39,12.6
Cedar Butte,ID,2221,47.0078,-116.30355,41,76.2
Cedar Creek,ID,2404,46.324344,-115.728425,4,2.2
Cedar_Creek_SO,WA,1360,48.98848,-117.48471,21,8
Cedar_Creek_temp,WA,1383,48.98593,-117.48501,3,5.6
Cedar_Lake,WA,1038,48.93976,-117.58931,33,0.8
Cedar_Springs,OR,1010,42.52315,-121.67274,1,2
Cedar_Valley,WA,1014,45.95734,-120.92692,34,6
Celina,CA,1293,39.406029,-120.709847,5,4.8
Center Ridge,ID,2409,45.61781,-116.37062,7,5.4
Central_Camp,CA,1001,37.344453,-119.506744,7,44
Central_Peak,WA,655,48.20016,-118.75833,39,42.8
Chair Rocks,CO,316,39.407643,-105.237282,4,0.4
Chalk_Bluff,CA,1301,39.307519,-120.767399,8,55.2
Chamberlin_Spr,OR,281,44.43177,-119.89331,34,19.2
Chamokane_Creek,WA,1217,48.02614,-117.84246,26,15.3
Charles Butte,ID,2165,47.12136,-116.72396,47,84.8
Charles_Road,WA,946,47.81016,-117.63665,40,3
Chase,BC,4011,50.81216401,-119.6805256,25,36.3
Chase_Mountain,WA,1430,46.09335,-117.87679,1,0.2
Chasm,BC,3045,51.216710000000006,-121.482537,15,11
Chasm,BC,3046,51.216710000000006,-121.482537,3,2
Chelan_Ridge,WA,1485,47.84175,-120.28794,4,3.2
Chelan_State_Pk,WA,878,47.86564,-120.19179,42,25
Cherry Butte,ID,2225,46.8101,-116.54255,41,88.6
Cherry_Creek,OR,1655,42.40695,-121.49711,2,0.4
Cherry_Hill,CA,1287,39.4168,-120.7977,7,28.5
Chesaw,WA,1418,48.94296,-119.06548,8,0.8
Chewelah,WA,892,48.26836,-117.64856,42,10.8
Cheyenne Mountain,CO,367,38.733576,-104.839476,2,1.8
Chicamun_Canyon,WA,1214,48.27043,-120.20759,25,38
Chicken_Hill,OR,1491,44.98378,-118.37994,29,5.8
Child Creek,ID,2321,47.097493,-116.292058,17,25.2
Chinaman,CA,1102,38.2007507,-120.0821312,26,56.4
Chiwawa,WA,1496,47.89704,-120.7029,1,0
Chokecherry Flat,ID,2051,45.17516174,-116.4052643,5,0
Chopaka,WA,1282,48.89485,-119.70931,24,53.8
Chopaka_Road,WA,1402,48.93158,-119.68649,14,27.8
Chowchilla_Mtn,CA,1044,37.522621,-119.728072,6,4.6
Christie Creek,ID,2116,45.617986,-116.340711,17,8
Christina Lake,BC,5009,49.04587772443106,-118.2037251,14,0.4
Chumstick,WA,1484,47.63417,-120.44695,4,0.2
Clark,WA,1353,47.69167,-120.625,18,22.6
Clark_Creek,WA,645,48.42031,-119.1706,42,9.25
Clark_Spring,OR,1004,43.9775,-119.48722,35,75.6
Cle_Elum_Lake,WA,1467,47.28244,-121.09373,1,0
Clear_Creek,MT,49,46.081531,-112.981904,22,18
Clear_Creek,WA,1634,46.64387,-121.31601,1,0
Clearwater,WA,665,46.29478,-121.36401,43,16.4
Clearwater_LO,WA,1431,46.20554,-117.54394,11,8.2
Clinton,BC,3041,51.09270000000001,-121.5865,3,1
Clinton Creek,BC,3006,51.1165,-121.486,12,4
Closed Sweat Creek Rd,WA,1740,48.38125,-119.8158,5,0
Clr_Cr._Beecher,OR,460,44.98635,-117.11372,42,99
Cody_Lake,WA,656,48.3425,-118.60917,37,40.4
Coeur_D'Alene_Mtn,ID,2162,47.59137,-116.689205,2,8.4
Colburn_Hill,WA,1074,48.34368,-118.03079,2,3.3
Cold_Spr.,OR,1518,45.26431,-118.86767999999999,1,0.4
Cold_Spring,OR,1003,43.98209,-119.16673,35,79.8
Cold_Springs,OR,1504,45.10088,-116.97274,1,0.2
Coleman-Boulder,WA,1298,47.21166,-120.39698,2,1.8
Collins GL,CA,13,41.97917278,-120.2692889,25,65.6
Collins_Timber,OR,736,42.24382,-120.28697,37,48
Collins_Timber,OR,1203,42.36057,-120.52243,18,13.8
Collins_Timber,OR,1204,42.40396,-120.46411,10,6.4
Collins_Timber,OR,1205,42.43349,-120.46425,17,28
Collins_Timber,OR,1206,42.28706,-120.15077,9,4.6
Collins_Timber,OR,1207,42.25824,-120.18882,20,31.2
Colockum_Rd,WA,1143,47.25165,-120.19738,27,27.8
Colson Creek,ID,2019,45.348132,-114.532916,9,39
Colville,WA,890,48.54749,-117.83562,19,15.6
Colville,WA,1325,48.63447,-117.89597,23,1.6
Committee_Creek,OR,814,44.19887,-120.21617,32,25.8
Compound,WA,1194,48.183839999999996,-117.04653,4,2
Conconully_Lake,WA,920,48.57032,-119.69953,32,29.4
Cook Creek,ID,2142,46.46135,-116.05109,13,5.8
Coon Creek 201,ID,2211,47.31124,-116.76023,41,97.4
Coon Creek 908,ID,2351,47.3,-116.8131,15,71.6
Cooper,ID,2141,46.47774,-116.026992,8,3.8
Copper Creek#1,WA,1714,48.0798,-118.65,1,0
Copper Creek#2,WA,1712,48.0883,-118.6292,1,0
Copper Saddle,ID,2381,46.90258267,-115.9159965,4,44.4
Copper_Mt.,WA,1067,48.61909,-118.74861,2,0
Cornwall 79,BC,4029,50.79072142,-121.3344448,7,49.5
Cornwall 80,BC,4030,50.785586640000005,-121.343324,7,6
Corral_Creek,MT,58,45.086161,-109.326159,27,31.2
Corrigal,OR,1340,44.75562,-118.46298,21,24
Cottonwood,ID,2386,44.327524,-116.229833,10,57.2
Cottonwood,OR,277,44.4698,-119.84762,4,0
Cottonwood Butte,ID,2123,46.07058,-116.46658,23,2.8
Cottonwood Campground,WA,1704,48.59004,-119.76521,5,0.6
Cottonwood Creek,ID,2075,44.331621,-116.222997,16,42.8
Cottonwood Spring,ID,2041,44.65478,-116.96174,18,60.2
Cottonwood_Cg,OR,1056,44.375,-119.85,30,22
Couch Summit,ID,2022,43.514903,-114.801371,16,48
Cougar Gulch,ID,2344,47.64156,-116.90524,16,29.4
County,OR,831,42.22182,-123.06296,7,6.6
Cow Creek,ID,2087,43.623356,-115.271301,21,87.4
Cow Creek Saddle,ID,2117,45.533739,-116.424369,6,0.2
Cowpuncher_Ridge,WA,1162,46.76947,-121.01286,12,26.8
Cox_Spring,UT,6406,41.64139796,-111.49435,10,1.6
Coxit_Creek,WA,1288,48.69073,-119.78845,21,29
Coyote,OR,309,43.87962,-119.42663,37,79.8
Coyote Lane Post Falls,ID,2353,47.69,-116.94,15,67.6
Coyote_Creek,WA,647,48.24756,-119.14069,41,20.4
Crane Point,ID,2206,47.04186,-116.80963,42,89
Crane_Flat,CA,1052,37.747829,-119.799319,7,43
Crane_Flat,OR,1025,44.8833,-118.3787,30,2.8
Craters of the Moon NE,ID,2400,43.472282,-113.566837,3,18.2
Craters of the Moon NM,ID,2390,43.457334,-113.577438,3,67.2
Crawflish_Lake,WA,1414,48.4889,-119.22079,6,0.2
Crazy_Harry,CA,792,40.419351,-120.8443,38,63.2
Cresent,OR,1618,44.28443,-118.53755,1,0.4
Crooked River,ID,2095,43.986679,-115.498419,12,25.8
Crooks Corral,ID,2121,45.56625,-116.41089,14,19.4
Crumb_Creek,WA,1281,47.71355,-120.27961,23,18.4
Crummaring Creek,ID,2290,46.798422,-116.902923,24,70.4
Crwn.Pacifc.Ltd,OR,851,44.48351,-120.81684,7,39.4
Crwn.Zellerbach,OR,779,45.08664,-117.69375,4,0.2
Crwn.Zellerbach,OR,780,44.58048,-117.79916,5,0.4
Crystal Creek,ID,2319,47.149903,-116.359831,17,9.8
Crystal Peak,ID,2318,47.14292,-116.30935,6,29.4
Crystal_Springs_Cpg,CA,1406,36.745112,-118.961589,9,5.75
Cunningham,AZ,98,32.665,-109.869444,13,4.8
Curlew,WA,893,48.89851,-118.56627,42,35.4
Curlew_Lake,WA,906,48.73023,-118.65415,41,6.4
Daisy,WA,1212,48.35321,-118.11275,26,3.6
Dale_Resler_Boy_Scout_camp/Apache_Canyon,NM,431,32.948683,-105.720742,11,2
Danville,WA,903,48.97741,-118.51931,41,4
Dark_Canyon,WA,1511,46.16278,-117.41667,6,23
Davis Creek,ID,2315,47.173407,-116.418508,11,26.4
Davis_Canyon,WA,1566,47.79988,-120.14032,2,0.8
Day_Creek,OR,812,44.44044,-119.66376,24,52.8
Dayton,WA,869,46.27253,-117.64376,38,25.6
Dead_Horse_Flats,WA,1326,46.53019,-121.15134,24,10.4
Dead_Indian,OR,1627,42.98393,-120.82989,1,0
Deep_Ck_Eyebrow,OR,1059,45.85,-117.65,2,0
Deep_Creek,OR,116,42.0585,-120.1733,30,20.6
Deer Point (Bogus Basin),ID,2033,43.739656,-116.117008,17,65.6
Deer_Cr-Lake_Cr,OR,1027,44.7493,-118.1077,35,20.6
Deer_Creek,CA,1283,39.2937867,-120.8241073,1,10
Deer_Knob,CA,487,38.889703,-120.433638,10,23.2
Deer_Lake,WA,865,46.30145,-117.6649,24,7.6
Deer_Park,WA,944,47.96284,-117.50057,43,3.2
Deer_Spring,CA,915,41.549498,-121.101037,18,65.6
Deerhorn-Cr,WA,1743,48.4526,-118.8821,3,30.2
Deerhorn_Cr,WA,641,48.45014,-118.85997,39,14
Dell Gulch,CO,263,39.324321,-105.244399,5,1.8
Deming,OR,75,42.47638,-120.90972,17,8.2
Dent_Crk.,OR,1589,42.20201,-120.79325,2,1
Devil's Head CG,CO,224,39.27552,-105.106767,26,15.2
Devil's_Canyon/Baileys _Canyon,NM,416,32.987255,-105.751901,18,0.67
Dewey Peak,ID,2026,42.93029,-116.797649,15,121.8
Diamond_Lake,WA,1147,48.08167,-117.22343,26,9
Dick_Spr,OR,388,45.74667,-118.16861,41,32.3
Divide,OR,1645,45.24299,-117.07442,3,1.8
Dixie,OR,1029,44.5273,-118.5853,1,0
Dodge,CA,1112,38.19007,-119.957077,26,53.4
Dodge_Ridge_1,CA,1119,38.19007,-119.957077,25,61.4
Dodge_Ridge_2,CA,1122,38.19007,-119.957077,24,50.2
Dogtown_Intersection/Plummer_F_6T_111-120,CA,571,38.612342,-120.450442,22,55.6
Dollar_Basin,OR,1008,44.06978,-118.62167,34,70.8
Dominion,WA,1075,48.56197,-117.79289,2,0
Dorrington,CA,125,38.295392,-120.274718,27,53
Dorst_Cpg#1,CA,1415,36.636232,-118.809808,9,13.75
Dot_Creek,WA,1344,47.22774,-120.449,23,17.8
Douglas_Mt.,WA,937,48.7502,-119.676,11,2
Drumhill_Ridge,OR,488,45.42786,-118.16547,33,23
Dry Beaver Creek,ID,2063,44.825798,-116.322486,12,18.6
Dry_Beaver,OR,444,45.19431,-118.33631,37,3.6
Dry_Camp,NM,517,35.199943,-106.406607,12,36.2
Dry_Cr-Puderbaugh,OR,417,45.17,-116.83833,35,28.6
Dry_Cr.Saddle,OR,1611,45.05727,-116.93203,2,32.2
Dry_Creek,WA,1159,46.905029999999996,-120.82364,27,2.2
Dry_Porter,OR,258,44.38716,-120.07559,35,16.6
Dryden,WA,578,47.53167,-120.56833,40,11.2
Dryden,WA,879,47.54197,-120.57544,27,0.6
Dusty_Mtn_Meadow,WA,1236,48.6511,-119.38252,15,67.4
Dutch_Cr-Anthony,OR,1024,45.049,-118.1118,33,21.2
Dutchman_Cr.,OR,1505,45.05727,-116.97288,3,15.8
E Fork Weiser River,ID,2062,44.796796,-116.342737,12,17
E. Fk Brownlee Creek,ID,2012,44.752223,-116.807766,21,61.2
E. of Old Tensed Rd,ID,2158,47.184915,-116.8805583,12,4.6
E_Bannon_Mtn,WA,1238,48.61987,-119.19235,25,28.4
Eagle,WA,1501,47.66398,-120.53504,1,0
Eagle,WA,1594,47.66399,-120.49049,3,21.2
Eagle Rock,CO,299,39.393124,-105.166244,4,7.4
East Dennis,ID,2167,47.06699,-116.68606,47,101.2
East Fork Emerald Creek,ID,2336,47.005195,-116.347243,17,5
East Fork Flat Creek,ID,2281,46.88945,-116.68988,24,85.8
East Fork Lost Creek,ID,2055,45.01661541,-116.4670258,19,18.6
East Fork of Potlatch River 1,ID,2338,46.826398,-116.365946,23,67.2
East Gold Hill 1,ID,2168,46.93791083,-116.765576,47,83.6
East Twin Mountain,ID,2205,46.81399,-116.89761,42,87.4
East_Dogtown/Leek_Spr._Rd._G_151-160,CA,587,38.628548,-120.276043,22,71.8
East_Mtn_Road,WA,1259,46.11187,-117.17728,22,58.2
Ebell_Cr-Dark_Cyn,OR,410,44.59167,-117.74167,28,5.2
Eholt,BC,5005,49.14876650148895,-118.5415804,14,2
Eight,OR,1555,45.2074,-121.61494,2,0.4
Elam,CA,799,40.249345,-121.449414,25,47.8
Elk Creek Falls,ID,2152,46.74257,-116.18017999999999,22,15.8
Elk Mountain 001,ID,2161,47.607865,-116.643867,8,13.8
Elk Mountain 604,ID,2265,47.592156,-116.599041,2,15.4
Elk Summit,ID,2405,45.897575,-115.555061,4,72.2
Elk_Creek,OR,1524,44.39535,-118.34271,4,8.2
Elk_Creek,OR,1595,44.72853,-118.74825,3,6.2
Elk_Creek,OR,1614,44.29843,-118.51747,1,3.6
Elk_Flat,OR,1615,44.31252,-118.4573,1,0.4
Elk_Mtn,OR,525,45.69167,-117.19167,21,6
Ellensburg,WA,1022,47.1393,-120.50777,4,1.4
Ellis,OR,1514,45.16337,-119.19804,1,0
Emerald Butte 1,ID,2219,47.0051,-116.41047,24,23.2
Emerald Butte 2,ID,2220,47.01084,-116.36136,6,75.2
Emida Peak,ID,2196,47.1041,-116.59044,42,75.8
Empire_Creek,WA,1284,48.81901,-118.66154,25,13.8
"End of Union Road, Glenmore",BC,4045,49.945522200000006,-119.4431763,6,25.466666666666665
End_Springs,OR,1534,45.56558,-118.12754,4,1
Eshom,CA,1394,36.690093,-118.946905,9,37.8
Ewing_Spr.,OR,1561,44.06934,-118.78682,2,0.8
FSR 144 & NM Hwy 126,NM,563,35.891816,-106.66757,1,0
FS_Info_Touchet_DNR2,WA,1726,46.1358,-117.80861,12,16.6
FS_Road_5661,NM,425,32.934518,-105.73243,18,6
FS_Road_64,NM,461,32.772577,-105.771126,12,12.8
Fairview Creek,ID,2090,43.594797,-115.29157,11,49.4
Fairview Knob,ID,2180,47.08938,-116.72055,44,105.8
Fallen_Leaf,CA,1445,38.921549,-120.048795,3,0.4
Falls_Creek,WA,348,48.63611,-120.16389,37,16.4
Fan Creek Saddle,ID,2145,46.244162,-115.650915,7,0.6
Fawn_Creek,NV,6407,41.71922723,-115.5593825,6,9.8
Featherbed Camp,WA,660,46.01254,-120.93975,24,6.4
Fields_Sp.S.P.1,WA,860,46.08233,-117.17752,24,40.2
Fields_Sp.S.P.2,WA,861,46.08233,-117.17752,38,33.2
Fields_Sp.S.P.3,WA,862,46.09696,-117.15605,13,4.8
Fifty-one Creek,BC,3042,51.1165,-121.5194,17,3
Fifty-one Creek,BC,3044,51.1165,-121.5194,3,2
Fir Cap,CA,1315,39.570275,-120.839429,6,38.2
First_Cr.,WA,545,47.85796,-120.18366,44,34.8
First_Creek,WA,1305,47.20828,-120.67638,13,3.2
Fish_Creek,MT,76,46.94243,-113.380316,22,10.2
Fish_Lake,OR,469,45.01512,-117.09313,41,110.6
Fish_Lake,WA,919,48.61415,-119.71036,34,46
Fish_Lake,WA,1670,46.615,-121.12715,2,0
Five,OR,1552,45.063720000000004,-121.63393,2,0
Five Mile Lake,BC,3036,51.073229,-121.580825,12,3.2
Flagstaff_Butte,OR,1521,45.07183,-117.51011,29,42
Flat Creek,ID,2172,46.85214,-116.73214,47,90
Flat Rocks CG,CO,182,39.325734,-105.085117,26,20.6
Flat_Lake_Spr,OR,1494,45.34978,-118.46956,30,6.6
Flatiron Ridge,ID,2406,45.861841,-115.3853,4,49.8
Flower_Trail_SO,WA,1363,48.30234,-117.40311,21,9.2
Flume_Cr,WA,630,48.91,-117.3748,37,9
Fly_Creek_Tribu,OR,1115,45.1169,-118.53704,1,0.2
Flynn Butte,ID,2239,46.98951,-116.63855,38,96.4
Forest Boundary,CO,333,39.385598,-105.063317,21,25.6
Forest Creek TH,CA,1450,34.16053,-116.89894,1,4
Forest_Cap_Partners,OR,747,45.43487,-117.88076,38,18
Forest_Cap_Partners,OR,754,45.77145,-117.57475,23,19
Forest_Cap_Partners,OR,755,45.72859,-117.51185,24,15.6
Forest_Cap_Partners,OR,756,45.60917,-117.96306,24,66.8
Forest_Cap_Partners,OR,761,45.68489,-117.34291,24,12.6
Forest_Cap_Partners,OR,762,45.682,-117.92181,41,26.4
Forest_Cap_Partners,OR,766,45.82882,-117.65456,22,11.2
Forest_Cap_Partners,OR,768,45.78678,-117.51224,24,29.8
Forest_Cap_Partners,OR,772,45.20188,-117.71486,20,16.8
Forest_Cap_Partners,OR,773,45.53674,-118.40414,22,3.6
Forest_Cap_Partners,OR,776,45.2166,-118.0653,36,3.8
Forest_Cap_Partners,OR,778,45.12949,-118.02486,23,61
Forest_Cap_Partners,OR,810,45.82973,-117.55416,22,45.4
Forest_Cap_Partners,OR,1719,45.74259,-117.55373,38,18.8
Forest_Cap_Partners,OR,1720,45.68355,-117.65439,35,13.2
Forest_Cap_Partners,OR,1721,45.65547,-117.38607,37,18.6
Forest_Cap_Partners,OR,1722,45.68476,-117.28096,35,12.8
Forest_Cap_Partners,OR,1725,45.84406,-117.57499,34,40.4
Forest_Cap_Partners,OR,1747,45.74191,-117.71641,37,9.4
Forest_Center_Road,WA,1327,48.10248,-117.82291,24,4.2
Forest_Mt.,WA,541,47.8625,-120.22083,42,46.6
Fortier_Creek,ID,2230,47.577676,-116.577541,2,2.4
Forty-two Creek,BC,3022,51.049999,-121.666672,2,0
Forty-two Creek,BC,3023,51.049999,-121.666672,11,2.8
Four,OR,1551,45.1502,-121.65491,2,0.2
Four_Corners_(Blakeless),CA,966,39.97569,-120.876281,15,25.6
Fourbit Creek,ID,2006,44.475261,-116.262756,8,42.8
Fourmile Creek,CO,160,39.1962,-106.0743,5,0.4
Fourmile Creek 1,ID,2267,46.82570878,-116.9639885,24,88.6
Fourth of July Creek,ID,2059,45.40313409,-113.8633583,12,12
Fox_I,WA,1600,47.03445,-121.07943,1,0
Foys_Lake,MT,82,48.162408,-114.3647,23,4.2
Franklin_Basin,UT,6417,41.98516627,-111.5963909,7,0
Franks Creek,OR,1709,44.537425,-119.487165,1,1.8
Frazier_Cr.,OR,1613,44.11292,-118.74684,1,2.8
Frazier_Creek,OR,815,44.2567,-119.58313,17,53.4
Fredonyer_East,CA,1437,40.359861,-120.865472,29,21.6
Fredonyer_North,CA,1444,40.359861,-120.865472,2,15.2
Fredonyer_Pass,CA,36,40.360266,-120.867542,36,46.2
Fredonyer_West,CA,1438,40.359861,-120.865472,33,13.6
Freeman,WA,1336,47.48551,-117.20637,2,0.3
Freezeout Road,ID,2378,46.91584517,-115.9552727,4,45
Fremont,OR,368,44.78527,-118.48334,31,1.6
French_Corral,WA,1482,47.70838,-120.51131,4,0.4
Frenchtown/Frenchtown_T,MT,108,47.0664,-114.28488,25,78.4
Frenchtown_F,MT,92,47.0664,-114.28488,26,33.4
Frenchtown_J,MT,99,47.0664,-114.28488,26,77.8
Frog_Heaven,OR,1493,45.21856,-118.59806,5,0.2
Fry_Meadows,OR,1535,45.78089,-117.83957,4,5.6
Fuego_Mtn.,OR,1657,42.63861,-121.41764,1,6.4
Fulda,CA,1296,39.265487,-120.687562,3,9.8
Gambles_Mill,WA,940,48.21332,-119.92746,37,13.6
Gator,OR,238,45.237,-121.48597,42,17.8
Getaway_Spr,WA,382,46.2258,-117.47357,40,12.2
Gifford,WA,886,48.30299,-118.04736,42,55.2
Gilbert_Mtn,WA,1347,47.32753,-117.09245,23,78
Glover Creek,ID,2377,46.91820506,-116.0101646,4,29.8
Goat Butte,WA,681,46.1487,-121.30678,29,33.2
Gold_Creek,WA,342,48.23578,-120.23531,36,29.8
Gold_Creek,WA,599,46.96056,-121.02694,40,1.8
Gold_Creek,WA,909,48.18888,-120.15439,41,25.6
Gold_Eagle_Pack,OR,465,44.98523,-117.31368,42,77.8
Gold_Hill,OR,177,43.97242,-119.16211,40,85.6
Gold_Ridge,WA,1481,47.73803,-120.48454,4,0.4
Golf_Course_Road,WA,1377,47.19168,-121.04682,6,0.2
Goodlow,OR,51,42.2312,-121.2028,33,47
Goodrich Creek,ID,2067,44.738067,-116.625366,12,0.8
Goose_Creek,CO,52,39.1715,-105.3603,5,0.2
Goose_Lake,CA,6,41.93876207,-120.2825127,26,55.6
Gooseberry_Mdw,WA,331,48.58778,-118.91917,37,4.8
Govt.Corral,WA,1480,47.60425,-120.33429,4,0.2
Graham,WA,1563,48.08398,-120.49353,1,7.2
Grand Forks,BC,5008,49.04122385541066,-118.4327357,12,1
Grand_Coulee,WA,1062,47.90814,-118.88022,32,29.2
Grandaddy Saddle,ID,2375,44.18879202,-116.0621428,3,0
Grande Ronde River,WA,863,46.08245,-117.19881,37,10.7
Grangemont,ID,2133,46.52799,-116.02855,23,16.2
Graniteville,CA,1289,39.439869,-120.739405,17,43
Grant_Grove_Stables,CA,1403,36.740966,-118.960462,5,1
Grave_4808,OR,1577,45.10088,-116.9523,3,32.2
Grave_4808,OR,1578,45.05727,-116.97288,3,77.2
Grayback_Mtn,WA,1386,45.99279,-121.06112,2,0
Grays,CA,989,37.398756,-119.564526,23,46.2
Green Diamond,OR,1746,42.157479,-122.270993,3,49
Green Mtn,ID,2332,47.107385,-116.433859,17,38.4
Green_Bluff,WA,1144,47.83629,-117.23732,27,6
Green_Lake,WA,921,48.44592,-119.63581,29,35
Greenacres,WA,948,47.66417,-117.14301,11,1.5
Greenhorn,OR,1341,44.69871,-118.50436,10,0.6
Greenhorn_Mtn_Pk,CA,171,35.849983,-118.572738,8,41.6
Greer,AZ,68,34.012733,-109.470194,9,0
Grey_Mt.,OR,1520,45.42564,-117.78472,30,4.4
Grizzly_Giant,CA,1040,37.503734,-119.599952,7,56.2
Grouse,WA,1497,47.89695,-120.68143,4,3.8
Grouse Creek,ID,2082,43.551212,-115.21185,12,67.6
Grouse_Mtn.,WA,1459,47.98253,-120.34264,1,0.2
Grouse_Mtn.,WA,1562,47.98243,-120.30004,3,0.8
Gulch,OR,393,45.94639,-117.55278,42,17.6
Hager_Mtn.,OR,1688,42.99907,-121.02683,1,0
Hales_1,CA,437,39.0075796,-120.4586506,26,51.6
Hales_2,CA,445,39.0075796,-120.4586506,26,49
Hall_Creek,WA,638,48.46206,-118.48738,38,4.2
Hamilton,CA,790,40.317407,-120.849733,36,54.8
Hampego,WA,871,46.17115,-117.81387,25,13.4
Hanson_Harbor,WA,1065,47.9101,-118.7499,2,2.2
Happy_Camp_(Grouse),CA,911,41.422253,-121.116895,37,18.2
Happy_Isles,CA,1050,37.729774,-119.558962,7,3.4
Happy_Jack,OR,355,44.88778,-119.60972,43,116.8
Hardscrabble,ID,2078,44.242816,-115.908443,10,1.8
Harl,OR,1642,45.31552,-116.90881,3,28.6
Hart Ridge / South District Boundary,BC,3016,51.070645,-121.52744,16,6.2
Harvard_Road,WA,949,47.73565,-117.11445,40,28.8
Hatchery,WA,1503,47.67838,-120.75148,2,11.8
Hatchery_Creek,WA,1663,47.67855,-120.7299,2,9.4
Hatter Creek,ID,2285,46.87374,-116.84499,24,32
Hattie_Creek,OR,1048,44.35556,-119.275,32,53.4
Hause,WA,1673,46.67284,-121.12756,2,0
Hauser Lake,ID,2343,47.80666,-117.0293,16,6
Havillah,WA,927,48.82814,-119.22594,42,18.6
Haywood-Farmer,BC,4048,50.72388497,-120.8253794,6,20.266666666666666
Head of Big Meadow Creek,ID,2286,46.81732,-116.79793,7,82.4
Head of Bobs Creek,ID,2337,46.91473,-116.26177,23,79
Head of Child Creek,ID,2320,47.09995,-116.24608,6,52.8
Head of Emerald Creek,ID,2335,46.98192,-116.45042,23,86
Head of Hatter Creek 1,ID,2287,46.80513524,-116.7906412,17,48.2
Head of Moose Creek,ID,2341,46.90642,-116.51984,23,69.6
Head of Sheep Creek (216-117-2),ID,2233,47.07976,-116.91443,27,101.8
Headwaters,ID,2017,45.074856,-114.128864,1,0
Heffley Creek,BC,4002,50.871007209999995,-120.2176731,25,89.8
Hegler_Creek,WA,572,47.77889,-120.66944,24,35.2
Heinaman Creek,ID,2330,47.057452,-116.409632,17,8
Hell_Creek,WA,602,46.60333,-121.33028,42,9.6
Hell_Hole,CA,427,39.080568,-120.416609,3,0.4
Hellgate,WA,639,47.99155,-118.56574,39,40.4
Hemlock Butte,ID,2324,46.91912,-116.1646,23,37
Henderson_Cr,WA,323,48.73167,-119.17528,37,4.2
Hermit_Springs,CA,118,38.538644,-119.897861,19,14.6
Heyburn Park,ID,2352,47.3786,-116.7728,15,56.4
Hidden Howell Saddle,ID,2372,44.17990263,-116.043617,3,0
Hidden Scriver,ID,2371,44.14293448,-116.0560091,3,13
Hidden_Falls,CA,140,36.2581,-118.6634,23,37
High Bar,BC,3037,51.1022311,-121.5640116,8,5.3
High Bar,BC,3038,51.1022311,-121.5640116,3,0
High Bar North (changed to Big Bar Ck 2012),BC,3056,51.180545,-122.07509400000001,4,9.5
High_Creek,WA,1157,47.1897,-120.44426,26,12.2
Highland_Canyon,WA,1277,45.9624,-120.7293,5,0.8
Highland_Road,WA,947,47.77999,-117.55038,27,5.2
Highline_Spur_25,WA,1313,45.96454,-121.20871,3,30
Highway 99,BC,4028,50.88682407999999,-121.441065,14,39.85
Hihium Creek,BC,3030,51.052893999999995,-121.084945,3,1
Hitt Creek,ID,2035,44.520437,-116.928198,12,40
Hixon,WA,380,46.24137,-117.6908,26,43
Hiyu,OR,1597,44.61327,-118.90978,3,0.8
Hobo Pass 1,ID,2322,47.07306,-116.16919,23,40.6
Hogdon,CA,1057,37.79843,-119.859859,1,7
Holmes Creek,OR,1710,44.678056,-119.579722,6,13.2
Honolulu_Cutoff,WA,1017,45.93237,-120.87359,31,17
Hood.Rvr.Cty.Fst,OR,841,45.67087,-121.6377,7,3.4
Hood.Rvr.Cty.Fst,OR,842,45.65643,-121.6379,7,6.8
Hood.Rvr.Cty.Fst,OR,843,45.59913,-121.5773,7,12.4
Hood.Rvr.Cty.Fst,OR,844,45.5851,-121.59954,7,1.6
Hood.Rvr.Cty.Fst,OR,845,45.55619,-121.68047,7,3.2
Hood.Rvr.Cty.Fst,OR,846,45.46819,-121.61678,7,1.4
Hood.Rvr.Cty.Fst,OR,847,45.52673,-121.451,7,0.4
Hood.Rvr.Cty.Fst,OR,848,45.57066,-121.47199,7,1.2
Hood.Rvr.Cty.Fst,OR,849,45.55625,-121.49418,7,1.2
Hooker_Creek,WA,1290,48.27303,-119.88365,24,8.2
Horse Creek,ID,2098,44.199215,-115.508109,12,36.4
Horsefly,OR,93,42.2873,-121.0544,33,16.8
Horseshoe,OR,109,42.0898,-120.5854,26,37.2
Horsethief_Canyon,NV,6415,38.72986357,-116.9560387,9,0
Howell Canyon,ID,2023,42.322483,-113.562274,9,2.4
Howell Creek,ID,2376,44.18160091,-116.0679932,3,7
Hoyt,OR,607,42.95953,-121.39833,36,0.8
Hozomeen,WA,1201,48.98163,-121.07529,1,1.6
Huckleberry Mtn,ID,2297,47.08141,-116.96793,24,77.2
Hull_Meadow,CA,1105,38.093677,-120.040327,26,58.8
Humphrey_Camp,OR,274,44.37307,-119.72598,4,3
Hunters,WA,1249,48.16469,-118.04455,26,18.2
Huntit,OR,390,45.93769,-117.68669,42,76
Hwy 3 Bradshaw Creek,BC,4038,49.29375075000001,-120.0268301,14,36.766666666666666
Hwy 3 Lawrence Ranch,BC,4036,49.27081955,-120.0199325,9,30.4
Hwy 3 Nickelplate/Apex Road,BC,4040,49.3379503,-120.0520051,14,31.433333333333337
Hwy 3 Winters Creek,BC,4039,49.30981638,-120.0309125,14,27.666666666666668
Hwy. / South District Boundary,BC,3017,51.070645,-121.52744,20,15.8
Hwy 3 Willow Heights,BC,4037,49.42148490339491,-119.8917564,4,0.2
IXL/Cedar Valley Rd,WA,997,46.20641,-121.10508,27,22.4
Icehouse,AZ,45,33.292844,-110.830636,17,86.8
Icicle_Mac_Cr,WA,593,47.6,-120.80833,39,45.6
Illinois Gulch,CO,208,39.150332,-105.109894,5,0.2
Independence,CA,1310,39.440665,-120.299124,12,10.6
Indian,WA,1635,46.64387,-121.31601,1,0
Indian Camp,WA,1728,47.28955,-120.94946,9,22.4
Indian Creek,OR,1708,44.361266,-118.73,1,18.6
Indian Creek CG,CO,179,39.379901,-105.098917,26,32.2
Indian_Creek,WA,1140,47.30323,-120.85426,27,21.8
Indian_John_Hill,WA,1134,47.16068,-120.84993,15,0.2
Indian_Springs,CA,1262,39.327944,-120.568511,19,26
Ingals,WA,1502,47.46007,-120.68188,4,31.8
Inks Lake,BC,4003,50.62675637000001,-120.4753919,25,58.8
Iron Mtn,ID,2275,47.12144,-116.96898,18,97
Iron_Mtn,WA,628,48.575,-118.625,27,5.2
Iron_Mtn._11-20,CA,514,38.707194,-120.356893,5,63.2
Iron_Mtn._1Ut_41-50,CA,522,38.707194,-120.356893,18,61.2
Iron_Mtn._2T_51-60,CA,526,38.707194,-120.356893,18,58
Iron_Mtn._71-80,CA,528,38.707194,-120.356893,5,29.6
Iron_Mtn._Cdf_8Ut,CA,100,38.717919,-120.389576,8,25.2
Iron_Springs,WA,1229,46.31617,-117.49491,23,17.6
JWTR,OR,720,42.56431,-121.00689,34,20.8
JWTR,OR,723,42.34561,-120.73611,23,11.2
JWTR,OR,726,42.27437,-121.04772,22,53.2
JWTR,OR,727,42.28941,-120.67437,38,39.6
JWTR,OR,730,42.17735,-121.94356,29,31
JWTR,OR,735,42.03145,-121.94312,36,38.6
Jack_Creek,OR,7,44.49167,-121.7,38,45.4
Jack_Creek,WA,653,48.07986,-118.07986,38,12.2
Jack_Creek 2,WA,1713,48.0818,-118.7226,1,0.5
Jackson Mountain,ID,2227,46.81437,-116.31517,41,19.6
James_Canyon,WA,387,46.04878,-117.45461,43,35.2
James_Ridge_Lookout,NM,420,32.965551,-105.605888,18,4.4
Jared,WA,1297,48.46817,-117.32157,24,4
Jaybird,CA,466,38.833904,-120.533264,18,87.6
Jaymes,OR,1541,45.82676,-116.90806,1,0
Jaymes_Powerlne,OR,1539,45.77005,-116.99036,1,0
Jerusalem Camp,WA,667,46.35196,-121.21668,34,3.8
Jette_Lake,MT,119,47.7595919,-114.2495507,27,72.6
Jim_Lewis_Canyon,NM,504,32.705544,-105.587679,4,0.4
John Point,ID,2311,47.18361,-116.69246,16,61.6
John_Spring,OR,46,42.3564,-121.2839,33,18.2
Johnny_George,WA,640,47.92227,-118.46033,41,30.6
Johns Point,ID,2215,47.190777,-116.555963,35,23.8
Johnson,ID,2131,46.564508,-116.083897,6,4.8
Johnson Park,ID,2066,42.596324,-116.600468,10,19.8
Johnson_Canyon,WA,1163,46.86282,-120.98019,11,0.8
Johnson_Heights,OR,811,44.64435,-119.70524,22,55.6
Johnson_Heights_New,OR,1390,44.64568,-119.70765,7,33.8
Johnstone Creek Rd,BC,5002,49.07668762797612,-119.0446465,14,23.3
Joker Creek,ID,2064,44.810911,-116.159439,11,0.4
Juan Creek,BC,3040,51.083332000000006,-121.599998,3,1
Jubilee,OR,1532,45.8386,-117.94214,4,0.6
Jump_Off_Ridge,WA,1343,47.31233,-120.25037,3,0.2
Junction,ID,2126,46.10174,-116.81771,20,2.6
Junction_Road,WA,1312,45.9791,-121.22951,3,20
June Springs,BC,4015,49.82081768,-119.3800065,15,46.8
Jungle_Creek,WA,1141,47.33654,-120.85922,27,7
Kaiser,WA,1013,45.92735,-120.99901,32,15.2
Kaiser_Butte,WA,1276,45.97791,-120.9576,5,6
Kaleden,BC,4017,49.344246119999994,-119.6267291,25,55.4
Kamiak_Butte,WA,953,46.8692,-117.15539,17,72
Karr_Canyon/Upper_Karr_CG,NM,438,32.881782,-105.779748,18,0.2
Kastor,OR,1455,44.4974,-118.84914,2,1.8
Keechelus,WA,1463,47.30716,-121.34957,1,0
Keller_Butte,WA,646,48.07147,-118.79486,43,41.8
Keller_Ferry,WA,1063,47.87352,-118.71733,32,54.4
Kelly Lake,BC,3025,51.006285,-121.784567,21,7.2
Kelly Lake,BC,3039,51.006285,-121.784567,2,0
Kelly Lake Road,BC,3061,51.006285,-121.784567,4,3.2666666666666666
Kent_Spring,OR,1007,44.10619,-118.78092,23,38.2
Kentry,WA,1073,48.41624,-118.00981,3,0.8
Kernan_4204,OR,1575,45.8559,-117.01064,2,2
Kerr_Dam,MT,127,47.675174,-114.234674,23,35.4
Kersey Lake,BC,3035,51.033253,-121.54827,3,0.5
Kettle Prov Park (Harrison-2016),BC,5003,49.11306971075105,-118.9797697,13,57.5
Keuterville,ID,2122,46.04489,-116.47028,23,3.8
Killarney_Mountain,ID,2231,47.592167,-116.556157,2,4.4
King_Mountain,OR,172,43.79122,-118.86664,36,113
King_Mountain,WA,1356,46.08085,-121.41648,10,0.3
Kingry_Marsh,OR,1608,42.66427,-120.91254,3,0
Kings,WA,885,48.40868,-118.09061,43,41.8
Kinney_Lake,OR,518,45.275,-117.14167,20,10.4
Kinzua,OR,1456,45.13263,-119.50393,3,0.2
Kinzua,OR,1658,44.6447,-119.46029,4,0.2
Kinzua_Corp.,OR,687,45.21977,-119.34128,12,12.4
Kinzua_Corp.,OR,689,45.222410000000004,-119.2195,12,39.2
Kinzua_Corp.,OR,690,44.9717,-120.05783,5,32
Kinzua_Corp.,OR,693,45.00242,-119.76016,6,3.8
Kinzua_Corp.,OR,695,45.00215,-119.69812,5,8.6
Kinzua_Corp.,OR,697,45.01625,-119.65727,6,22.6
Kinzua_Corp.,OR,699,45.06125,-119.13354,6,0.8
Kinzua_Corp.,OR,700,44.92723,-120.14267,5,61
Kinzua_Corp.,OR,701,44.94352,-119.99967,4,27.4
Kinzua_Corp.,OR,702,44.98683,-119.8999,6,2
Kinzua_Corp.,OR,703,44.9437,-119.91974,5,10.4
Kinzua_Corp.,OR,704,44.5995,-119.3997,5,6.2
Kirkpatric,WA,1303,48.0635,-117.35956,24,3.5
Klatt_Camp,WA,1268,45.96449,-121.18787,5,5.6
Klickitat River Rd,WA,663,46.21165,-121.2921,25,20.2
Klondyke_Creek,WA,634,48.22836,-118.51522,42,24.4
Klose_Butte,WA,1317,45.96449,-121.18787,1,29.2
Kopp,OR,1519,45.27651,-118.96753,3,0.4
Kroupa_Rd,WA,1329,48.99429,-118.78292,7,0.4
La Cienega,NM,547,35.169855,-106.375069,1,18
"La Cueva (near Pecos, NM)",NM,573,35.619205,-105.731295,1,27.6
Laboe,WA,619,48.67472,-117.77778,21,4.4
Labrie,OR,1625,42.92578,-120.90986,1,0
Ladd_Canyon,OR,452,45.16022,-118.05606,38,2
Lafleur_Lake,WA,636,48.41881,-118.25933,38,3.2
Laird Park IDL,ID,2199,46.94464,-116.6393,1,0
Lake Waha,ID,2124,46.18308,-116.80486,23,10.2
Lake_Creek,WA,1483,47.96823,-120.51529,4,0.2
Lake_Keechelus,WA,1130,47.30498,-121.31915,27,4.4
Lake_Mary_Ronan,MT,134,47.943676,-114.392522,23,1.2
Lantern_Flat,OR,83,42.3924,-120.7484,33,31.33
Laporte_Bald_Mtn._Whitely,CA,154,39.697151,-120.979971,19,47.6
Las_Huertas_Road_#1,NM,534,35.226854,-106.409457,12,41
Las_Huertas_Road_#2,NM,537,35.229809,-106.412795,8,44.6
Las_Huertas_Road_#3,NM,542,35.231174,-106.409861,7,36
Last Chance,ID,2047,44.984726,-116.198844,12,12
Latour_St_For_1,CA,54,40.639323,-121.703982,35,22.4
Latour_St_For_2,CA,60,40.639323,-121.703982,24,33
Lavenik,OR,609,42.4225,-121.63306,38,39
Leggett campground,ID,2407,45.826436,-115.629222,4,34.6
Lehman,OR,1517,45.16327,-118.66609,1,0
Leighwood Lake,BC,3024,51.02973500000001,-121.68838,3,0.3
Levey_Ditch_Camp,CA,1269,39.2851775,-120.74077,17,7.4
Lewis_Creek,WA,872,46.18554,-117.81379,37,6.2
Lexington-Whitely,CA,161,39.678944,-121.009998,18,49.6
Libby_Creek,WA,908,48.25548,-120.18456,41,69
Libby_Creek_#2,WA,1639,47.73663,-120.16536,1,67
Liberty,WA,1433,47.269,-120.64951,5,19.6
Liberty,WA,1729,47.269,-120.64951,9,39.2
Lick Creek,ID,2020,45.53301,-113.896525,16,38.4
Lick_Creek,WA,1226,46.25748,-117.40901,22,68.4
Liden Road,BC,3003,51.145674,-121.492484,17,4.166666666499999
Lily,CA,1116,38.259357,-119.99831,26,40.4
Lime Lookout,BC,3021,51.0868,-121.627365,3,1
Lindstrom Peak,ID,2309,47.24653,-116.55323,6,66.4
Little Bald Mtn.,ID,2148,47.01608,-116.59205,20,61.6
Little Bear Creek 1,ID,2276,46.879117,-116.620175,24,108.6
Little Boulder Cr.,ID,2150,46.7746,-116.4581,22,40.4
Little John Creek,ID,2195,47.15151,-116.621,42,78.4
Little Pine Creek,ID,2396,44.722279,-116.777498,3,20.8
Little Plummer Creek,ID,2308,47.27534,-116.88774,23,115.4
Little Sage Hen,ID,2074,44.316735,-116.162924,22,33.4
Little Water Gulch,ID,2024,43.609143,-115.073851,22,102
Little Weiser,ID,2007,44.49069,-116.282661,3,25.6
Little_Bear_Cr,OR,414,45.435,-117.47,24,3.4
Little_Catherine,OR,482,45.15333,-117.6665,37,9
Little_Chamonkane_Tshimikin,WA,1211,47.90389,-117.92889,21,3.8
Little_Rattlesnake,WA,1311,46.776,-120.96163,5,4.8
Little_Wilmont,WA,633,48.13453,-118.42175,39,9.5
Lodge Pt,ID,2110,46.10534,-115.64689,23,3.4
Lodgepole Creek,ID,2109,44.578328,-115.634654,12,1.4
Log_Creek,WA,1460,47.16623,-121.26989,1,0
Lolo Pass 1,ID,2163,47.20614,-116.85218,47,110.2
Lonesome,OR,433,45.08667,-116.87167,36,73.6
Long,OR,1607,42.751220000000004,-120.88966,4,0.2
Long Creek,ID,2173,46.83805,-116.83865,47,105.4
Long_Creek,WA,347,48.64995,-120.35036,36,11.4
Long_Creek_Mtn,OR,201,44.68055,-119.12723,42,18.8
Long_Lake,WA,1235,47.83613,-117.84779,26,8.8
Longview_Fiber,OR,835,45.57025,-121.7004,7,13.2
Longview_Fiber,OR,836,45.527589999999996,-121.74406,7,3.2
Longview_Fiber,OR,837,45.52724,-121.64093,7,3.6
Longview_Fiber,OR,838,45.61335,-121.67978,7,4.2
Longview_Fiber,OR,839,45.54166,-121.51592,7,0.2
Longview_Fiber,OR,840,45.61365,-121.45142,7,0.6
LookingGlass,OR,1349,45.82747,-117.88064,12,51.6
Lookout,OR,265,44.36889,-120.38056,37,25
Lookout,OR,1572,42.98378,-121.94019,26,1.75
Lookout_Mt.,OR,1530,45.83914,-117.79824,4,7.6
Lookout_Mt.,WA,1136,47.18353,-120.79391,26,6
Lookout_Mtn,OR,1200,43.81288,-121.67705,22,8
Lookout_Mtn_1,OR,1337,44.5657,-117.27633,17,69.4
Lookout_Mtn_2,OR,1338,44.60867,-117.25617,17,70.5
Loomis_Lower,WA,923,48.78622,-119.66584,42,58.6
Loon Creek,BC,3031,51.141462,-121.14129200000001,3,0.3
Loon Creek,BC,3032,51.141462,-121.14129200000001,3,0
Loon Lake,BC,3028,51.110069,-121.225206,15,2.6
Loon Lake,BC,3029,51.110069,-121.225206,3,2
Loon Lake East End,BC,3011,51.06679200000001,-121.321694,17,3
Loon Lake West End,BC,3013,51.078603,-121.330259,12,3
Lost Creek,ID,2058,45.00938672,-116.4932928,12,12.8
Lost Man,ID,2084,43.722639,-115.402508,14,117.4
Lost_Creek,OR,1051,44.32881,-119.27839,31,71
Lost_Creek,WA,644,48.4685,-119.08236,41,12.2
Lost_Creek,WA,1042,48.61721,-117.36549,32,0.8
Lost_Lake,WA,1631,46.62944,-121.06397,1,0
Lost_River,WA,913,48.65235,-120.50683,41,64
Lostine,OR,1474,45.33207,-117.4046,4,2.4
Lovell Valley Direct Sale,ID,2355,47.28984,-116.90461,15,69.6
Low Saddle,ID,2118,45.520493,-116.444921,7,0.4
Lower San Poil,WA,1711,47.9743,-118.7087,1,0.25
Lower Scriver Cr,ID,2080,44.184411,-115.975017,19,37.2
Lower_Baltic,CA,505,38.69361,-120.512498,25,88.6
Lower_Pinal,AZ,56,33.286917,-110.828686,17,66.8
Lumberyard_1,CA,591,38.548235,-120.307974,25,60.8
Lumberyard_2,CA,594,38.548235,-120.307974,25,52.2
Lutsey,OR,268,44.24667,-120.28167,36,18.6
Lynx_Creek,WA,637,48.34959,-118.4589,40,22.4
MELLECK RD,ID,2160,47.67865,-116.95177,1,6.8
Macumber Meadows,ID,2260,46.994232,-116.705583,17,52.2
Maiden Creek,BC,4027,50.977545309999996,-121.512546,14,8.1
Maitlen_Creek,WA,1295,48.75216,-117.33416,24,6
Malo,WA,905,48.79122,-118.58218,36,5.2
Maloney Mtn Rd,WA,1738,46.25865,-117.71881,2,1.4
Manila_Creek,WA,651,48.0178,-118.78411,40,41.6
Mann Creek,ID,2036,44.588422,-116.954019,19,45.2
Marias_Creek,WA,326,48.98583,-118.93167,38,11.25
Marie Creek,ID,2345,47.68121,-116.5817,16,2.8
Marshall_Gulch,AZ,121,32.427858,-110.755714,12,9.6
Marshall_Lk,WA,624,48.26944,-117.1,36,3.8
Mason Butte,ID,2303,47.38358,-116.86627,23,63
Matlock,OR,370,45.10052,-119.13564,41,8.8
Mattley_1,CA,1082,38.464048,-120.122505,26,22.4
Mattley_2,CA,1083,38.464048,-120.122505,26,45
Mattsen_Cr.,WA,621,48.73871,-118.18211,22,4
Maury_Mtn,OR,293,44.06333,-120.27,35,45.2
Mayflower_Point,WA,1659,48.28882,-118.40467,1,9.4
McCombs,WA,910,48.56744,-120.37396,42,34
McCormick_Spring,WA,1387,46.42467,-121.28105,6,5
McFarland_Creek,WA,1345,48.14021,-120.1135,22,10.25
McKays Butte,WA,673,46.1502,-120.9336,27,8.8
McLure,BC,4001,51.04927066,-120.2425582,25,65.7
Mcallister_Spr,OR,227,44.10102,-118.48643,38,31.5
Mccoy,OR,231,44.22581,-118.68208,40,61.4
Mccoy_Creek,OR,439,45.33284,-118.54118,13,20.4
Mcdonald_Grave,WA,898,48.96156,-118.76587,41,19
Mcdowell Trail,ID,2008,44.81017,-116.625107,19,35.8
Mcfarland_Ctoff,WA,1698,48.1272,-120.15098,1,1.2
Mcgee,CA,1397,36.773,-118.961,9,2.8
Mckenzie,WA,568,47.77806,-120.35944,13,23.6
Meadow Lake (added 2010),BC,3057,51.370115000000006,-121.761877,11,2.3333333334999997
Meadow_Creek,CA,960,40.00704,-120.594688,15,35.6
Meadows Creek Rockpit,ID,2380,46.94083868,-115.8794884,4,41
Meeks,CA,1446,39.035627,-120.126928,3,1
Memaloose,OR,428,45.42833,-116.695,20,0.4
Menness_Ridge,CA,1046,37.639306,-119.720506,7,48.2
Merrit_Mountain,NV,6408,41.88260706,-115.844719,8,37.4
Mica Mountain,ID,2201,46.8819,-116.57649,42,93.6
Mica_Mt_South,WA,1330,47.55368,-117.1035,24,78
Mica_Top1,WA,1419,47.55729,-117.08792,1,70.6
Mica_Top2,WA,1422,47.56429,-117.07824,1,26.6
Mid Loon Lake,BC,3012,51.110409,-121.250603,12,4
Middle Brownlee,ID,2040,44.665347,-116.928562,10,29.8
Middle Fk Grouse Cr,ID,2083,43.551204,-115.19223,12,75.8
Middle Fk Payette Rv,ID,2076,44.315449,-115.868603,12,4.8
Middle Fork Scriver,ID,2373,44.19135285,-116.0462275,3,1
Middle Fork of Deep Creek 1 (301-216-1),ID,2236,47.05971,-116.89506,27,89.8
Middle Fork of Deep Creek 2 (301-216-3),ID,2237,47.06303,-116.89665,27,99.6
Middle_Mt.,WA,312,48.63167,-119.78167,37,15.8
Middle_Ridge,OR,1531,45.62382,-118.02539,4,6.6
Middle_Willow_C,OR,1640,44.27791,-118.12248,1,3.4
Midway,BC,5012,49.00392364568959,-118.7841904,14,18
Milk_Canyon,WA,1160,46.85393,-120.82375,22,0.4
Mill Cr. Canyon,WA,1280,46.25028,-120.835,16,5.6
Mill Creek,ID,2027,42.749494,-116.867185,37,87.6
Mill Creek Road,ID,2038,44.665491,-116.86794,12,51.8
Mineral Creek 1,ID,2299,47.078646,-116.878764,23,78
Mineral Mountain,ID,2175,47.0603,-116.87325,47,85
Mission Mountain,ID,2176,47.06124,-116.95197,47,66.4
Mission Mountain (#2),ID,2234,47.06743,-116.94387,39,71.2
Moctileme Butte,ID,2304,47.26106,-116.94474,6,91.4
Molly_Gulch_CG,CO,47,39.191294,-105.34392,21,2
Molson,WA,933,48.95714,-119.21746,36,56.6
Monument_Road,WA,1016,45.95211,-120.91059,34,21.4
Moon Hill,ID,2253,46.90785,-116.72946,37,71.4
Moon_Canyon,WA,592,47.68,-120.57333,23,2.6
Moon_Hill,WA,1246,48.35913,-117.23488,25,6.2
Morgan,CA,796,40.370725,-121.527556,27,82.8
Morgan_Butte,OR,135,42.54889,-120.54194,35,5.4
Mormon_Peak/Lolo_Creek,MT,147,46.716131,-114.164423,23,5
Morris Creek,ID,2153,46.84528,-116.18918,21,47.4
Morrison_Canyon,WA,1342,47.13096,-120.83629,23,8.8
Morristown_1_(Bee_Tree),CA,1216,38.231841,-120.010656,17,11.8
Morristown_2_(Eureka),CA,1218,38.340219,-119.787641,26,88
Moscow Mtn (115-114),ID,2187,46.80855,-116.85617,25,90.8
Moses Mountain 1,ID,2193,47.128029,-116.769153,42,67.8
Moss_Springs,OR,476,45.29447,-117.69919,36,11.2
Mound Road,BC,3043,51.116116000000005,-121.502373,3,0
Mount Union,AZ,141,34.413003,-112.412877,7,0
Mount_Moriah,OR,475,45.49067,-117.72119000000001,39,1.8
Mountain_Fir,OR,853,45.36738,-121.34868,5,19.8
Mountain_Top,WA,868,46.2443,-117.64398,37,33
Mowich,OR,1623,43.36415,-121.38179,3,0.4
Mt.Hull,WA,925,48.91673,-119.28408,42,42.6
Mt._Ingalls,CA,964,39.993126,-120.628819,15,17.6
Mt._Spokane,WA,1152,47.88677,-117.13123,27,3.6
Mt_Hull_South,WA,1411,48.873,-119.31368,14,12
Mud Creek R4,ID,2053,45.02987176,-116.3581201,12,4
Mud_Springs,CA,597,38.546575,-120.342056,23,74.4
Mudgett_Lake,WA,1254,48.05083,-118.22121,25,3.2
Mumford_Bar,CA,1278,39.178973,-120.642523,33,49.4
Murderers_Creek,OR,1045,44.26519,-119.15998,35,39.4
Murphys_Wash,NV,6409,NA,NA,1,0
Murray Saddle,ID,2367,44.22964719,-116.0561024,3,2
N.F._Summit,OR,214,44.60653,-118.35874,39,11.6
NEO-59,OR,1742,45.5243,-116.7651667,3,0.6
NM Hwy 4 btw Dark canyon and Rincon,NM,569,35.845643,-106.635125,1,15.4
N_Cable_Creek,OR,1108,45.08123,-118.70203,27,4
N_Fork_Wenas_Cr,WA,1158,46.93186,-120.83698,27,8
Naneum_Canyon,WA,1156,47.15108,-120.46558,17,13.2
Nannie_Threemile,OR,615,42.64278,-122.07917,41,51.2
Navarre_Canyon,WA,876,47.84217,-120.20237,42,47.2
Nealy Creek Road,WA,1702,48.91104,-119.07209,9,39.6
Nevada_Pt._Ridge,CA,434,38.967169,-120.551078,25,27.8
Nevada_Pt_Rdg_1,CA,78,38.967169,-120.551078,10,33.2
Nevada_Pt_Rdg_2,CA,86,38.967169,-120.551078,3,42.4
New York Summit,ID,2028,43.038088,-116.704246,33,125.8
Newport,WA,1149,48.18861,-117.11229,26,5.4
Newsome campground,ID,2408,45.893359,-115.623524,4,44.25
Night Hawk Hill,CO,122,39.353109,-105.146552,5,4.2
Nine Mile Ranch,WA,1705,48.93346,-119.30824,9,18.4
Nine_Mile,WA,1400,48.97393,-119.29618,4,3
Nine_Mile_Falls,WA,945,47.79015,-117.58021,41,11.2
Nine_Mile_PG,NM,529,35.215497,-106.422862,16,18.2
Ninemile,OR,394,45.69593,-118.08428,43,4.8
No Name,ID,2130,46.15862,-116.79083,7,9.4
None,OR,1567,43.39204,-121.57543,1,1.2
Nora Creek,ID,2289,46.79708,-116.71893,24,81.4
North Fork Palouse River,ID,2200,46.95851,-116.60161,41,83.2
North Fork Pine Creek,ID,2298,47.13047,-117.00555,24,93
North Fork Touchet,WA,1434,46.10978,-117.83435,5,0
North Fork Touchet,WA,1730,46.11765,-117.82374,9,0.75
North of Clinton,BC,3007,51.09516200000001,-121.591012,17,5.133333333333334
North of Granite Point,ID,2269,46.82277,-116.88407,24,81.6
North-South Ski Area,ID,2197,47.06491,-116.64329,42,107.2
North_Ahtanum,WA,1033,46.50651,-121.02896,32,39
North_Canyon,NV,6416,38.67949519,-116.2567266,9,0
North_Reardan,WA,1233,47.77066,-117.89383,20,7.6
North_Wilbur,WA,1064,47.87125,-118.71924,22,50.8
Northfork,OR,234,44.20417,-118.39294,39,77.3
Northrup Gulch,CO,242,39.145226,-105.31663,5,0.2
Nurtioso,AZ,87,33.948923,-109.20622,4,0.2
O'Keefe Creek,ID,2099,44.170343,-115.568232,12,18
Oak_Creek,WA,605,46.73203,-120.91884,43,16.8
Observatory_along_SH_244,NM,457,32.978096,-105.732616,10,1.6
Ochoco_Lumber,OR,854,44.26818,-120.45632,5,2.2
Ochoco_Lumber,OR,855,44.28245,-120.39647,5,0
Ochoco_Lumber,OR,856,44.28257,-120.45621,5,3.2
Odonell Creek,ID,2379,46.97529278,-115.8802678,3,36
Olalla,BC,4032,49.28001594000001,-119.833134,11,40.4
Old Wauconda/Hwy 20,WA,1703,48.7143,-118.95435,1,0
Old_Peavine_Ridge,WA,1319,45.87584,-121.08223,1,25
Olive Creek,ID,2009,44.838993,-116.62553,21,46.8
Olney_Corral,WA,684,46.35936,-121.0674,37,0.6
Olney_Creek,WA,1429,46.237,-120.9474,4,23.8
Olsen_Canyon,WA,1257,47.78111,-118.32342,9,5.4
Onion,CA,806,40.207987,-121.588829,27,28.8
Or.Fir-Woodward,OR,850,44.57016,-120.57581,7,4
Or.Fir-Woodward,OR,852,44.52708,-120.33644,7,52.6
Orchard Canyon,ID,2068,44.746343,-116.582714,15,37.8
Orchard_Bluff,WA,1145,47.88867,-117.30234,27,11
Oregon_Cmpgrnd,OR,510,44.54167,-118.33333,34,12.2
Orient_Boulder_Cr,WA,884,48.83623,-118.18719,42,45.2
Otts_Orchard,WA,951,47.70754,-117.10142,14,20.6
Oyachen_Crk,WA,1208,47.90556,-118.08083,21,12.2
Paddy_Seed_Orch,OR,987,44.96884,-117.29264,34,94.7
Pal_Moore_SO,WA,1361,48.38759,-117.57529,21,8.2
Pal_Moore_temp,WA,1382,48.39213,-117.56948,4,0.2
Palmer_Lake,WA,922,48.87853,-119.60827,42,58.6
Palouse_Park,WA,1036,46.90632,-117.08529,1,0
Panhandle_Cg,WA,1196,48.51038,-117.27033,4,0.4
Panorama_Cg,CA,1368,35.809169,-118.570471,8,10.8
Panther_Butte,WA,683,46.31629,-121.17414,37,1.2
Paradise Hot Springs,ID,2081,43.551125,-115.266723,24,71
Paradise Point,ID,2174,46.81949,-116.94564,47,91.8
Pardue_Corral,OR,375,45.26721,-118.76704,41,1
Park,OR,364,44.91702,-118.78529,43,9.6
Park Creek Campground,ID,2100,44.116728,-115.576439,12,2.4
Park_City,WA,642,48.35922,-118.88789,43,31.6
Parker_Creek,CA,901,41.451799,-120.332342,36,13.4
Parker_Pass,CA,1372,35.950437,-118.612033,8,2.6
Parson_Water_Hole_Rd,WA,1273,45.9769,-121.041,1,0.6
Particle_Spr,WA,1513,46.14528,-117.76639,6,12.4
Pass Creek CG,CA,1309,39.504116,-120.533434,12,17.4
Pat Lake/Six Mile,BC,4004,50.731486059999995,-120.7126013,25,73.5
Patana_Cr_Rd,WA,1373,46.30152,-117.51663,14,0.4
Pattee_Canyon,MT,156,46.81421,-113.94887,23,20.6
Patton_Meadows,OR,1590,42.2444,-120.59998,2,0.4
Pavilion,BC,4008,50.87964725999999,-121.8384506,25,82.5
Peacock_Point,CA,813,40.0919,-121.322,1,3.2
Pearrygin_Mt.,WA,907,48.49183,-120.10617,41,22.2
Pearrygin_Ridge,WA,350,48.52083,-120.1225,37,18.4
Pearson,OR,1515,45.0182,-118.7276,1,0.2
Pearson Creek,WA,1436,47.24968,-120.45219,3,6.6
Pearson Creek,WA,1732,47.24968,-120.45219,9,6
Peavine,CA,463,39.07825,-120.602464,18,80.6
Peavine,OR,1542,45.71378,-117.09244,1,0
Peavine Ridge,WA,996,46.15041,-121.24461,26,21.4
Peavine_Ridge,WA,1321,45.96449,-121.18787,1,21
Pebble_Cyn_1-10,CA,493,38.696772,-120.448942,26,27
Pend_Oreille_Co_Pk,WA,1146,48.08091,-117.32516,26,2
Pennington,WA,1263,45.89095,-121.14449,4,35.2
Penny_Spring,OR,1490,45.20362,-118.37311,2,0
Peterson Point,ID,2166,47.16867,-116.56588,47,101
Pettis Point,ID,2312,47.23668,-116.41305,6,71.2
Petty_Creek,MT,163,46.91751,-114.451165,22,16.8
Phillips,WA,894,48.89688,-118.53091,42,26.8
Phillips,WA,1339,48.38888,-117.63869,18,2.4
Phillips_Cr,OR,1352,45.60068,-118.0478,11,50.6
Phytophagite,OR,1679,42.56564,-121.39831,2,0
Pickard Creek Rec Site,BC,4043,49.38343236,-120.1793171,14,31.6
Pickett_Peak,NV,6413,NA,NA,9,0
Pine Creek,CO,302,38.999924,-106.230599,4,7.8
Pine Knob,ID,2112,46.07533,-115.66803,23,41.8
Pine Ridge Road,ID,2056,45.77008052,-116.3676955,12,25
Pine_Creek,WA,1632,46.68738,-121.06508,1,0
Pinegrass,WA,1638,46.61484,-121.23195,3,0
Pinegrass_Ridge,WA,1322,45.87584,-121.08223,1,4.5
Pioneer_Cg,WA,1195,48.21122,-117.05112,26,7.2
Pipe_Creek,WA,1476,47.32525,-120.60978,3,0
Pipeline,WA,1018,45.9129,-120.81956,32,25.4
Piscoe_Meadow,WA,669,46.41073,-121.09323,43,2.2
Pistol_Creek,MT,174,47.282175,-114.127316,23,76.6
Pleasant_Creek,ID,2261,47.571993,-116.673035,2,0.4
Pleasant_Prairie,WA,1302,47.75026,-117.20738,25,4
Plummer Butte,ID,2306,47.31383,-116.87442,6,75.2
Plummer_101-110,CA,570,38.611134,-120.427749,5,68.8
Plummer_121-130,CA,577,38.611134,-120.427749,5,72
Plummer_141-150,CA,585,38.611134,-120.427749,5,57.2
Plummer_81-90,CA,511,38.611134,-120.427749,24,68.6
Plummer_E_91-100,CA,564,38.611134,-120.427749,20,62.8
Pohono_Bridge,CA,1049,37.716379,-119.66676,6,0.4
Point,OR,1626,42.9429,-120.867,1,0
Poison,CA,991,36.70604,-118.815491,22,10.2
Pole Creek,WA,679,46.1464,-121.18287,38,20.2
Pole_Creek_Rd,WA,1320,45.89095,-121.14449,1,16.8
Pole_Spring,OR,1617,44.39577,-118.48277,1,3
Polson_Big_Creek,MT,180,46.46442,-114.212949,23,5.2
Polson_East_Bay/Hell_Roaring,MT,186,47.703573,-114.041528,25,6.4
Polson_Turtle_Lake/Lost_Lake,MT,191,47.664832,-114.07197,25,48.2
Pomeroy,WA,941,46.22835,-117.57581,24,29.4
Ponderosa,CA,1420,36.103584,-118.52774,2,0.6
Porphyry Creek,ID,2018,45.016785,-114.337218,11,10
Portugese_Pass,CA,1366,35.800262,-118.58184,8,6
Potato Hill,ID,2113,46.08903,-115.73797,23,18.6
Poverty-Whitely,CA,148,39.622126,-121.006813,19,62.4
Powatka,OR,1536,45.7271,-117.4436,1,0.6
Powelson Creek,ID,2043,44.796464,-115.876798,11,0.2
Power_Lk,WA,622,48.23108,-117.38091,37,2.8
Powerhouse,OR,1699,44.79493028,-118.5002853,4,0
Powerhouse,OR,1727,44.79493028,-118.5002853,5,0.4
Prairie_City_Timber,OR,705,44.32673,-118.96155,30,50.4
Prairie_City_Timber,OR,1202,44.59993,-119.41995,8,22.3
Prairie_City_Timber,OR,1701,44.21861,-117.34305,8,18.2
Private,OR,708,44.44076,-119.84733,6,1
Private,OR,709,44.31238,-118.55631,37,15.8
Private,OR,710,44.21259,-119.16753,20,67.8
Private,OR,711,44.22618,-118.8613,36,26.2
Private,OR,712,44.69936,-119.1346,7,60.4
Private,OR,713,44.35574,-118.71802,26,24.4
Private,OR,742,42.7072,-120.73163,25,11.6
Private,OR,743,42.31831,-121.32122,39,48.2
Private,OR,744,42.30861,-121.7663,25,34.4
Private,OR,745,42.30191,-120.58075,35,29.4
Private,OR,746,42.07143,-121.31962,38,42.2
Private,OR,798,45.69838,-117.61443,22,19.6
Private,OR,804,44.92786,-117.21556,6,22
Private,OR,805,44.94253,-117.01232,6,34
Private,OR,807,45.27152,-117.07381,21,5.2
Private,OR,827,42.58471,-122.61005,7,0.8
Private,OR,828,42.38207,-123.0035,7,2.4
Private,OR,830,42.60016,-122.96488,7,2.6
Private,OR,1677,45.59455,-118.10723,5,1.8
Private,OR,1678,44.9571,-117.07322,5,21.4
Private,OR,1700,44.34666,-117.30305,8,3.8
Private,OR,1723,45.61145,-117.34398,37,28.8
Private,OR,1724,45.37441,-117.32248,37,6.2
Prospect Peak 1,ID,2294,47.017845,-116.840948,24,85.6
Quail_Flat,CA,1388,36.722086,-118.906825,9,5.4
Quail_Flat_Nps,CA,1412,36.721914,-118.907812,1,1.75
Quartz Creek,ID,2278,46.92536,-116.66394,7,96.2
RY_Timber,OR,800,45.5965,-117.53245,31,30.2
Railroad,WA,1564,48.18576,-120.60692,2,10.8
Rainbow Falls,CO,222,38.868213,-104.92454,5,0.8
Rainy,WA,1498,47.83894,-120.96229,4,0.2
Raleigh Peak,CO,110,39.397926,-105.22097,5,0.6
Rapid Creek,ID,2042,44.781831,-115.935994,12,10.8
Rapid Lightning Creek,ID,2181,48.42231,-116.275667,1,0
Rathdrum,ID,2347,47.807299,-116.912807,15,23.2
Rattler,WA,598,46.79028,-121.05861,41,14.8
Rattlesnake,WA,1307,46.79048,-120.94049,5,1.2
Rattlesnake,WA,1346,46.80654,-121.00907,22,4.4
Rattlesnake_Cmp,WA,352,48.65861,-120.55528,36,56.8
Rd_050_Dry_Cr.,OR,458,44.97162,-117.05314,39,96.6
Rd_187,WA,1666,47.01996,-121.10064,2,0
Record_Mine,OR,496,44.375,-118.25,36,43.4
Red,OR,403,45.45778,-118.30556,43,22.6
Red Bridge Rec Site,BC,4033,49.18186042999999,-120.0040916,13,10.85
Red Hill,OR,1735,45.752076,-117.314771,2,0.8
Red_Hill,WA,864,46.30176,-117.55975,22,32.8
Red_Horse_Mountain,ID,2229,47.548727,-116.644101,2,3.2
Red_Knob,OR,1522,44.97019,-117.391,4,18.6
Red_Spur,UT,6405,41.61115213,-111.462071,10,0
Red_Top,WA,551,47.30833,-120.725,45,37.2
Redskin Mtn,CO,261,39.358847,-105.364219,5,0.4
Reecer,WA,561,47.18333,-120.6,43,37.2
Renfro Creek,ID,2317,47.174941,-116.36002,17,37.8
Renfro Peak,ID,2316,47.19534,-116.31847,6,44.2
Republic_Gravel_Pit,WA,883,48.671,-118.87411,43,4.8
Revais_Creek,MT,195,47.26451,-114.407341,1,7
Reynolds,OR,1032,44.4395,-118.46274,1,0
Reynolds_Creek,AZ,22,33.86175,-110.943743,18,41.5
Rhett Cr,ID,2115,45.63113,-116.337317,23,1.8
Rice,WA,932,48.45534,-118.03695,43,13.6
Rice Creek,ID,2108,44.54935,-115.654774,12,0.6
Rice_Cabin,CA,477,38.8040703,-120.5577033,4,2.8
Rice_Cabin,CA,483,38.8040703,-120.5577033,10,8.2
Rich,OR,1643,45.31552,-116.90881,1,13.4
Rich,OR,1644,45.21468,-116.90913,3,10.4
Rich,OR,1686,45.25771,-116.88846,2,0
Rio_Penasco/Upper_Penasco/Bluff_Springs,NM,447,32.830456,-105.737372,16,2
Riverbed,OR,71,42.615,-121.1388,32,22.8
Road 37,WA,1745,48.539239,-119.823194,3,4.4
Road_2705,OR,297,44.50667,-120.71,35,21
Roaring River,ID,2085,43.740252,-115.470144,12,95.2
Robbins Range,BC,4010,50.62424868,-119.9474994,25,80.5
Roberts Camp,ID,2374,44.1921748,-116.0561522,3,1
Roberts_2605,OR,530,45.625,-117.25,35,33.2
Robinette,WA,1225,46.17117,-117.93963,2,24.4
Rock_Creek,WA,1164,46.89325,-120.96865,27,2
Rocky Point,ID,2284,46.84872,-116.88963,24,79.6
Rocky_Glen,CA,1291,39.4251,-120.7378,7,10
Rogger,OR,1593,42.17315,-120.2451,2,2.8
Roop_Mtn_East_1,CA,1439,40.470577,-120.809414,10,6.4
Roop_Mtn_East_2,CA,1440,40.470577,-120.809414,10,1.6
Roop_Mtn_West_1,CA,1442,40.470577,-120.809414,9,18
Roop_Mtn_West_2,CA,1443,40.470577,-120.809414,8,1.666666667
Rose Creek,ID,2266,47.577696,-116.556123,2,8.2
Rough Creek,ID,2097,44.242534,-115.427687,12,0.2
Round Valley Creek,ID,2054,45.1007,-116.382918,12,10.75
Round_Mt,WA,1210,47.99361,-117.91056,21,8.5
Rubicon,CA,1447,38.977573,-120.103369,3,2.75
Ruby,CA,1318,39.518337,-120.8455,6,52.6
Ruby Creek,ID,2279,46.90723,-116.677126,17,47.2
Ruby_Creek,OR,211,44.64768,-118.69175,34,15
Running_Water_Spring,UT,6404,41.58136098,-111.4314725,10,0
Rusty_Cr.,WA,320,48.53248,-119.83166,36,31.2
S Fk Little Plummer Ck,ID,2188,47.28279,-116.80437,25,92.4
S of Shay Hill,ID,2264,47.318069,-116.66707100000001,17,101.75
S-500,OR,1733,45.064146,-121.493315,5,21.6
S. Cow Cr,ID,2119,45.51523,-116.36752,23,10.6
S.Fk.Beaver,WA,1495,47.76622,-120.59735,4,15.6
S.Fork Toppenish Cr,WA,675,46.22471,-121.03097,38,16.2
S_Fork_Oak_Cr,WA,1166,46.73157,-120.89279,21,2.8
Salmon La Sac,WA,1737,47.40424,-121.09905,1,0
Salmon_L.A_Sac,WA,1466,47.39663,-121.0932,1,0
Saloon Gulch,CO,294,39.370008,-106.86152,5,4
San Antonio CG,NM,562,35.894389,-106.655226,1,3.2
Sand Draw,CO,321,39.186839,-105.280893,4,0.4
Sand_Creek,WA,1599,47.04891,-121.24813,3,0
Sandy_Butte,WA,912,48.59241,-120.43705,40,50.8
Sanpoil,WA,654,48.15722,-118.69944,37,51.2
Santa Clara Canyon - Point 1,NM,554,35.976758,-106.38483,4,6.5
Sardine_Spring,CA,1247,39.62,-120.615,15,40.8
Satus,WA,1021,45.99131,-120.66882,34,10.6
Scale_Station,OR,250,45.10372,-121.46297,43,13.2
Scatter,WA,1706,48.55158,-118.79769,9,36.2
Schoolmarm_Spr,OR,197,43.92367,-119.40054,39,54.6
Schwartz Creek,ID,2202,46.86995872,-116.5845734,42,110.6
Sclome_Meadow,WA,632,48.06964,-118.54639,43,19
Scotch Bob Canyon,ID,2392,43.031382,-116.68094,4,21.4
Scott Creek,ID,2104,44.199265,-115.72901,12,1.8
Scotts_Valley,WA,1231,47.92267,-117.64359,20,5.4
Scraggy View PG,CO,129,39.32805,-105.188242,5,2.8
Scriver Creek,ID,2399,44.189548,-116.005948,6,96.6
Secret_House,CA,1274,39.186242,-120.586208,29,47.5
Section Corner,WA,661,46.09586,-120.79029,39,4.8
See Canyon,AZ,149,34.337027,-111.014492,6,7.8
Seid Creek,ID,2013,44.708929,-116.828106,19,51.6
Sequoia_Crest,CA,1424,36.182499,-118.633617,2,0.6
Seven,OR,1554,45.20759,-121.67588,2,0
Seventeen_Mile,WA,657,48.41833,-118.65278,38,51.8
Shafer Butte,ID,2070,43.784549,-116.084246,9,14.6
Shamrock,OR,538,45.75,-117.30833,35,13.2
Sharps Canyon,ID,2030,43.454854,-114.135134,33,58
Sheep Butte,WA,671,46.10226439,-120.9043775,30,3.6
Sheep Creek IDL,ID,2207,47.07309,-116.93699,42,83.2
Sheep Creek R4,ID,2057,44.98440308,-116.5050764,13,25
Sheep Creek R4 2,ID,2397,44.978705,-116.494835,2,12
Sheep Nose,CO,235,39.141567,-105.203426,5,0.6
Sheep_Canyon,WA,1270,45.87584,-121.08223,4,3.8
Sheep_Canyon,WA,1334,45.9769,-121.041,4,1.2
Sherman,WA,929,48.5867,-118.16177,43,32.4
Shin Pt,ID,2138,46.71732,-115.59316,22,13.2
Shinando_Canyon,WA,659,46.00492,-120.56111,37,32
Shinglemill Creek,CO,327,39.34441,-105.283726,4,0.2
Shrine_Beach,WA,1543,47.91509,-120.20461,1,8.2
Signal Peak,WA,999,46.04167,-121.25001,26,3.4
Signal Point #1,ID,2358,47.64068,-116.98047,12,39.4
Signal Point #2,ID,2359,47.61826,-116.97911,13,54.2
Signal Point #3,ID,2360,47.60648,-116.99992,12,22.8
Signal Point #4,ID,2361,47.58543,-116.99852,12,60
Signal Point #5,ID,2362,47.59622,-116.99221,12,35.4
Signal Point (Post Falls),ID,2349,47.6837,-116.9737,14,41.8
Silver City,ID,2393,43.012395,-116.73009,3,35.8
Silver Creek Campground,ID,2077,44.358815,-115.788834,12,3.2
Silver_Creek,WA,652,48.06528,-118.58444,38,59.4
Simcoe Butte,WA,1012,46.07033,-120.78837,25,23.8
Simerson_Spr,OR,397,45.45194,-118.20972,34,6.3
Sink,OR,1570,43.21996,-122.07682,1,0
Sink,OR,1648,43.17677,-122.07718,2,0
Sinkler RD/Rose Creek,ID,2154,47.350945,-116.9594067,12,7.4
Sinks,OR,1533,45.78074,-117.92108,4,15.4
Sinlahekin,WA,938,48.69061,-119.72309,37,32.2
Sivels,CA,998,37.398115,-119.580302,23,55.6
Six,OR,1553,45.27946,-121.65542,2,0
Sixmile Creek,ID,2046,45.042683,-116.219324,12,16.6
Sixmile Creek-South,CO,324,39.245629,-105.26326,4,0.2
Sixmile_Creek,CO,72,39.284766,-105.278067,5,0.6
Skillman_(Towle_Mill),CA,1250,39.31,-120.8033333,18,34.2
Skookum,OR,1568,43.24725,-121.65684,3,0.8
Skookum Lake,BC,3026,51.11128699999999,-120.87802,3,6
Skookum Lake,BC,3027,51.11128699999999,-120.87802,3,6
Skunk Creek,ID,2004,44.385844,-115.957918,32,56.6
Skyline_Pit,OR,243,45.44672,-121.45119,41,18.6
Slab_Creek,OR,1527,44.68424,-118.48427,3,0.2
Slaughterhouse Creek,ID,2105,44.102281,-115.656445,12,61.6
Sleepy_Grass_PG,NM,472,32.948683,-105.720742,3,0
Slide_Creek,OR,207,44.6795,-118.97971,41,49.5
Slide_Ridge,WA,1458,47.91491,-120.26836,4,4
Sloan Point,ID,2044,44.752894,-115.915631,12,12
Smackout,WA,617,48.80583,-117.58014,35,5
Smith Creek,ID,2293,47.05933,-116.82409,24,100.2
Smith_Mill,CA,187,36.088697,-118.659796,8,14.8
Snag_Springs,OR,1610,42.40382,-120.61952,3,0
Sneed_Mtn,WA,335,48.55667,-119.13778,38,22
Snohoosh Lake,BC,3008,51.083632,-120.876536,3,11
Snow_Cabin,WA,1034,46.52495,-121.15683,3,0
Snow_Tent,CA,1285,39.371334,-120.856032,11,37.33333333
Snowshoe_Summit,OR,1047,44.14776,-119.2815,34,24.4
Soda_Springs,WA,1427,46.4396,-120.9683,4,3
Solomon,OR,1053,42.74333,-121.79667,30,27.4
Solomon_Butte,OR,1654,42.72612,-121.77001,2,0
South Fork Boulder Creek,ID,2029,42.726473,-116.849896,34,96.8
South Garber Creek,CO,270,39.334438,-105.0496,5,0.8
South Pine,ID,2037,44.607312,-116.887996,10,25.2
South of Clinton,BC,3020,51.087117,-121.583749,20,7.75
South of Sanders,ID,2302,47.0678,-116.8178,24,86.8
South_Ahtanum,WA,1035,46.4848,-120.9866,32,27.2
South_Entrance,CA,1043,37.507937,-119.632248,7,71.2
South_Fk_Hunters_Cr,WA,1221,48.0839,-118.03663,26,2.2
South_Fk_Monastash,WA,1155,46.9844,-120.83629,27,16
South_Fork,CA,1058,37.556892,-119.691907,1,0.2
Speckerman,CA,994,37.452627,-119.585141,22,21
Spencer,WA,1637,46.60052,-121.10591,1,0
Spences Bridge,BC,4021,50.45896655999999,-121.3256831,25,68.5
Spex_Arth,WA,1465,47.15407,-121.03826,1,0
Spirit,WA,1041,48.82912,-117.65625,33,1.2
Spirit Lake 1,ID,2363,47.93126896,-117.0286954,12,10.8
Spodue,OR,64,42.6053,-121.2659,35,30.2
Spokane River Pull Out,WA,1739,47.88341,-117.69778,5,0.8
Spokane_Mt,WA,1209,47.95389,-118.08833,20,11.4
Spoon,OR,1641,45.28636,-116.95014,3,2
Spoon-Harl_Butte,OR,515,45.25,-116.96667,35,32.8
Sportsman,CA,29,41.562471,-120.898168,28,53.2
Spring Creek,CO,88,37.3720437,-105.1058817,5,0.4
Spring Gulch,CO,95,38.927469,-105.425077,5,0.2
Spring Mtns,ID,2120,45.51706,-116.41815,18,2
Spring Valley Creek,ID,2177,46.79258,-116.75043,44,61.2
Spring Valley Creek W,ID,2270,46.79746,-116.77418,7,96.6
Spring_Cr,OR,995,44.95728,-117.25603,34,97.8
Spring_Creek,OR,1120,45.3188,-118.33526,1,0
Spring_Rd,WA,1265,45.89095,-121.14449,2,28.2
Springdale,WA,943,48.06026,-117.72433,43,11.6
Spruce_Mtn,AZ,130,34.461977,-112.40325,10,0.2
Squaw Creek,ID,2071,44.475164,-116.22285,13,18.2
Squaw Creek 1,ID,2191,47.161315,-116.804857,41,89.2
Squaw Flat,ID,2061,44.767748,-116.24113,12,4.4
Squilchuck_St_Pk,WA,1142,47.31448,-120.37125,27,27.4
Squirrel_Heaven,WA,1272,45.9624,-121.041,1,19.8
Squirrel_Heaven,WA,1332,46.03562,-121.03889,4,3.2
St_Peters,WA,629,48.75833,-118.5125,35,32.8
Stacey Creek,ID,2014,44.535068,-117.009313,20,63.2
Stafford,WA,555,47.36667,-120.8,45,19.2
Stampede,WA,1462,47.29261,-121.34958,1,0
Star_Lakes,CA,1039,37.511502,-119.550052,7,30
Starkey1,OR,1111,45.24669,-118.53628,2,0.3
Starkey2,OR,1114,45.24667,-118.55674,1,0.2
Starr_Ridge,OR,158,44.21889,-118.92944,41,40.4
Starvation,WA,887,48.51784,-117.71048,43,5.6
State,OR,706,44.67402,-119.92909,6,4.2
State,OR,707,44.64487,-119.9498,6,0.4
State,OR,829,42.5569,-123.18071,7,3.8
State,OR,832,42.10569,-122.53292,7,1.4
State,OR,834,42.49859,-123.37684,6,2
State Line (Meredith Rd),ID,2354,47.31549,-117.03332,15,58.8
State Line (Post Falls),ID,2348,47.6389,-117.025,15,6.6
State-DFW,OR,787,45.02855,-118.08522,6,18.3
State-DFW,OR,789,45.04831,-118.93058,6,1.4
State-DFW,OR,857,45.13606,-121.43096,5,41.8
State-DFW,OR,858,45.23735,-121.38946,5,27.2
State-DFW,OR,859,45.30952,-121.28699,5,3.2
State-Highway,OR,791,45.34784,-118.16881,37,32
State-Parks,OR,793,45.53691,-118.4663,36,19.2
State-Parks,OR,794,45.29099,-118.9674,6,0
State_OSDF,OR,737,42.78464,-121.92723,23,1.2
State_OSDF,OR,738,42.79919,-121.88788,38,15.6
State_OSDF,OR,739,42.77011,-121.84852,35,4.8
State_OSDF,OR,740,42.7411,-121.9075,24,2.2
State_OSDF,OR,741,42.33252,-121.32155,25,25.2
State_OSDF,OR,781,45.43576,-118.38043,36,2.8
State_OSDF,OR,783,45.34819,-118.37679,19,1.6
State_OSDF,OR,785,45.44951,-117.75782,22,4
State_OSDF,OR,1736,42.77011,-121.84852,3,30.4
Station,OR,247,45.11492,-121.52494,42,14.4
Steamboat,OR,1031,44.48282,-118.4629,1,0.4
Steep_Hollow,CA,1271,39.257263,-120.814965,20,70.25
Stemwinder FSR,BC,4041,49.37140469999999,-120.1351197,12,33.7
Stemwinder Park,BC,4019,49.37495248,-120.1432354,25,49.3
Stepstone,WA,643,48.3942,-118.02,41,17
Stinking Lake,BC,4047,50.83953233000001,-121.094025,6,6.766666666666667
Stockade,WA,1512,46.21414,-117.77105,4,6.6
Storm_King1,WA,1070,48.70449,-118.75903,2,0.4
Storm_King2,WA,1071,48.67563,-118.80263,2,0
Stough,CA,899,41.562058,-120.254446,36,22.4
Stover,CA,802,40.283001,-121.314471,25,58.6
Stover_Mtn.(Rbrg),CA,48,40.28235,-121.305801,28,45.8
Strawberry_1,CA,1124,38.197181,-120.008144,23,37
Strawberry_2,CA,1127,38.197181,-120.008144,26,44.8
Strawberry_3,CA,1129,38.197181,-120.008144,22,44.8
Strawberry_Resv,OR,1588,42.09995,-120.85138,2,1.8
Street_Creek,OR,30,44.5738,-121.5834,31,13.4
Stump Lake,BC,4009,50.34720934,-120.3930029,25,79.8
Stump_Hollow,UT,6402,41.95822613,-111.5307558,9,0.2
Stump_Spr_31-40,CA,497,38.705316,-120.406804,26,53.8
Success_Summitt,NV,6410,39.25691564,-114.7044266,8,0
Sugar Creek 17,CO,136,39.29945,-105.168358,5,5
Sugar Creek 18,CO,143,39.29945,-105.168358,5,4
Sugar Creek-54,CO,311,39.29945,-105.168358,4,6.2
Sugar Creek-55,CO,314,39.29945,-105.168358,4,3
Sugarloaf,CA,1376,35.834056,-118.615505,8,16.6
Sugarloaf_Sfp,CA,181,35.837794,-118.604532,8,35.75
Sugarpine,OR,1569,43.11671,-121.617,1,1.8
Sugarpine,OR,1650,43.11681,-121.63681,2,1
Summerland,BC,4016,49.61699493,-119.7893714,25,43.5
Summit,CA,1000,37.50845853,-119.6934112,5,60.2
Summit Landing,ID,2137,46.59169,-115.78397,23,14.6
Summit_Cr.,OR,1507,44.97175,-117.23583000000001,4,13.4
Summit_Cr_Mp3,WA,1316,45.89095,-121.14449,1,2.8
Summit_Creek,OR,1538,45.79781,-116.94944,4,4.6
Summit_Level,CA,1086,38.30464,-120.396508,27,64.4
Summit_Level,CA,1090,38.30464,-120.396508,27,63.6
Summit_Pt_Rd,OR,993,44.95719,-117.23573,33,87.8
Suncadia,WA,1435,47.21882,-121.00848,4,6
Suncadia,WA,1731,47.21882,-121.00848,9,6
Sunflower,OR,980,45.03111,-119.5875,42,70.8
Sunset Mountain,ID,2217,47.02209,-116.47668,24,20.8
Sunset Mtn,ID,2331,47.03562,-116.4493,6,86.2
Sunset_Cpg,CA,1409,36.737129,-118.965803,8,2.6
Sunsetlake,WA,627,48.54167,-118.77083,27,19.2
Sw_Shaws,OR,1656,42.42136,-121.63393,2,0.8
Swanson Cr,ID,2139,46.75086,-115.59857,23,60.4
Sweat_Creek,WA,916,48.39308,-119.80763,34,38.6
Sweitzer,WA,1612,46.11203,-117.34667,3,1
Swietzer,WA,1509,46.12703,-117.32485,1,0
Synder_Meadow,OR,1592,42.33196,-120.46415,2,2.4
Syringa Creek,ID,2310,47.228462,-116.523432,17,11
Tamarack,WA,1380,47.77796,-117.95941,17,0.6
Tamarack Flat,ID,2072,44.396487,-116.237392,22,60.8
Tamareck_Spring,WA,1479,47.06278,-120.90812,4,0
Taneum,WA,1154,47.11392,-120.88416,27,8.6
Taneum,WA,1398,47.1252,-120.9293,14,19.2
Taneum_Pk.,WA,1478,47.10897,-120.95277,4,0.4
Teanaway,WA,1477,47.41168,-120.92501,1,0
Teanaway,WA,1574,47.39719,-120.92508,3,1
Teanaway_Butte,WA,1355,47.31678,-120.93562,6,26.6
TeePee_SO,WA,1362,48.66351,-117.48711,21,12
Teepee_Butte_Rd,OR,1537,45.8559,-117.01064,1,0
Tekoa,WA,1037,47.23303,-117.07519,1,0
Tekoa_East,WA,1426,47.27768,-117.07315,1,94.2
Tekoa_Johnson_North,WA,1423,47.26574,-117.08722,1,41.3
Tekoa_Johnson_South,WA,1425,47.2668,-117.08722,1,72.8
Tekoa_Mt,WA,1335,47.26686,-117.07809,3,64.2
Tekoa_Mt_North,WA,1331,47.31522,-117.04941,23,85.2
Telephone_Flat,OR,1651,42.47986,-121.6923,3,0.6
Telephone_Gulch,OR,502,44.25833,-118.125,35,27.6
Texas_Cr.,WA,928,48.22546,-120.04191,42,8.6
Third_Creek,OR,506,44.625,-118.25,42,57.6
Thompson_Spr,OR,255,44.46722,-120.26028,37,4
Thompson_Spring,OR,1005,43.79249,-118.70627,35,90.4
Three,OR,1550,45.0927,-121.51212,3,4
Three Mile Lake,BC,3019,51.060465,-121.56572,3,0
Three_Creeks,WA,1019,45.92615,-120.72924,31,10.6
Three_Mile_Rock,CA,958,39.889374,-120.56091,14,28.6
Threemile Creek,ID,2103,44.271789,-115.669077,12,0.6
Thunder_Hill_1,CA,1094,38.287829,-120.173116,26,22.6
Thunder_Hill_2,CA,1096,38.287829,-120.173116,26,24.6
Thunder_Hill_3,CA,1098,38.287829,-120.173116,27,34
Thunder_Hill_4,CA,1100,38.287829,-120.173116,27,48.2
Tiger,OR,1685,45.94147,-117.98901,1,0
Tiger_Meadows,WA,889,48.67797,-117.48713,14,11.8
Tiger_Saddle,OR,1351,45.94039,-118.02908,12,29
Tiger_Saddle,OR,1528,45.94062,-118.01044,3,3.2
Timber_Mt,WA,626,48.51419,-117.47665,38,15.2
Timothy,OR,306,43.96646,-119.52674,37,22.6
Timothy,WA,1665,47.07703,-121.24812,2,0.2
Tin_Trough,OR,1662,45.14964,-118.54247,27,5.6
Tin_Troughs,OR,1492,45.18967,-118.51588,2,0.2
Toats_1,WA,902,48.84484,-119.71449,40,23
Toats_2,WA,935,48.86629,-119.76989,29,2.8
Toats_3,WA,1354,48.87599,-119.77349,15,13
Tom Carter,ID,2366,46.89589,-116.80252,2,45.2
Tool Cache,ID,2039,44.636294,-116.928532,12,51.4
Top-of-the-World,CO,256,39.346446,-105.260289,6,0.4
Topaz Point CG/Virgins Bath,CO,199,39.252865,-105.118068,26,20.6
Torada_Creek,WA,896,48.91041,-118.85988,41,16.6
Touchet,WA,384,46.15556,-117.80639,40,22
Tower,OR,104,42.3034,-120.8295,36,26.6
Treasure_North,CA,1306,39.519499,-120.346285,13,37
Treasure_South,CA,1304,39.519499,-120.346285,13,35.4
Tree_Springs_TH,NM,516,35.193649,-106.405359,16,38.2
Trinity Lakes Road,ID,2086,43.652849,-115.410843,9,41.4
Trout_Creek,OR,39,44.25861,-121.68472,39,19.5
Tucannon,WA,867,46.2294,-117.727,36,19.4
Tule Lake,ID,2107,44.65108199,-115.6789039,12,0.6
Turnbow Creek,ID,2280,46.8917,-116.7923,24,70.6
Turnbow Point,ID,2282,46.87343,-116.80089,24,79.4
Twin Buttes,WA,677,46.06396,-121.08936,36,16
Twin Lakes,ID,2356,47.87564,-116.84976,14,66.8
Twisp_River,WA,339,48.39394,-120.46139,37,39.2
Tyee,WA,566,47.24528,-120.4375,14,2
Tyee_Ridge,WA,1104,47.81204,-120.4546,26,1.4
Tyson Creek 1,ID,2327,47.09202,-116.48525,23,87.8
U.S.Forest_Serv,OR,825,42.3536,-123.16083,7,0.2
US Hill Vista overlook,NM,589,36.213008,-105.593151,1,0
USAFA-GC,CO,366,39.000218,-104.857899,2,0
USAFA-MC,CO,363,38.99509,-104.886564,2,0
USAFA-RC,CO,360,39.012008,-104.892679,2,0
Uncle_Tom's_Cabin,CA,96,38.929297,-120.484965,7,36.2
Upper Dog Creek (added 2011),BC,3058,51.59827200000001,-122.150914,3,1.7
Upper Rock Creek,ID,2091,43.985117,-115.694122,10,6.6
Upper Wolftone Creek,ID,2383,43.503287,-114.481629,8,39
Upper_Clear_Cr,OR,992,45.01516,-117.13402,33,71
Upper_Dogtown/Leek_Spr._Rd._7Ut_131-140,CA,580,38.628481,-120.276043,20,76.8
Upper_Lehman,NV,6412,39.01286289,-114.2499658,11,0.2
Upper_Windy_Pt,WA,1300,46.69194,-120.88911,23,3.2
Vantine,WA,952,46.92006,-118.50351,5,19.6
Vassar Meadows 1,ID,2178,46.847098,-116.569757,44,102.8
Veasy Lake FSR,BC,4007,50.89789205,-121.4584575,18,83
Veasy Lake FSR,BC,4022,50.89900171,-121.4594022,13,68
Veasy Lake FSR,BC,4023,50.90579816,-121.4680959,8,43.3
Veasy Lake FSR,BC,4024,50.90466264,-121.4631266,13,76.3
Veasy Lake FSR,BC,4025,50.88829881,-121.4376888,7,23
Venables Valley,BC,4026,50.59883017000001,-121.3699564,14,39.7
Vernon,BC,4013,50.30384211,-119.1976462,24,79.8
Vessey/Signal Peak Hwy,WA,1002,46.22303,-120.94653,23,9.8
Vidette Lake - North,BC,3010,51.164373000000005,-120.904691,3,1
Vidette Lake - South,BC,3009,51.15064099999999,-120.881267,3,4
Vinegar,OR,1596,44.68424,-118.54531,3,1
Virginia Gulch,ID,2025,43.609139,-115.152761,22,62
W Fork Sixmile Cr,ID,2079,44.271623,-115.968333,11,3.2
W-325,OR,1734,45.035101,-121.5349,5,29.6
W. Fork Potlatch River,ID,2151,46.92008,-116.42202,22,40.4
WA_DNR_Final,OR,875,45.98415,-118.06782,8,0.6
WA_DNR_High,OR,873,45.95628,-117.99579,7,0
WA_DNR_Watershed,OR,874,45.98426,-118.04565,8,10.8
W_Kaiser_Butte,WA,1275,45.9769,-121.0202,1,6.6
W_Meadowbrook,OR,1358,44.94953,-119.04233,16,5
Wade_Spr.,OR,1560,44.06928,-118.72639,2,4.4
Waitts_Lake,WA,942,48.18422,-117.7721,43,5
Walker,OR,1061,43.33409,-121.67692,1,0
Walker,OR,1649,43.34858,-121.67688,2,1
Wallace Road,BC,5055,49.43359123475613,-119.0856903,14,3.2
Waneta,BC,5020,49.019246239174656,-117.5938588,14,0.8
Wannacut_Lake,WA,1410,48.88448,-119.52665,14,17.6
Ward,CA,1448,39.158819,-120.153055,3,2
Warm Lake Creek,ID,2106,44.650747,-115.61444,12,0.2
Warm Springs,ID,2021,43.67965377,-114.397066,8,14.8
Warm Springs Creek,ID,2369,44.15365744,-116.0564094,3,1
Warm Springs Saddle,ID,2370,44.15828389,-116.0514883,3,5
Washington_Cr,WA,1009,47.97083,-120.04,42,19
Washington_Gulch,OR,407,44.76706,-117.92177,29,7.8
Washington_Park,AZ,15,34.42979,-111.261416,20,26
Water Canyon Road,NM,581,33.990557,-107.163515,1,0
Watson,OR,1609,42.80901,-120.96813,3,0
Wauconda_Summit,WA,882,48.7117,-118.98239,43,6
Webb Creek,ID,2128,46.158015,-116.650487,7,1.4
Weddle,WA,1672,46.67343,-120.91882,2,0
Weeman,WA,914,48.51223,-120.29262,41,44.4
Weller Road,ID,2357,47.63894,-116.95205,13,4.6
Wenatchee_Lake,WA,1499,47.82475,-120.76899,1,0.4
Wenatchee_Ridge,WA,1586,47.83897,-120.85578,3,10.8
Wenatchee_River,WA,1500,47.85336,-120.87723,1,0
West Creek,CO,151,39.149755999999996,-105.160926,6,6.8
West Fork Big Bear Creek,ID,2272,46.7938,-116.66375,24,61
West Fork Deep Creek,ID,2224,47.03738,-116.92448,41,91.2
West Fork Emerald Creek,ID,2218,47.028516,-116.377508,17,4.6
West Fork Mission Creek 118,ID,2208,47.10274,-116.97368,42,64.2
West Fork Mission Creek 723,ID,2296,47.10548,-116.91985,24,87.4
West Parks Creek,ID,2089,43.623787,-115.351024,11,80.6
West Twin (10-115),ID,2186,46.81247,-116.91909,29,75.4
West_Fork_Fortier_Creek,ID,2263,47.552293,-116.589962,2,3.2
West_Myrtle,OR,188,43.95833,-119.15917,39,65.2
West_Peak,AZ,97,32.75166,-110.046944,18,49
West_Waconda,WA,1241,48.71642,-119.07233,26,8.8
Weston,CA,1392,36.723029,-118.886153,9,2.8
Westside_Rock_Cr,OR,616,42.54639,-122.10583,42,22.2
Weyerhaeuser,OR,714,43.15789,-121.27985,2,0
Weyerhaeuser,OR,715,42.89926,-121.28145,4,0
Weyerhaeuser,OR,716,42.78315,-121.35948,4,0.6
Weyerhaeuser,OR,717,42.75103,-120.9091,4,0
Weyerhaeuser,OR,718,42.66416,-120.97141,4,0
Weyerhaeuser,OR,719,42.608,-121.04605,5,4
Weyerhaeuser,OR,721,42.47631,-120.75459,12,17.6
Weyerhaeuser,OR,722,42.44719,-120.7167,10,0.6
Weyerhaeuser,OR,724,42.26439,-122.11934,4,3.6
Weyerhaeuser,OR,725,42.23527,-121.98264,4,12.6
Weyerhaeuser,OR,728,42.17837,-122.47371,4,0.4
Weyerhaeuser,OR,729,42.16363,-122.37561,4,0
Weyerhaeuser,OR,731,42.13348,-121.98264,4,8.6
Weyerhaeuser,OR,732,42.10489,-122.27977,4,0.8
Weyerhaeuser,OR,733,42.10505,-122.13944,4,6.4
Weyerhaeuser,OR,734,42.0902,-121.9623,4,7.2
Whiskey Creek,ID,2143,46.55234,-116.10261,13,3
White_Chief,CA,984,37.478577,-119.632846,21,12
White_Cloud,CA,1266,39.320878,-120.84569,37,61.8
White_Pine,WA,1587,47.76639,-120.91923,3,0.2
White_Pine_Buttes,WA,1333,45.96355,-120.97841,4,0.8
Whitehawk,ID,2101,44.271601,-115.52847,12,0.4
Whitehorse,OR,613,42.62471,-121.78948,3,4.8
Whitmore_Mtn,WA,650,48.17928,-119.24331,42,20.6
Wide West Gulch,ID,2088,43.667075,-115.291708,12,92
Wigwam,CO,65,39.245753,-105.35434,6,8.8
Wilcox_Mt.,WA,926,48.88544,-119.2316,41,57.2
Wildcat,WA,1633,46.58598,-121.06414,1,0
Willow Bend PA,CO,307,39.342666,-105.178164,4,3.6
Willow Creek,ID,2096,43.943288,-115.478065,13,52.4
Willow Creek 1,ID,2333,47.05553,-116.36618,22,73.2
Willow Flat,WA,1741,46.67278,-121.0311,5,0.6
Willow Peak,ID,2329,47.03526,-116.41848,6,85.2
Willow_Spr.Jct,WA,1510,46.21391,-117.57575,4,0
Wilson Creek,ID,2102,44.329669,-115.609087,12,1.4
Winchester_Cr,WA,623,48.30125,-117.41168,38,12.8
Windfall Pass,ID,2190,47.24416,-116.83556,42,99.6
Windy_Point,WA,1167,46.69522,-120.91868,26,3.6
Windy_Point,WA,1348,46.3094,-121.3033,10,0.8
Windy_Point2,WA,1428,46.3094,-121.2823,3,3.4
Winter_Rim,OR,1606,42.77997,-120.94848,2,0.6
Wise Lane,ID,2156,47.2633,-116.9723333,11,17.2
Withers_Lake,OR,131,42.69444,-120.67972,36,4.8
Wohlleben Creek,BC,3014,51.03309,-121.43594,15,5.8
Wolf Creek,WA,870,46.14214,-117.81418,16,2.4
Wolf_Cr,WA,1223,46.09335,-117.87679,16,12.6
Wolf_Mtn,OR,1006,44.05936,-118.77009,35,40.6
Wolftone,ID,2398,43.532147,-114.46639,6,14
Wood Lake,BC,4014,50.15247483,-119.3709578,25,50.8
Wood_Butte,OR,535,45.7564,-117.4436,21,11.2
Wood_Road_One,WA,377,46.28835,-117.54985,40,36.4
Woodard,WA,618,48.24028,-117.54667,20,6.6
Woody_Mt.,WA,917,48.35707,-119.82596,42,26.2
Workman_Creek,AZ,31,33.816588,-110.926355,15,12.6
Yacht_Club,WA,877,47.91868,-120.21174,42,74
Yakima_Guard_St,WA,1015,46.00032,-120.94758,33,19
Yankee Flats,BC,4012,50.47374685,-119.3683931,24,42.7
Yantis Ditch,ID,2050,45.08235171,-116.4343866,12,9.2
Yellow Pine Creek,ID,2002,43.551234,-115.231826,3,10.6
Yellow_Jacket,OR,1697,43.88089,-119.26673,1,3.6
Yellowjacket,OR,193,43.88333,-119.25461,41,103.2
Yellowjacket,OR,424,45.515,-116.76194,22,13.6
Youth_Camp,WA,888,48.54893,-117.59287,43,6
Yuma,OR,287,44.31627,-119.8308,34,33.4
Zimmer Pass,ID,2368,44.14263265,-116.0755449,3,12
palisades-bear creek,ID,2395,43.277661,-111.229018,3,17.6
unknown,ID,978,46.96535,-116.846617,11,38.8
unknown,OR,816,44.42623,-119.82665,8,1.4
unknown,OR,1468,44.88876,-118.95156,2,1.8
unknown,OR,1469,44.8889,-118.89037,2,0.8
unknown,OR,1470,44.87395,-118.68661,4,1.4
unknown,OR,1471,44.78619,-118.58588,3,2
unknown,OR,1472,44.78473,-118.50364,2,0
unknown,OR,1473,44.93209,-118.66638,3,0
unknown,OR,1486,44.97333,-119.80078,4,0.4
unknown,OR,1487,44.9588,-119.722,3,1.4
unknown,OR,1488,45.08994,-119.32032,4,0.4
unknown,OR,1489,45.1629,-119.2785,3,0
unknown,OR,1544,45.16481,-121.49217,3,8.2
unknown,OR,1545,45.19388,-121.43041,3,5.4
unknown,OR,1546,45.20769,-121.51299,3,0.8
unknown,OR,1547,45.28068,-121.38919,3,14.6
unknown,OR,1548,45.33842,-121.38949,3,2.8
unknown,OR,1549,45.35235,-121.45092,3,0.2
unknown,OR,1556,44.1124,-118.82699,3,0.8
unknown,OR,1557,44.09766,-119.10747,3,0
unknown,OR,1558,44.2123,-119.28679,2,2.4
unknown,OR,1579,42.39501,-122.14007,3,0.6
unknown,OR,1580,42.43824,-122.15906,3,3.8
unknown,OR,1581,42.68289,-122.08459,3,71.6
unknown,OR,1582,42.72655,-122.10419,3,16.4
unknown,OR,1583,42.52497,-122.17949,3,0
unknown,OR,1584,42.32263,-122.19835,3,0.4
unknown,OR,1628,44.55752,-121.72616,3,1
unknown,OR,1629,44.44409,-121.7865,3,0
unknown,OR,1630,44.38591,-121.76616,3,0
unknown,OR,1680,42.86739,-120.85003,2,1.4
unknown,OR,1681,42.94229,-121.30209,1,0.6
unknown,OR,1682,43.08602,-121.28029,2,1.4
unknown,OR,1683,42.88413,-121.00591,2,0
unknown,OR,1684,42.98396,-120.81031,2,0.4
unknown,OR,1687,42.94275,-121.18398,1,0
unknown,OR,1690,42.26527,-123.35766,4,3
unknown,OR,1691,42.38175,-123.5531,4,5.6
unknown,OR,1692,42.10411,-123.49453,4,0.4
unknown,OR,1693,42.58586,-123.27913,4,1
unknown,OR,1694,42.60094,-123.59283,4,2.4
unknown,OR,1695,42.60036,-123.49465,4,3.4
unknown,WA,1011,45.98997,-120.58052,11,12.6
unknown,WA,1279,46.16889,-121.28444,1,2
unknown,WA,1324,46.35936,-121.0674,1,0
unknown,WA,1598,46.99105,-121.14267,1,0
unknown,WA,1601,46.96197,-121.01494,1,0
unknown,WA,1602,46.90522,-121.08755,1,0
unknown,WA,1603,46.86283,-121.08751,1,0
unknown,WA,1604,46.76166,-121.06622,1,0
unknown,WA,1605,46.96202,-120.9295,1,0
unknown,WA,1660,48.27437,-118.44785,1,15.6
unknown,WA,1661,48.2888,-118.42632,1,8.6
