tot,false_positive,true_positive,false_negative,true_negative,thresh,lag_pr,lag_rh,lag_temp
43385,32171,11214,0,0,0,0,0,0
43385,11027,11060,154,21144,0.025,0,0,0
43385,8379,10996,218,23792,0.05,0,0,0
43385,6197,10930,284,25974,0.07500000000000001,0,0,0
43385,4670,10823,391,27501,0.1,0,0,0
43385,3736,10737,477,28435,0.125,0,0,0
43385,3126,10650,564,29045,0.15000000000000002,0,0,0
43385,2602,10559,655,29569,0.17500000000000002,0,0,0
43385,2169,10477,737,30002,0.2,0,0,0
43385,1826,10371,843,30345,0.225,0,0,0
43385,1519,10231,983,30652,0.25,0,0,0
43385,1311,10089,1125,30860,0.275,0,0,0
43385,1151,9969,1245,31020,0.30000000000000004,0,0,0
43385,1035,9842,1372,31136,0.325,0,0,0
43385,928,9709,1505,31243,0.35000000000000003,0,0,0
43385,837,9579,1635,31334,0.375,0,0,0
43385,748,9472,1742,31423,0.4,0,0,0
43385,673,9390,1824,31498,0.42500000000000004,0,0,0
43385,607,9278,1936,31564,0.45,0,0,0
43385,556,9186,2028,31615,0.47500000000000003,0,0,0
43385,500,9094,2120,31671,0.5,0,0,0
43385,441,8957,2257,31730,0.525,0,0,0
43385,393,8845,2369,31778,0.55,0,0,0
43385,349,8723,2491,31822,0.5750000000000001,0,0,0
43385,311,8609,2605,31860,0.6000000000000001,0,0,0
43385,270,8464,2750,31901,0.625,0,0,0
43385,234,8362,2852,31937,0.65,0,0,0
43385,206,8241,2973,31965,0.675,0,0,0
43385,174,8110,3104,31997,0.7000000000000001,0,0,0
43385,155,7970,3244,32016,0.7250000000000001,0,0,0
43385,130,7801,3413,32041,0.75,0,0,0
43385,111,7599,3615,32060,0.775,0,0,0
43385,90,7356,3858,32081,0.8,0,0,0
43385,72,7066,4148,32099,0.8250000000000001,0,0,0
43385,53,6743,4471,32118,0.8500000000000001,0,0,0
43385,38,6328,4886,32133,0.875,0,0,0
43385,30,5794,5420,32141,0.9,0,0,0
43385,20,5062,6152,32151,0.925,0,0,0
43385,10,4090,7124,32161,0.9500000000000001,0,0,0
43385,7,2543,8671,32164,0.9750000000000001,0,0,0
43385,0,11,11203,32171,1,0,0,0
43385,32171,11214,0,0,0,1,1,1
43385,11615,11056,158,20556,0.025,1,1,1
43385,9059,10983,231,23112,0.05,1,1,1
43385,7254,10927,287,24917,0.07500000000000001,1,1,1
43385,5670,10815,399,26501,0.1,1,1,1
43385,4465,10694,520,27706,0.125,1,1,1
43385,3558,10615,599,28613,0.15000000000000002,1,1,1
43385,2919,10529,685,29252,0.17500000000000002,1,1,1
43385,2493,10436,778,29678,0.2,1,1,1
43385,2104,10304,910,30067,0.225,1,1,1
43385,1820,10202,1012,30351,0.25,1,1,1
43385,1545,10057,1157,30626,0.275,1,1,1
43385,1305,9915,1299,30866,0.30000000000000004,1,1,1
43385,1144,9810,1404,31027,0.325,1,1,1
43385,1028,9715,1499,31143,0.35000000000000003,1,1,1
43385,935,9621,1593,31236,0.375,1,1,1
43385,836,9531,1683,31335,0.4,1,1,1
43385,760,9406,1808,31411,0.42500000000000004,1,1,1
43385,674,9312,1902,31497,0.45,1,1,1
43385,589,9205,2009,31582,0.47500000000000003,1,1,1
43385,530,9089,2125,31641,0.5,1,1,1
43385,482,8956,2258,31689,0.525,1,1,1
43385,430,8833,2381,31741,0.55,1,1,1
43385,387,8706,2508,31784,0.5750000000000001,1,1,1
43385,351,8573,2641,31820,0.6000000000000001,1,1,1
43385,305,8433,2781,31866,0.625,1,1,1
43385,265,8281,2933,31906,0.65,1,1,1
43385,233,8107,3107,31938,0.675,1,1,1
43385,185,7932,3282,31986,0.7000000000000001,1,1,1
43385,168,7763,3451,32003,0.7250000000000001,1,1,1
43385,147,7552,3662,32024,0.75,1,1,1
43385,123,7309,3905,32048,0.775,1,1,1
43385,104,7011,4203,32067,0.8,1,1,1
43385,88,6696,4518,32083,0.8250000000000001,1,1,1
43385,64,6240,4974,32107,0.8500000000000001,1,1,1
43385,44,5671,5543,32127,0.875,1,1,1
43385,28,4977,6237,32143,0.9,1,1,1
43385,22,4120,7094,32149,0.925,1,1,1
43385,12,3119,8095,32159,0.9500000000000001,1,1,1
43385,4,1908,9306,32167,0.9750000000000001,1,1,1
43385,0,0,11214,32171,1,1,1,1
43385,32171,11214,0,0,0,2,2,2
43385,11761,11064,150,20410,0.025,2,2,2
43385,9142,10984,230,23029,0.05,2,2,2
43385,7324,10910,304,24847,0.07500000000000001,2,2,2
43385,5709,10801,413,26462,0.1,2,2,2
43385,4418,10700,514,27753,0.125,2,2,2
43385,3481,10619,595,28690,0.15000000000000002,2,2,2
43385,2881,10542,672,29290,0.17500000000000002,2,2,2
43385,2446,10457,757,29725,0.2,2,2,2
43385,2071,10342,872,30100,0.225,2,2,2
43385,1752,10217,997,30419,0.25,2,2,2
43385,1512,10043,1171,30659,0.275,2,2,2
43385,1285,9908,1306,30886,0.30000000000000004,2,2,2
43385,1109,9782,1432,31062,0.325,2,2,2
43385,1007,9696,1518,31164,0.35000000000000003,2,2,2
43385,893,9583,1631,31278,0.375,2,2,2
43385,806,9464,1750,31365,0.4,2,2,2
43385,728,9319,1895,31443,0.42500000000000004,2,2,2
43385,663,9233,1981,31508,0.45,2,2,2
43385,591,9125,2089,31580,0.47500000000000003,2,2,2
43385,532,9017,2197,31639,0.5,2,2,2
43385,478,8909,2305,31693,0.525,2,2,2
43385,422,8782,2432,31749,0.55,2,2,2
43385,372,8652,2562,31799,0.5750000000000001,2,2,2
43385,332,8533,2681,31839,0.6000000000000001,2,2,2
43385,292,8404,2810,31879,0.625,2,2,2
43385,248,8261,2953,31923,0.65,2,2,2
43385,211,8072,3142,31960,0.675,2,2,2
43385,184,7906,3308,31987,0.7000000000000001,2,2,2
43385,152,7682,3532,32019,0.7250000000000001,2,2,2
43385,137,7458,3756,32034,0.75,2,2,2
43385,120,7213,4001,32051,0.775,2,2,2
43385,100,6916,4298,32071,0.8,2,2,2
43385,82,6514,4700,32089,0.8250000000000001,2,2,2
43385,64,6097,5117,32107,0.8500000000000001,2,2,2
43385,48,5563,5651,32123,0.875,2,2,2
43385,32,4810,6404,32139,0.9,2,2,2
43385,19,3935,7279,32152,0.925,2,2,2
43385,9,2966,8248,32162,0.9500000000000001,2,2,2
43385,3,1762,9452,32168,0.9750000000000001,2,2,2
43385,0,0,11214,32171,1,2,2,2
43383,32169,11214,0,0,0,3,3,3
43383,11699,11067,147,20470,0.025,3,3,3
43383,9117,10989,225,23052,0.05,3,3,3
43383,7305,10914,300,24864,0.07500000000000001,3,3,3
43383,5828,10811,403,26341,0.1,3,3,3
43383,4474,10720,494,27695,0.125,3,3,3
43383,3481,10647,567,28688,0.15000000000000002,3,3,3
43383,2848,10559,655,29321,0.17500000000000002,3,3,3
43383,2414,10439,775,29755,0.2,3,3,3
43383,2064,10319,895,30105,0.225,3,3,3
43383,1742,10190,1024,30427,0.25,3,3,3
43383,1494,10073,1141,30675,0.275,3,3,3
43383,1300,9911,1303,30869,0.30000000000000004,3,3,3
43383,1144,9780,1434,31025,0.325,3,3,3
43383,1002,9660,1554,31167,0.35000000000000003,3,3,3
43383,886,9551,1663,31283,0.375,3,3,3
43383,790,9445,1769,31379,0.4,3,3,3
43383,715,9348,1866,31454,0.42500000000000004,3,3,3
43383,628,9236,1978,31541,0.45,3,3,3
43383,573,9102,2112,31596,0.47500000000000003,3,3,3
43383,510,8980,2234,31659,0.5,3,3,3
43383,455,8874,2340,31714,0.525,3,3,3
43383,407,8762,2452,31762,0.55,3,3,3
43383,367,8665,2549,31802,0.5750000000000001,3,3,3
43383,324,8534,2680,31845,0.6000000000000001,3,3,3
43383,286,8411,2803,31883,0.625,3,3,3
43383,250,8271,2943,31919,0.65,3,3,3
43383,218,8105,3109,31951,0.675,3,3,3
43383,187,7905,3309,31982,0.7000000000000001,3,3,3
43383,164,7698,3516,32005,0.7250000000000001,3,3,3
43383,139,7483,3731,32030,0.75,3,3,3
43383,115,7214,4000,32054,0.775,3,3,3
43383,102,6897,4317,32067,0.8,3,3,3
43383,85,6530,4684,32084,0.8250000000000001,3,3,3
43383,65,6118,5096,32104,0.8500000000000001,3,3,3
43383,49,5536,5678,32120,0.875,3,3,3
43383,29,4828,6386,32140,0.9,3,3,3
43383,16,3944,7270,32153,0.925,3,3,3
43383,8,2828,8386,32161,0.9500000000000001,3,3,3
43383,2,1576,9638,32167,0.9750000000000001,3,3,3
43383,0,0,11214,32169,1,3,3,3
43382,32168,11214,0,0,0,4,4,4
43382,11773,11061,153,20395,0.025,4,4,4
43382,9181,10992,222,22987,0.05,4,4,4
43382,7427,10905,309,24741,0.07500000000000001,4,4,4
43382,5963,10797,417,26205,0.1,4,4,4
43382,4663,10714,500,27505,0.125,4,4,4
43382,3637,10640,574,28531,0.15000000000000002,4,4,4
43382,2979,10540,674,29189,0.17500000000000002,4,4,4
43382,2512,10454,760,29656,0.2,4,4,4
43382,2104,10319,895,30064,0.225,4,4,4
43382,1792,10201,1013,30376,0.25,4,4,4
43382,1515,10095,1119,30653,0.275,4,4,4
43382,1278,9953,1261,30890,0.30000000000000004,4,4,4
43382,1121,9845,1369,31047,0.325,4,4,4
43382,999,9740,1474,31169,0.35000000000000003,4,4,4
43382,894,9618,1596,31274,0.375,4,4,4
43382,782,9502,1712,31386,0.4,4,4,4
43382,712,9378,1836,31456,0.42500000000000004,4,4,4
43382,640,9262,1952,31528,0.45,4,4,4
43382,574,9143,2071,31594,0.47500000000000003,4,4,4
43382,512,9040,2174,31656,0.5,4,4,4
43382,457,8928,2286,31711,0.525,4,4,4
43382,407,8802,2412,31761,0.55,4,4,4
43382,357,8687,2527,31811,0.5750000000000001,4,4,4
43382,316,8559,2655,31852,0.6000000000000001,4,4,4
43382,291,8386,2828,31877,0.625,4,4,4
43382,249,8214,3000,31919,0.65,4,4,4
43382,213,8037,3177,31955,0.675,4,4,4
43382,184,7850,3364,31984,0.7000000000000001,4,4,4
43382,157,7644,3570,32011,0.7250000000000001,4,4,4
43382,130,7397,3817,32038,0.75,4,4,4
43382,114,7124,4090,32054,0.775,4,4,4
43382,100,6806,4408,32068,0.8,4,4,4
43382,81,6410,4804,32087,0.8250000000000001,4,4,4
43382,66,5946,5268,32102,0.8500000000000001,4,4,4
43382,41,5273,5941,32127,0.875,4,4,4
43382,27,4552,6662,32141,0.9,4,4,4
43382,17,3597,7617,32151,0.925,4,4,4
43382,10,2430,8784,32158,0.9500000000000001,4,4,4
43382,1,1026,10188,32167,0.9750000000000001,4,4,4
43382,0,0,11214,32168,1,4,4,4
43383,32169,11214,0,0,0,5,5,5
43383,11746,11072,142,20423,0.025,5,5,5
43383,9104,10989,225,23065,0.05,5,5,5
43383,7410,10892,322,24759,0.07500000000000001,5,5,5
43383,6044,10801,413,26125,0.1,5,5,5
43383,4785,10696,518,27384,0.125,5,5,5
43383,3698,10631,583,28471,0.15000000000000002,5,5,5
43383,3015,10537,677,29154,0.17500000000000002,5,5,5
43383,2501,10462,752,29668,0.2,5,5,5
43383,2090,10331,883,30079,0.225,5,5,5
43383,1790,10194,1020,30379,0.25,5,5,5
43383,1531,10047,1167,30638,0.275,5,5,5
43383,1292,9911,1303,30877,0.30000000000000004,5,5,5
43383,1108,9774,1440,31061,0.325,5,5,5
43383,959,9650,1564,31210,0.35000000000000003,5,5,5
43383,878,9532,1682,31291,0.375,5,5,5
43383,771,9434,1780,31398,0.4,5,5,5
43383,683,9325,1889,31486,0.42500000000000004,5,5,5
43383,612,9235,1979,31557,0.45,5,5,5
43383,553,9122,2092,31616,0.47500000000000003,5,5,5
43383,488,9022,2192,31681,0.5,5,5,5
43383,425,8920,2294,31744,0.525,5,5,5
43383,396,8791,2423,31773,0.55,5,5,5
43383,341,8610,2604,31828,0.5750000000000001,5,5,5
43383,297,8427,2787,31872,0.6000000000000001,5,5,5
43383,266,8273,2941,31903,0.625,5,5,5
43383,242,8116,3098,31927,0.65,5,5,5
43383,200,7946,3268,31969,0.675,5,5,5
43383,174,7746,3468,31995,0.7000000000000001,5,5,5
43383,144,7528,3686,32025,0.7250000000000001,5,5,5
43383,121,7239,3975,32048,0.75,5,5,5
43383,98,6937,4277,32071,0.775,5,5,5
43383,85,6575,4639,32084,0.8,5,5,5
43383,68,6075,5139,32101,0.8250000000000001,5,5,5
43383,57,5510,5704,32112,0.8500000000000001,5,5,5
43383,44,4895,6319,32125,0.875,5,5,5
43383,24,4223,6991,32145,0.9,5,5,5
43383,17,3304,7910,32152,0.925,5,5,5
43383,9,2049,9165,32160,0.9500000000000001,5,5,5
43383,2,950,10264,32167,0.9750000000000001,5,5,5
43383,0,0,11214,32169,1,5,5,5
43382,32168,11214,0,0,0,6,6,6
43382,11877,11067,147,20291,0.025,6,6,6
43382,9181,10989,225,22987,0.05,6,6,6
43382,7383,10899,315,24785,0.07500000000000001,6,6,6
43382,5949,10807,407,26219,0.1,6,6,6
43382,4644,10707,507,27524,0.125,6,6,6
43382,3617,10630,584,28551,0.15000000000000002,6,6,6
43382,2955,10552,662,29213,0.17500000000000002,6,6,6
43382,2484,10462,752,29684,0.2,6,6,6
43382,2138,10330,884,30030,0.225,6,6,6
43382,1823,10218,996,30345,0.25,6,6,6
43382,1530,10066,1148,30638,0.275,6,6,6
43382,1295,9936,1278,30873,0.30000000000000004,6,6,6
43382,1124,9795,1419,31044,0.325,6,6,6
43382,978,9659,1555,31190,0.35000000000000003,6,6,6
43382,888,9530,1684,31280,0.375,6,6,6
43382,775,9441,1773,31393,0.4,6,6,6
43382,683,9331,1883,31485,0.42500000000000004,6,6,6
43382,614,9210,2004,31554,0.45,6,6,6
43382,551,9109,2105,31617,0.47500000000000003,6,6,6
43382,497,8994,2220,31671,0.5,6,6,6
43382,450,8861,2353,31718,0.525,6,6,6
43382,398,8711,2503,31770,0.55,6,6,6
43382,354,8541,2673,31814,0.5750000000000001,6,6,6
43382,309,8368,2846,31859,0.6000000000000001,6,6,6
43382,268,8227,2987,31900,0.625,6,6,6
43382,240,8077,3137,31928,0.65,6,6,6
43382,210,7914,3300,31958,0.675,6,6,6
43382,179,7714,3500,31989,0.7000000000000001,6,6,6
43382,158,7484,3730,32010,0.7250000000000001,6,6,6
43382,135,7226,3988,32033,0.75,6,6,6
43382,106,6971,4243,32062,0.775,6,6,6
43382,84,6651,4563,32084,0.8,6,6,6
43382,72,6244,4970,32096,0.8250000000000001,6,6,6
43382,57,5735,5479,32111,0.8500000000000001,6,6,6
43382,42,5142,6072,32126,0.875,6,6,6
43382,27,4465,6749,32141,0.9,6,6,6
43382,15,3507,7707,32153,0.925,6,6,6
43382,9,2309,8905,32159,0.9500000000000001,6,6,6
43382,2,1094,10120,32166,0.9750000000000001,6,6,6
43382,0,0,11214,32168,1,6,6,6
43382,32168,11214,0,0,0,7,7,7
43382,12025,11074,140,20143,0.025,7,7,7
43382,9234,10992,222,22934,0.05,7,7,7
43382,7582,10909,305,24586,0.07500000000000001,7,7,7
43382,6153,10809,405,26015,0.1,7,7,7
43382,4898,10702,512,27270,0.125,7,7,7
43382,3855,10611,603,28313,0.15000000000000002,7,7,7
43382,3061,10525,689,29107,0.17500000000000002,7,7,7
43382,2539,10411,803,29629,0.2,7,7,7
43382,2140,10295,919,30028,0.225,7,7,7
43382,1839,10174,1040,30329,0.25,7,7,7
43382,1563,10068,1146,30605,0.275,7,7,7
43382,1333,9945,1269,30835,0.30000000000000004,7,7,7
43382,1155,9822,1392,31013,0.325,7,7,7
43382,1035,9688,1526,31133,0.35000000000000003,7,7,7
43382,917,9596,1618,31251,0.375,7,7,7
43382,811,9493,1721,31357,0.4,7,7,7
43382,713,9393,1821,31455,0.42500000000000004,7,7,7
43382,635,9298,1916,31533,0.45,7,7,7
43382,584,9178,2036,31584,0.47500000000000003,7,7,7
43382,533,9070,2144,31635,0.5,7,7,7
43382,469,8947,2267,31699,0.525,7,7,7
43382,421,8792,2422,31747,0.55,7,7,7
43382,373,8638,2576,31795,0.5750000000000001,7,7,7
43382,333,8489,2725,31835,0.6000000000000001,7,7,7
43382,296,8334,2880,31872,0.625,7,7,7
43382,263,8167,3047,31905,0.65,7,7,7
43382,223,7987,3227,31945,0.675,7,7,7
43382,192,7761,3453,31976,0.7000000000000001,7,7,7
43382,163,7530,3684,32005,0.7250000000000001,7,7,7
43382,129,7307,3907,32039,0.75,7,7,7
43382,118,7002,4212,32050,0.775,7,7,7
43382,97,6669,4545,32071,0.8,7,7,7
43382,82,6259,4955,32086,0.8250000000000001,7,7,7
43382,59,5800,5414,32109,0.8500000000000001,7,7,7
43382,36,5362,5852,32132,0.875,7,7,7
43382,26,4635,6579,32142,0.9,7,7,7
43382,14,3688,7526,32154,0.925,7,7,7
43382,9,2509,8705,32159,0.9500000000000001,7,7,7
43382,3,1208,10006,32165,0.9750000000000001,7,7,7
43382,0,0,11214,32168,1,7,7,7
43382,32168,11214,0,0,0,8,8,8
43382,12032,11065,149,20136,0.025,8,8,8
43382,9280,10982,232,22888,0.05,8,8,8
43382,7619,10924,290,24549,0.07500000000000001,8,8,8
43382,6270,10824,390,25898,0.1,8,8,8
43382,5035,10730,484,27133,0.125,8,8,8
43382,3925,10639,575,28243,0.15000000000000002,8,8,8
43382,3065,10552,662,29103,0.17500000000000002,8,8,8
43382,2571,10420,794,29597,0.2,8,8,8
43382,2217,10303,911,29951,0.225,8,8,8
43382,1920,10187,1027,30248,0.25,8,8,8
43382,1624,10083,1131,30544,0.275,8,8,8
43382,1375,9940,1274,30793,0.30000000000000004,8,8,8
43382,1198,9805,1409,30970,0.325,8,8,8
43382,1049,9691,1523,31119,0.35000000000000003,8,8,8
43382,944,9600,1614,31224,0.375,8,8,8
43382,842,9495,1719,31326,0.4,8,8,8
43382,751,9412,1802,31417,0.42500000000000004,8,8,8
43382,670,9316,1898,31498,0.45,8,8,8
43382,611,9198,2016,31557,0.47500000000000003,8,8,8
43382,556,9075,2139,31612,0.5,8,8,8
43382,498,8976,2238,31670,0.525,8,8,8
43382,449,8845,2369,31719,0.55,8,8,8
43382,397,8699,2515,31771,0.5750000000000001,8,8,8
43382,359,8542,2672,31809,0.6000000000000001,8,8,8
43382,328,8354,2860,31840,0.625,8,8,8
43382,282,8177,3037,31886,0.65,8,8,8
43382,248,7979,3235,31920,0.675,8,8,8
43382,210,7791,3423,31958,0.7000000000000001,8,8,8
43382,178,7579,3635,31990,0.7250000000000001,8,8,8
43382,148,7359,3855,32020,0.75,8,8,8
43382,127,7075,4139,32041,0.775,8,8,8
43382,100,6757,4457,32068,0.8,8,8,8
43382,82,6342,4872,32086,0.8250000000000001,8,8,8
43382,66,5899,5315,32102,0.8500000000000001,8,8,8
43382,43,5434,5780,32125,0.875,8,8,8
43382,24,4826,6388,32144,0.9,8,8,8
43382,16,3918,7296,32152,0.925,8,8,8
43382,10,2502,8712,32158,0.9500000000000001,8,8,8
43382,3,1199,10015,32165,0.9750000000000001,8,8,8
43382,0,0,11214,32168,1,8,8,8
43381,32167,11214,0,0,0,9,9,9
43381,12095,11073,141,20072,0.025,9,9,9
43381,9290,10987,227,22877,0.05,9,9,9
43381,7577,10923,291,24590,0.07500000000000001,9,9,9
43381,6200,10830,384,25967,0.1,9,9,9
43381,4894,10730,484,27273,0.125,9,9,9
43381,3741,10653,561,28426,0.15000000000000002,9,9,9
43381,3006,10570,644,29161,0.17500000000000002,9,9,9
43381,2596,10413,801,29571,0.2,9,9,9
43381,2281,10282,932,29886,0.225,9,9,9
43381,1976,10147,1067,30191,0.25,9,9,9
43381,1694,10014,1200,30473,0.275,9,9,9
43381,1453,9894,1320,30714,0.30000000000000004,9,9,9
43381,1277,9786,1428,30890,0.325,9,9,9
43381,1144,9678,1536,31023,0.35000000000000003,9,9,9
43381,1050,9595,1619,31117,0.375,9,9,9
43381,933,9496,1718,31234,0.4,9,9,9
43381,835,9407,1807,31332,0.42500000000000004,9,9,9
43381,742,9309,1905,31425,0.45,9,9,9
43381,667,9212,2002,31500,0.47500000000000003,9,9,9
43381,603,9107,2107,31564,0.5,9,9,9
43381,552,9030,2184,31615,0.525,9,9,9
43381,488,8920,2294,31679,0.55,9,9,9
43381,430,8754,2460,31737,0.5750000000000001,9,9,9
43381,384,8621,2593,31783,0.6000000000000001,9,9,9
43381,344,8483,2731,31823,0.625,9,9,9
43381,304,8302,2912,31863,0.65,9,9,9
43381,269,8051,3163,31898,0.675,9,9,9
43381,230,7808,3406,31937,0.7000000000000001,9,9,9
43381,191,7570,3644,31976,0.7250000000000001,9,9,9
43381,164,7268,3946,32003,0.75,9,9,9
43381,135,6961,4253,32032,0.775,9,9,9
43381,116,6688,4526,32051,0.8,9,9,9
43381,83,6316,4898,32084,0.8250000000000001,9,9,9
43381,62,5945,5269,32105,0.8500000000000001,9,9,9
43381,46,5478,5736,32121,0.875,9,9,9
43381,35,4890,6324,32132,0.9,9,9,9
43381,18,3942,7272,32149,0.925,9,9,9
43381,10,2606,8608,32157,0.9500000000000001,9,9,9
43381,4,1274,9940,32163,0.9750000000000001,9,9,9
43381,0,0,11214,32167,1,9,9,9
43381,32167,11214,0,0,0,10,10,10
43381,12084,11064,150,20083,0.025,10,10,10
43381,9274,10992,222,22893,0.05,10,10,10
43381,7588,10937,277,24579,0.07500000000000001,10,10,10
43381,6246,10839,375,25921,0.1,10,10,10
43381,5126,10746,468,27041,0.125,10,10,10
43381,3958,10668,546,28209,0.15000000000000002,10,10,10
43381,3140,10593,621,29027,0.17500000000000002,10,10,10
43381,2649,10466,748,29518,0.2,10,10,10
43381,2304,10320,894,29863,0.225,10,10,10
43381,1990,10191,1023,30177,0.25,10,10,10
43381,1745,10033,1181,30422,0.275,10,10,10
43381,1486,9913,1301,30681,0.30000000000000004,10,10,10
43381,1300,9791,1423,30867,0.325,10,10,10
43381,1168,9698,1516,30999,0.35000000000000003,10,10,10
43381,1056,9601,1613,31111,0.375,10,10,10
43381,947,9512,1702,31220,0.4,10,10,10
43381,840,9410,1804,31327,0.42500000000000004,10,10,10
43381,756,9313,1901,31411,0.45,10,10,10
43381,678,9228,1986,31489,0.47500000000000003,10,10,10
43381,619,9130,2084,31548,0.5,10,10,10
43381,569,9033,2181,31598,0.525,10,10,10
43381,522,8918,2296,31645,0.55,10,10,10
43381,462,8770,2444,31705,0.5750000000000001,10,10,10
43381,403,8645,2569,31764,0.6000000000000001,10,10,10
43381,360,8513,2701,31807,0.625,10,10,10
43381,326,8363,2851,31841,0.65,10,10,10
43381,282,8161,3053,31885,0.675,10,10,10
43381,253,7973,3241,31914,0.7000000000000001,10,10,10
43381,216,7700,3514,31951,0.7250000000000001,10,10,10
43381,188,7434,3780,31979,0.75,10,10,10
43381,159,7150,4064,32008,0.775,10,10,10
43381,132,6837,4377,32035,0.8,10,10,10
43381,105,6455,4759,32062,0.8250000000000001,10,10,10
43381,84,6060,5154,32083,0.8500000000000001,10,10,10
43381,62,5540,5674,32105,0.875,10,10,10
43381,37,4981,6233,32130,0.9,10,10,10
43381,21,4046,7168,32146,0.925,10,10,10
43381,12,2760,8454,32155,0.9500000000000001,10,10,10
43381,7,1573,9641,32160,0.9750000000000001,10,10,10
43381,0,0,11214,32167,1,10,10,10
43385,32171,11214,0,0,0,11,11,11
43385,11935,11068,146,20236,0.025,11,11,11
43385,9168,10993,221,23003,0.05,11,11,11
43385,7560,10931,283,24611,0.07500000000000001,11,11,11
43385,6262,10828,386,25909,0.1,11,11,11
43385,5152,10729,485,27019,0.125,11,11,11
43385,3967,10651,563,28204,0.15000000000000002,11,11,11
43385,3167,10561,653,29004,0.17500000000000002,11,11,11
43385,2660,10437,777,29511,0.2,11,11,11
43385,2298,10306,908,29873,0.225,11,11,11
43385,2013,10163,1051,30158,0.25,11,11,11
43385,1751,10040,1174,30420,0.275,11,11,11
43385,1504,9905,1309,30667,0.30000000000000004,11,11,11
43385,1302,9788,1426,30869,0.325,11,11,11
43385,1168,9689,1525,31003,0.35000000000000003,11,11,11
43385,1037,9604,1610,31134,0.375,11,11,11
43385,931,9522,1692,31240,0.4,11,11,11
43385,843,9441,1773,31328,0.42500000000000004,11,11,11
43385,773,9370,1844,31398,0.45,11,11,11
43385,695,9274,1940,31476,0.47500000000000003,11,11,11
43385,616,9165,2049,31555,0.5,11,11,11
43385,553,9075,2139,31618,0.525,11,11,11
43385,500,8964,2250,31671,0.55,11,11,11
43385,459,8838,2376,31712,0.5750000000000001,11,11,11
43385,412,8687,2527,31759,0.6000000000000001,11,11,11
43385,365,8531,2683,31806,0.625,11,11,11
43385,327,8351,2863,31844,0.65,11,11,11
43385,277,8173,3041,31894,0.675,11,11,11
43385,244,7969,3245,31927,0.7000000000000001,11,11,11
43385,218,7784,3430,31953,0.7250000000000001,11,11,11
43385,178,7522,3692,31993,0.75,11,11,11
43385,150,7218,3996,32021,0.775,11,11,11
43385,123,6873,4341,32048,0.8,11,11,11
43385,97,6416,4798,32074,0.8250000000000001,11,11,11
43385,73,5955,5259,32098,0.8500000000000001,11,11,11
43385,59,5525,5689,32112,0.875,11,11,11
43385,44,4871,6343,32127,0.9,11,11,11
43385,27,4064,7150,32144,0.925,11,11,11
43385,14,2859,8355,32157,0.9500000000000001,11,11,11
43385,9,1635,9579,32162,0.9750000000000001,11,11,11
43385,0,0,11214,32171,1,11,11,11
43382,32168,11214,0,0,0,12,12,12
43382,11881,11067,147,20287,0.025,12,12,12
43382,9167,10983,231,23001,0.05,12,12,12
43382,7517,10917,297,24651,0.07500000000000001,12,12,12
43382,6290,10804,410,25878,0.1,12,12,12
43382,5052,10723,491,27116,0.125,12,12,12
43382,3947,10642,572,28221,0.15000000000000002,12,12,12
43382,3177,10566,648,28991,0.17500000000000002,12,12,12
43382,2658,10451,763,29510,0.2,12,12,12
43382,2287,10340,874,29881,0.225,12,12,12
43382,1973,10209,1005,30195,0.25,12,12,12
43382,1707,10048,1166,30461,0.275,12,12,12
43382,1477,9919,1295,30691,0.30000000000000004,12,12,12
43382,1287,9797,1417,30881,0.325,12,12,12
43382,1155,9695,1519,31013,0.35000000000000003,12,12,12
43382,1043,9615,1599,31125,0.375,12,12,12
43382,926,9550,1664,31242,0.4,12,12,12
43382,833,9464,1750,31335,0.42500000000000004,12,12,12
43382,758,9374,1840,31410,0.45,12,12,12
43382,679,9300,1914,31489,0.47500000000000003,12,12,12
43382,613,9192,2022,31555,0.5,12,12,12
43382,544,9062,2152,31624,0.525,12,12,12
43382,495,8949,2265,31673,0.55,12,12,12
43382,420,8795,2419,31748,0.5750000000000001,12,12,12
43382,372,8652,2562,31796,0.6000000000000001,12,12,12
43382,333,8511,2703,31835,0.625,12,12,12
43382,307,8321,2893,31861,0.65,12,12,12
43382,265,8171,3043,31903,0.675,12,12,12
43382,228,7981,3233,31940,0.7000000000000001,12,12,12
43382,192,7733,3481,31976,0.7250000000000001,12,12,12
43382,157,7472,3742,32011,0.75,12,12,12
43382,136,7160,4054,32032,0.775,12,12,12
43382,118,6834,4380,32050,0.8,12,12,12
43382,93,6428,4786,32075,0.8250000000000001,12,12,12
43382,78,5934,5280,32090,0.8500000000000001,12,12,12
43382,62,5403,5811,32106,0.875,12,12,12
43382,44,4743,6471,32124,0.9,12,12,12
43382,27,3832,7382,32141,0.925,12,12,12
43382,19,2699,8515,32149,0.9500000000000001,12,12,12
43382,11,1526,9688,32157,0.9750000000000001,12,12,12
43382,0,4,11210,32168,1,12,12,12
43379,32165,11214,0,0,0,13,13,13
43379,12044,11099,115,20121,0.025,13,13,13
43379,9268,10985,229,22897,0.05,13,13,13
43379,7644,10918,296,24521,0.07500000000000001,13,13,13
43379,6460,10809,405,25705,0.1,13,13,13
43379,5355,10714,500,26810,0.125,13,13,13
43379,4171,10644,570,27994,0.15000000000000002,13,13,13
43379,3296,10541,673,28869,0.17500000000000002,13,13,13
43379,2733,10450,764,29432,0.2,13,13,13
43379,2335,10361,853,29830,0.225,13,13,13
43379,2030,10231,983,30135,0.25,13,13,13
43379,1753,10086,1128,30412,0.275,13,13,13
43379,1479,9950,1264,30686,0.30000000000000004,13,13,13
43379,1275,9822,1392,30890,0.325,13,13,13
43379,1142,9695,1519,31023,0.35000000000000003,13,13,13
43379,1018,9623,1591,31147,0.375,13,13,13
43379,902,9540,1674,31263,0.4,13,13,13
43379,830,9450,1764,31335,0.42500000000000004,13,13,13
43379,739,9358,1856,31426,0.45,13,13,13
43379,662,9261,1953,31503,0.47500000000000003,13,13,13
43379,603,9117,2097,31562,0.5,13,13,13
43379,538,8975,2239,31627,0.525,13,13,13
43379,480,8836,2378,31685,0.55,13,13,13
43379,424,8708,2506,31741,0.5750000000000001,13,13,13
43379,378,8548,2666,31787,0.6000000000000001,13,13,13
43379,330,8368,2846,31835,0.625,13,13,13
43379,292,8195,3019,31873,0.65,13,13,13
43379,270,8013,3201,31895,0.675,13,13,13
43379,225,7822,3392,31940,0.7000000000000001,13,13,13
43379,193,7555,3659,31972,0.7250000000000001,13,13,13
43379,168,7292,3922,31997,0.75,13,13,13
43379,143,6959,4255,32022,0.775,13,13,13
43379,119,6611,4603,32046,0.8,13,13,13
43379,94,6152,5062,32071,0.8250000000000001,13,13,13
43379,80,5698,5516,32085,0.8500000000000001,13,13,13
43379,61,5187,6027,32104,0.875,13,13,13
43379,38,4569,6645,32127,0.9,13,13,13
43379,25,3792,7422,32140,0.925,13,13,13
43379,19,2601,8613,32146,0.9500000000000001,13,13,13
43379,10,1491,9723,32155,0.9750000000000001,13,13,13
43379,0,0,11214,32165,1,13,13,13
43379,32165,11214,0,0,0,14,14,14
43379,12036,11086,128,20129,0.025,14,14,14
43379,9239,10987,227,22926,0.05,14,14,14
43379,7592,10928,286,24573,0.07500000000000001,14,14,14
43379,6397,10827,387,25768,0.1,14,14,14
43379,5313,10722,492,26852,0.125,14,14,14
43379,4184,10638,576,27981,0.15000000000000002,14,14,14
43379,3360,10557,657,28805,0.17500000000000002,14,14,14
43379,2770,10461,753,29395,0.2,14,14,14
43379,2388,10323,891,29777,0.225,14,14,14
43379,2098,10218,996,30067,0.25,14,14,14
43379,1821,10108,1106,30344,0.275,14,14,14
43379,1551,9994,1220,30614,0.30000000000000004,14,14,14
43379,1349,9879,1335,30816,0.325,14,14,14
43379,1164,9741,1473,31001,0.35000000000000003,14,14,14
43379,1056,9638,1576,31109,0.375,14,14,14
43379,925,9534,1680,31240,0.4,14,14,14
43379,811,9440,1774,31354,0.42500000000000004,14,14,14
43379,741,9315,1899,31424,0.45,14,14,14
43379,658,9170,2044,31507,0.47500000000000003,14,14,14
43379,601,9025,2189,31564,0.5,14,14,14
43379,538,8883,2331,31627,0.525,14,14,14
43379,487,8750,2464,31678,0.55,14,14,14
43379,433,8590,2624,31732,0.5750000000000001,14,14,14
43379,385,8423,2791,31780,0.6000000000000001,14,14,14
43379,345,8257,2957,31820,0.625,14,14,14
43379,306,8089,3125,31859,0.65,14,14,14
43379,267,7910,3304,31898,0.675,14,14,14
43379,234,7726,3488,31931,0.7000000000000001,14,14,14
43379,205,7482,3732,31960,0.7250000000000001,14,14,14
43379,170,7250,3964,31995,0.75,14,14,14
43379,144,6965,4249,32021,0.775,14,14,14
43379,117,6611,4603,32048,0.8,14,14,14
43379,92,6200,5014,32073,0.8250000000000001,14,14,14
43379,84,5770,5444,32081,0.8500000000000001,14,14,14
43379,57,5308,5906,32108,0.875,14,14,14
43379,41,4732,6482,32124,0.9,14,14,14
43379,27,3929,7285,32138,0.925,14,14,14
43379,16,2906,8308,32149,0.9500000000000001,14,14,14
43379,9,1672,9542,32156,0.9750000000000001,14,14,14
43379,0,2,11212,32165,1,14,14,14
43385,32171,11214,0,0,0,15,15,15
43385,12201,11066,148,19970,0.025,15,15,15
43385,9362,10982,232,22809,0.05,15,15,15
43385,7651,10922,292,24520,0.07500000000000001,15,15,15
43385,6425,10825,389,25746,0.1,15,15,15
43385,5324,10734,480,26847,0.125,15,15,15
43385,4198,10661,553,27973,0.15000000000000002,15,15,15
43385,3327,10585,629,28844,0.17500000000000002,15,15,15
43385,2760,10477,737,29411,0.2,15,15,15
43385,2378,10358,856,29793,0.225,15,15,15
43385,2053,10260,954,30118,0.25,15,15,15
43385,1786,10148,1066,30385,0.275,15,15,15
43385,1520,10010,1204,30651,0.30000000000000004,15,15,15
43385,1340,9882,1332,30831,0.325,15,15,15
43385,1194,9748,1466,30977,0.35000000000000003,15,15,15
43385,1050,9627,1587,31121,0.375,15,15,15
43385,945,9502,1712,31226,0.4,15,15,15
43385,842,9385,1829,31329,0.42500000000000004,15,15,15
43385,763,9266,1948,31408,0.45,15,15,15
43385,693,9167,2047,31478,0.47500000000000003,15,15,15
43385,626,9039,2175,31545,0.5,15,15,15
43385,568,8885,2329,31603,0.525,15,15,15
43385,506,8757,2457,31665,0.55,15,15,15
43385,450,8621,2593,31721,0.5750000000000001,15,15,15
43385,407,8454,2760,31764,0.6000000000000001,15,15,15
43385,357,8276,2938,31814,0.625,15,15,15
43385,321,8111,3103,31850,0.65,15,15,15
43385,282,7940,3274,31889,0.675,15,15,15
43385,242,7767,3447,31929,0.7000000000000001,15,15,15
43385,205,7553,3661,31966,0.7250000000000001,15,15,15
43385,172,7296,3918,31999,0.75,15,15,15
43385,147,6964,4250,32024,0.775,15,15,15
43385,122,6562,4652,32049,0.8,15,15,15
43385,88,6132,5082,32083,0.8250000000000001,15,15,15
43385,73,5630,5584,32098,0.8500000000000001,15,15,15
43385,53,5090,6124,32118,0.875,15,15,15
43385,41,4460,6754,32130,0.9,15,15,15
43385,21,3671,7543,32150,0.925,15,15,15
43385,12,2780,8434,32159,0.9500000000000001,15,15,15
43385,7,1522,9692,32164,0.9750000000000001,15,15,15
43385,0,0,11214,32171,1,15,15,15
43385,32171,11214,0,0,0,16,16,16
43385,12077,11066,148,20094,0.025,16,16,16
43385,9298,10984,230,22873,0.05,16,16,16
43385,7593,10925,289,24578,0.07500000000000001,16,16,16
43385,6378,10802,412,25793,0.1,16,16,16
43385,5232,10686,528,26939,0.125,16,16,16
43385,4139,10623,591,28032,0.15000000000000002,16,16,16
43385,3236,10541,673,28935,0.17500000000000002,16,16,16
43385,2695,10437,777,29476,0.2,16,16,16
43385,2332,10329,885,29839,0.225,16,16,16
43385,2019,10221,993,30152,0.25,16,16,16
43385,1745,10091,1123,30426,0.275,16,16,16
43385,1507,9980,1234,30664,0.30000000000000004,16,16,16
43385,1333,9852,1362,30838,0.325,16,16,16
43385,1198,9742,1472,30973,0.35000000000000003,16,16,16
43385,1064,9621,1593,31107,0.375,16,16,16
43385,934,9496,1718,31237,0.4,16,16,16
43385,833,9403,1811,31338,0.42500000000000004,16,16,16
43385,737,9301,1913,31434,0.45,16,16,16
43385,663,9175,2039,31508,0.47500000000000003,16,16,16
43385,596,9062,2152,31575,0.5,16,16,16
43385,542,8899,2315,31629,0.525,16,16,16
43385,488,8760,2454,31683,0.55,16,16,16
43385,431,8627,2587,31740,0.5750000000000001,16,16,16
43385,375,8494,2720,31796,0.6000000000000001,16,16,16
43385,341,8337,2877,31830,0.625,16,16,16
43385,309,8157,3057,31862,0.65,16,16,16
43385,263,7951,3263,31908,0.675,16,16,16
43385,229,7701,3513,31942,0.7000000000000001,16,16,16
43385,200,7493,3721,31971,0.7250000000000001,16,16,16
43385,165,7255,3959,32006,0.75,16,16,16
43385,135,6969,4245,32036,0.775,16,16,16
43385,107,6635,4579,32064,0.8,16,16,16
43385,89,6281,4933,32082,0.8250000000000001,16,16,16
43385,65,5811,5403,32106,0.8500000000000001,16,16,16
43385,52,5351,5863,32119,0.875,16,16,16
43385,31,4770,6444,32140,0.9,16,16,16
43385,21,4066,7148,32150,0.925,16,16,16
43385,13,3080,8134,32158,0.9500000000000001,16,16,16
43385,2,1669,9545,32169,0.9750000000000001,16,16,16
43385,0,0,11214,32171,1,16,16,16
43385,32171,11214,0,0,0,17,17,17
43385,12049,11071,143,20122,0.025,17,17,17
43385,9253,10994,220,22918,0.05,17,17,17
43385,7578,10925,289,24593,0.07500000000000001,17,17,17
43385,6284,10821,393,25887,0.1,17,17,17
43385,5239,10702,512,26932,0.125,17,17,17
43385,4053,10631,583,28118,0.15000000000000002,17,17,17
43385,3183,10544,670,28988,0.17500000000000002,17,17,17
43385,2650,10437,777,29521,0.2,17,17,17
43385,2289,10304,910,29882,0.225,17,17,17
43385,1989,10163,1051,30182,0.25,17,17,17
43385,1707,10065,1149,30464,0.275,17,17,17
43385,1441,9983,1231,30730,0.30000000000000004,17,17,17
43385,1279,9882,1332,30892,0.325,17,17,17
43385,1147,9756,1458,31024,0.35000000000000003,17,17,17
43385,1005,9602,1612,31166,0.375,17,17,17
43385,908,9456,1758,31263,0.4,17,17,17
43385,806,9335,1879,31365,0.42500000000000004,17,17,17
43385,723,9216,1998,31448,0.45,17,17,17
43385,645,9099,2115,31526,0.47500000000000003,17,17,17
43385,586,9017,2197,31585,0.5,17,17,17
43385,517,8912,2302,31654,0.525,17,17,17
43385,468,8804,2410,31703,0.55,17,17,17
43385,421,8651,2563,31750,0.5750000000000001,17,17,17
43385,370,8496,2718,31801,0.6000000000000001,17,17,17
43385,334,8366,2848,31837,0.625,17,17,17
43385,303,8228,2986,31868,0.65,17,17,17
43385,261,8094,3120,31910,0.675,17,17,17
43385,230,7946,3268,31941,0.7000000000000001,17,17,17
43385,188,7748,3466,31983,0.7250000000000001,17,17,17
43385,150,7518,3696,32021,0.75,17,17,17
43385,122,7270,3944,32049,0.775,17,17,17
43385,106,7012,4202,32065,0.8,17,17,17
43385,92,6637,4577,32079,0.8250000000000001,17,17,17
43385,74,6210,5004,32097,0.8500000000000001,17,17,17
43385,50,5717,5497,32121,0.875,17,17,17
43385,32,5061,6153,32139,0.9,17,17,17
43385,20,4109,7105,32151,0.925,17,17,17
43385,13,3110,8104,32158,0.9500000000000001,17,17,17
43385,3,1818,9396,32168,0.9750000000000001,17,17,17
43385,0,0,11214,32171,1,17,17,17
43383,32169,11214,0,0,0,18,18,18
43383,11839,11064,150,20330,0.025,18,18,18
43383,9043,10987,227,23126,0.05,18,18,18
43383,7446,10913,301,24723,0.07500000000000001,18,18,18
43383,6185,10795,419,25984,0.1,18,18,18
43383,5011,10681,533,27158,0.125,18,18,18
43383,3859,10590,624,28310,0.15000000000000002,18,18,18
43383,3063,10520,694,29106,0.17500000000000002,18,18,18
43383,2558,10413,801,29611,0.2,18,18,18
43383,2193,10274,940,29976,0.225,18,18,18
43383,1922,10147,1067,30247,0.25,18,18,18
43383,1637,10058,1156,30532,0.275,18,18,18
43383,1382,9950,1264,30787,0.30000000000000004,18,18,18
43383,1203,9850,1364,30966,0.325,18,18,18
43383,1074,9719,1495,31095,0.35000000000000003,18,18,18
43383,953,9576,1638,31216,0.375,18,18,18
43383,839,9439,1775,31330,0.4,18,18,18
43383,740,9305,1909,31429,0.42500000000000004,18,18,18
43383,667,9174,2040,31502,0.45,18,18,18
43383,602,9065,2149,31567,0.47500000000000003,18,18,18
43383,541,8959,2255,31628,0.5,18,18,18
43383,492,8845,2369,31677,0.525,18,18,18
43383,442,8714,2500,31727,0.55,18,18,18
43383,398,8598,2616,31771,0.5750000000000001,18,18,18
43383,355,8466,2748,31814,0.6000000000000001,18,18,18
43383,306,8330,2884,31863,0.625,18,18,18
43383,274,8195,3019,31895,0.65,18,18,18
43383,240,8037,3177,31929,0.675,18,18,18
43383,210,7876,3338,31959,0.7000000000000001,18,18,18
43383,185,7660,3554,31984,0.7250000000000001,18,18,18
43383,149,7422,3792,32020,0.75,18,18,18
43383,120,7161,4053,32049,0.775,18,18,18
43383,100,6861,4353,32069,0.8,18,18,18
43383,83,6523,4691,32086,0.8250000000000001,18,18,18
43383,61,6121,5093,32108,0.8500000000000001,18,18,18
43383,48,5670,5544,32121,0.875,18,18,18
43383,35,5072,6142,32134,0.9,18,18,18
43383,17,4108,7106,32152,0.925,18,18,18
43383,11,3136,8078,32158,0.9500000000000001,18,18,18
43383,4,1727,9487,32165,0.9750000000000001,18,18,18
43383,0,0,11214,32169,1,18,18,18
43383,32169,11214,0,0,0,19,19,19
43383,11804,11061,153,20365,0.025,19,19,19
43383,9075,10995,219,23094,0.05,19,19,19
43383,7460,10909,305,24709,0.07500000000000001,19,19,19
43383,6260,10812,402,25909,0.1,19,19,19
43383,5192,10687,527,26977,0.125,19,19,19
43383,4119,10601,613,28050,0.15000000000000002,19,19,19
43383,3237,10513,701,28932,0.17500000000000002,19,19,19
43383,2632,10409,805,29537,0.2,19,19,19
43383,2213,10268,946,29956,0.225,19,19,19
43383,1879,10160,1054,30290,0.25,19,19,19
43383,1593,10083,1131,30576,0.275,19,19,19
43383,1319,9968,1246,30850,0.30000000000000004,19,19,19
43383,1144,9837,1377,31025,0.325,19,19,19
43383,1016,9696,1518,31153,0.35000000000000003,19,19,19
43383,904,9559,1655,31265,0.375,19,19,19
43383,822,9425,1789,31347,0.4,19,19,19
43383,723,9305,1909,31446,0.42500000000000004,19,19,19
43383,630,9172,2042,31539,0.45,19,19,19
43383,564,9041,2173,31605,0.47500000000000003,19,19,19
43383,514,8935,2279,31655,0.5,19,19,19
43383,470,8824,2390,31699,0.525,19,19,19
43383,428,8690,2524,31741,0.55,19,19,19
43383,370,8568,2646,31799,0.5750000000000001,19,19,19
43383,328,8444,2770,31841,0.6000000000000001,19,19,19
43383,286,8321,2893,31883,0.625,19,19,19
43383,258,8182,3032,31911,0.65,19,19,19
43383,218,7997,3217,31951,0.675,19,19,19
43383,189,7792,3422,31980,0.7000000000000001,19,19,19
43383,161,7601,3613,32008,0.7250000000000001,19,19,19
43383,138,7335,3879,32031,0.75,19,19,19
43383,115,7074,4140,32054,0.775,19,19,19
43383,99,6784,4430,32070,0.8,19,19,19
43383,78,6412,4802,32091,0.8250000000000001,19,19,19
43383,62,6030,5184,32107,0.8500000000000001,19,19,19
43383,46,5554,5660,32123,0.875,19,19,19
43383,31,5019,6195,32138,0.9,19,19,19
43383,18,4257,6957,32151,0.925,19,19,19
43383,11,3220,7994,32158,0.9500000000000001,19,19,19
43383,5,1810,9404,32164,0.9750000000000001,19,19,19
43383,0,0,11214,32169,1,19,19,19
43383,32169,11214,0,0,0,20,20,20
43383,12028,11065,149,20141,0.025,20,20,20
43383,9198,10998,216,22971,0.05,20,20,20
43383,7393,10931,283,24776,0.07500000000000001,20,20,20
43383,6194,10822,392,25975,0.1,20,20,20
43383,5165,10688,526,27004,0.125,20,20,20
43383,3988,10594,620,28181,0.15000000000000002,20,20,20
43383,3114,10511,703,29055,0.17500000000000002,20,20,20
43383,2534,10421,793,29635,0.2,20,20,20
43383,2135,10308,906,30034,0.225,20,20,20
43383,1854,10175,1039,30315,0.25,20,20,20
43383,1554,10060,1154,30615,0.275,20,20,20
43383,1278,9937,1277,30891,0.30000000000000004,20,20,20
43383,1106,9788,1426,31063,0.325,20,20,20
43383,978,9643,1571,31191,0.35000000000000003,20,20,20
43383,866,9508,1706,31303,0.375,20,20,20
43383,763,9403,1811,31406,0.4,20,20,20
43383,669,9289,1925,31500,0.42500000000000004,20,20,20
43383,570,9156,2058,31599,0.45,20,20,20
43383,519,9018,2196,31650,0.47500000000000003,20,20,20
43383,472,8903,2311,31697,0.5,20,20,20
43383,431,8777,2437,31738,0.525,20,20,20
43383,385,8663,2551,31784,0.55,20,20,20
43383,347,8549,2665,31822,0.5750000000000001,20,20,20
43383,299,8401,2813,31870,0.6000000000000001,20,20,20
43383,255,8260,2954,31914,0.625,20,20,20
43383,220,8132,3082,31949,0.65,20,20,20
43383,198,7960,3254,31971,0.675,20,20,20
43383,175,7756,3458,31994,0.7000000000000001,20,20,20
43383,154,7548,3666,32015,0.7250000000000001,20,20,20
43383,124,7317,3897,32045,0.75,20,20,20
43383,106,7053,4161,32063,0.775,20,20,20
43383,89,6791,4423,32080,0.8,20,20,20
43383,73,6400,4814,32096,0.8250000000000001,20,20,20
43383,56,5971,5243,32113,0.8500000000000001,20,20,20
43383,38,5472,5742,32131,0.875,20,20,20
43383,24,4912,6302,32145,0.9,20,20,20
43383,17,4133,7081,32152,0.925,20,20,20
43383,11,3162,8052,32158,0.9500000000000001,20,20,20
43383,4,1864,9350,32165,0.9750000000000001,20,20,20
43383,0,0,11214,32169,1,20,20,20
43381,32167,11214,0,0,0,21,21,21
43381,12088,11062,152,20079,0.025,21,21,21
43381,9227,10993,221,22940,0.05,21,21,21
43381,7532,10927,287,24635,0.07500000000000001,21,21,21
43381,6288,10794,420,25879,0.1,21,21,21
43381,5259,10674,540,26908,0.125,21,21,21
43381,4185,10602,612,27982,0.15000000000000002,21,21,21
43381,3272,10506,708,28895,0.17500000000000002,21,21,21
43381,2555,10408,806,29612,0.2,21,21,21
43381,2127,10291,923,30040,0.225,21,21,21
43381,1809,10154,1060,30358,0.25,21,21,21
43381,1538,10024,1190,30629,0.275,21,21,21
43381,1272,9898,1316,30895,0.30000000000000004,21,21,21
43381,1088,9763,1451,31079,0.325,21,21,21
43381,957,9604,1610,31210,0.35000000000000003,21,21,21
43381,834,9492,1722,31333,0.375,21,21,21
43381,720,9355,1859,31447,0.4,21,21,21
43381,638,9241,1973,31529,0.42500000000000004,21,21,21
43381,569,9129,2085,31598,0.45,21,21,21
43381,512,8997,2217,31655,0.47500000000000003,21,21,21
43381,449,8873,2341,31718,0.5,21,21,21
43381,401,8734,2480,31766,0.525,21,21,21
43381,359,8617,2597,31808,0.55,21,21,21
43381,318,8505,2709,31849,0.5750000000000001,21,21,21
43381,292,8385,2829,31875,0.6000000000000001,21,21,21
43381,259,8222,2992,31908,0.625,21,21,21
43381,232,8076,3138,31935,0.65,21,21,21
43381,195,7935,3279,31972,0.675,21,21,21
43381,175,7803,3411,31992,0.7000000000000001,21,21,21
43381,149,7603,3611,32018,0.7250000000000001,21,21,21
43381,121,7407,3807,32046,0.75,21,21,21
43381,99,7169,4045,32068,0.775,21,21,21
43381,83,6859,4355,32084,0.8,21,21,21
43381,66,6546,4668,32101,0.8250000000000001,21,21,21
43381,48,6167,5047,32119,0.8500000000000001,21,21,21
43381,37,5694,5520,32130,0.875,21,21,21
43381,26,5019,6195,32141,0.9,21,21,21
43381,16,4197,7017,32151,0.925,21,21,21
43381,12,3266,7948,32155,0.9500000000000001,21,21,21
43381,6,1980,9234,32161,0.9750000000000001,21,21,21
43381,0,2,11212,32167,1,21,21,21
43376,32162,11214,0,0,0,22,22,22
43376,12217,11066,148,19945,0.025,22,22,22
43376,9296,10991,223,22866,0.05,22,22,22
43376,7535,10939,275,24627,0.07500000000000001,22,22,22
43376,6304,10822,392,25858,0.1,22,22,22
43376,5124,10703,511,27038,0.125,22,22,22
43376,3847,10601,613,28315,0.15000000000000002,22,22,22
43376,2939,10519,695,29223,0.17500000000000002,22,22,22
43376,2392,10419,795,29770,0.2,22,22,22
43376,2026,10334,880,30136,0.225,22,22,22
43376,1758,10194,1020,30404,0.25,22,22,22
43376,1488,10079,1135,30674,0.275,22,22,22
43376,1258,9948,1266,30904,0.30000000000000004,22,22,22
43376,1068,9828,1386,31094,0.325,22,22,22
43376,946,9704,1510,31216,0.35000000000000003,22,22,22
43376,847,9583,1631,31315,0.375,22,22,22
43376,739,9461,1753,31423,0.4,22,22,22
43376,634,9347,1867,31528,0.42500000000000004,22,22,22
43376,554,9230,1984,31608,0.45,22,22,22
43376,489,9093,2121,31673,0.47500000000000003,22,22,22
43376,443,8981,2233,31719,0.5,22,22,22
43376,398,8849,2365,31764,0.525,22,22,22
43376,349,8725,2489,31813,0.55,22,22,22
43376,322,8599,2615,31840,0.5750000000000001,22,22,22
43376,291,8488,2726,31871,0.6000000000000001,22,22,22
43376,252,8324,2890,31910,0.625,22,22,22
43376,221,8181,3033,31941,0.65,22,22,22
43376,193,8035,3179,31969,0.675,22,22,22
43376,171,7895,3319,31991,0.7000000000000001,22,22,22
43376,149,7681,3533,32013,0.7250000000000001,22,22,22
43376,127,7495,3719,32035,0.75,22,22,22
43376,111,7273,3941,32051,0.775,22,22,22
43376,86,7031,4183,32076,0.8,22,22,22
43376,70,6752,4462,32092,0.8250000000000001,22,22,22
43376,54,6391,4823,32108,0.8500000000000001,22,22,22
43376,45,5908,5306,32117,0.875,22,22,22
43376,29,5277,5937,32133,0.9,22,22,22
43376,18,4537,6677,32144,0.925,22,22,22
43376,10,3418,7796,32152,0.9500000000000001,22,22,22
43376,7,2055,9159,32155,0.9750000000000001,22,22,22
43376,0,0,11214,32162,1,22,22,22
43374,32160,11214,0,0,0,23,23,23
43374,12148,11057,157,20012,0.025,23,23,23
43374,9331,10993,221,22829,0.05,23,23,23
43374,7609,10923,291,24551,0.07500000000000001,23,23,23
43374,6356,10808,406,25804,0.1,23,23,23
43374,5222,10669,545,26938,0.125,23,23,23
43374,3872,10578,636,28288,0.15000000000000002,23,23,23
43374,3013,10484,730,29147,0.17500000000000002,23,23,23
43374,2417,10388,826,29743,0.2,23,23,23
43374,2035,10264,950,30125,0.225,23,23,23
43374,1755,10150,1064,30405,0.25,23,23,23
43374,1487,10022,1192,30673,0.275,23,23,23
43374,1255,9903,1311,30905,0.30000000000000004,23,23,23
43374,1067,9807,1407,31093,0.325,23,23,23
43374,924,9688,1526,31236,0.35000000000000003,23,23,23
43374,834,9566,1648,31326,0.375,23,23,23
43374,743,9441,1773,31417,0.4,23,23,23
43374,644,9336,1878,31516,0.42500000000000004,23,23,23
43374,566,9210,2004,31594,0.45,23,23,23
43374,496,9092,2122,31664,0.47500000000000003,23,23,23
43374,449,8961,2253,31711,0.5,23,23,23
43374,402,8850,2364,31758,0.525,23,23,23
43374,355,8733,2481,31805,0.55,23,23,23
43374,316,8624,2590,31844,0.5750000000000001,23,23,23
43374,282,8494,2720,31878,0.6000000000000001,23,23,23
43374,250,8368,2846,31910,0.625,23,23,23
43374,217,8229,2985,31943,0.65,23,23,23
43374,190,8042,3172,31970,0.675,23,23,23
43374,168,7900,3314,31992,0.7000000000000001,23,23,23
43374,146,7724,3490,32014,0.7250000000000001,23,23,23
43374,125,7475,3739,32035,0.75,23,23,23
43374,111,7179,4035,32049,0.775,23,23,23
43374,96,6807,4407,32064,0.8,23,23,23
43374,74,6348,4866,32086,0.8250000000000001,23,23,23
43374,60,5998,5216,32100,0.8500000000000001,23,23,23
43374,43,5557,5657,32117,0.875,23,23,23
43374,27,5001,6213,32133,0.9,23,23,23
43374,16,4366,6848,32144,0.925,23,23,23
43374,10,3348,7866,32150,0.9500000000000001,23,23,23
43374,5,2069,9145,32155,0.9750000000000001,23,23,23
43374,0,0,11214,32160,1,23,23,23
43368,32154,11214,0,0,0,24,24,24
43368,12082,11068,146,20072,0.025,24,24,24
43368,9295,10994,220,22859,0.05,24,24,24
43368,7510,10916,298,24644,0.07500000000000001,24,24,24
43368,6210,10810,404,25944,0.1,24,24,24
43368,4757,10684,530,27397,0.125,24,24,24
43368,3610,10582,632,28544,0.15000000000000002,24,24,24
43368,2795,10464,750,29359,0.17500000000000002,24,24,24
43368,2284,10368,846,29870,0.2,24,24,24
43368,1913,10248,966,30241,0.225,24,24,24
43368,1647,10130,1084,30507,0.25,24,24,24
43368,1361,10006,1208,30793,0.275,24,24,24
43368,1153,9889,1325,31001,0.30000000000000004,24,24,24
43368,1006,9787,1427,31148,0.325,24,24,24
43368,903,9676,1538,31251,0.35000000000000003,24,24,24
43368,818,9567,1647,31336,0.375,24,24,24
43368,714,9417,1797,31440,0.4,24,24,24
43368,639,9283,1931,31515,0.42500000000000004,24,24,24
43368,563,9174,2040,31591,0.45,24,24,24
43368,487,9055,2159,31667,0.47500000000000003,24,24,24
43368,444,8956,2258,31710,0.5,24,24,24
43368,395,8841,2373,31759,0.525,24,24,24
43368,345,8719,2495,31809,0.55,24,24,24
43368,309,8600,2614,31845,0.5750000000000001,24,24,24
43368,276,8462,2752,31878,0.6000000000000001,24,24,24
43368,241,8318,2896,31913,0.625,24,24,24
43368,211,8170,3044,31943,0.65,24,24,24
43368,180,7936,3278,31974,0.675,24,24,24
43368,154,7731,3483,32000,0.7000000000000001,24,24,24
43368,134,7482,3732,32020,0.7250000000000001,24,24,24
43368,117,7214,4000,32037,0.75,24,24,24
43368,100,6970,4244,32054,0.775,24,24,24
43368,82,6678,4536,32072,0.8,24,24,24
43368,61,6318,4896,32093,0.8250000000000001,24,24,24
43368,47,5931,5283,32107,0.8500000000000001,24,24,24
43368,35,5518,5696,32119,0.875,24,24,24
43368,23,5039,6175,32131,0.9,24,24,24
43368,15,4148,7066,32139,0.925,24,24,24
43368,8,3119,8095,32146,0.9500000000000001,24,24,24
43368,5,1940,9274,32149,0.9750000000000001,24,24,24
43368,0,1,11213,32154,1,24,24,24
43364,32150,11214,0,0,0,25,25,25
43364,12088,11098,116,20062,0.025,25,25,25
43364,9288,10997,217,22862,0.05,25,25,25
43364,7571,10919,295,24579,0.07500000000000001,25,25,25
43364,6271,10818,396,25879,0.1,25,25,25
43364,4994,10692,522,27156,0.125,25,25,25
43364,3782,10576,638,28368,0.15000000000000002,25,25,25
43364,2901,10468,746,29249,0.17500000000000002,25,25,25
43364,2313,10362,852,29837,0.2,25,25,25
43364,1923,10254,960,30227,0.225,25,25,25
43364,1644,10124,1090,30506,0.25,25,25,25
43364,1391,9993,1221,30759,0.275,25,25,25
43364,1154,9846,1368,30996,0.30000000000000004,25,25,25
43364,991,9728,1486,31159,0.325,25,25,25
43364,892,9628,1586,31258,0.35000000000000003,25,25,25
43364,793,9504,1710,31357,0.375,25,25,25
43364,704,9392,1822,31446,0.4,25,25,25
43364,644,9244,1970,31506,0.42500000000000004,25,25,25
43364,573,9130,2084,31577,0.45,25,25,25
43364,500,9021,2193,31650,0.47500000000000003,25,25,25
43364,448,8905,2309,31702,0.5,25,25,25
43364,399,8791,2423,31751,0.525,25,25,25
43364,363,8669,2545,31787,0.55,25,25,25
43364,323,8536,2678,31827,0.5750000000000001,25,25,25
43364,285,8391,2823,31865,0.6000000000000001,25,25,25
43364,251,8261,2953,31899,0.625,25,25,25
43364,213,8104,3110,31937,0.65,25,25,25
43364,182,7886,3328,31968,0.675,25,25,25
43364,156,7601,3613,31994,0.7000000000000001,25,25,25
43364,134,7338,3876,32016,0.7250000000000001,25,25,25
43364,106,7101,4113,32044,0.75,25,25,25
43364,90,6847,4367,32060,0.775,25,25,25
43364,77,6550,4664,32073,0.8,25,25,25
43364,61,6211,5003,32089,0.8250000000000001,25,25,25
43364,48,5813,5401,32102,0.8500000000000001,25,25,25
43364,31,5314,5900,32119,0.875,25,25,25
43364,23,4777,6437,32127,0.9,25,25,25
43364,15,3978,7236,32135,0.925,25,25,25
43364,9,3017,8197,32141,0.9500000000000001,25,25,25
43364,3,1846,9368,32147,0.9750000000000001,25,25,25
43364,0,0,11214,32150,1,25,25,25
43368,32154,11214,0,0,0,26,26,26
43368,12049,11100,114,20105,0.025,26,26,26
43368,9239,10995,219,22915,0.05,26,26,26
43368,7500,10920,294,24654,0.07500000000000001,26,26,26
43368,6263,10829,385,25891,0.1,26,26,26
43368,4993,10699,515,27161,0.125,26,26,26
43368,3796,10583,631,28358,0.15000000000000002,26,26,26
43368,2835,10479,735,29319,0.17500000000000002,26,26,26
43368,2275,10372,842,29879,0.2,26,26,26
43368,1923,10255,959,30231,0.225,26,26,26
43368,1660,10137,1077,30494,0.25,26,26,26
43368,1374,9995,1219,30780,0.275,26,26,26
43368,1156,9835,1379,30998,0.30000000000000004,26,26,26
43368,983,9702,1512,31171,0.325,26,26,26
43368,865,9605,1609,31289,0.35000000000000003,26,26,26
43368,767,9485,1729,31387,0.375,26,26,26
43368,687,9379,1835,31467,0.4,26,26,26
43368,617,9256,1958,31537,0.42500000000000004,26,26,26
43368,556,9138,2076,31598,0.45,26,26,26
43368,481,9033,2181,31673,0.47500000000000003,26,26,26
43368,420,8902,2312,31734,0.5,26,26,26
43368,383,8773,2441,31771,0.525,26,26,26
43368,342,8653,2561,31812,0.55,26,26,26
43368,301,8524,2690,31853,0.5750000000000001,26,26,26
43368,262,8386,2828,31892,0.6000000000000001,26,26,26
43368,229,8258,2956,31925,0.625,26,26,26
43368,199,8109,3105,31955,0.65,26,26,26
43368,176,7950,3264,31978,0.675,26,26,26
43368,147,7727,3487,32007,0.7000000000000001,26,26,26
43368,127,7472,3742,32027,0.7250000000000001,26,26,26
43368,102,7228,3986,32052,0.75,26,26,26
43368,87,6952,4262,32067,0.775,26,26,26
43368,71,6586,4628,32083,0.8,26,26,26
43368,62,6190,5024,32092,0.8250000000000001,26,26,26
43368,40,5742,5472,32114,0.8500000000000001,26,26,26
43368,30,5321,5893,32124,0.875,26,26,26
43368,18,4737,6477,32136,0.9,26,26,26
43368,13,3985,7229,32141,0.925,26,26,26
43368,5,3034,8180,32149,0.9500000000000001,26,26,26
43368,3,1702,9512,32151,0.9750000000000001,26,26,26
43368,0,0,11214,32154,1,26,26,26
43370,32156,11214,0,0,0,27,27,27
43370,11854,11070,144,20302,0.025,27,27,27
43370,9180,10994,220,22976,0.05,27,27,27
43370,7436,10929,285,24720,0.07500000000000001,27,27,27
43370,6099,10826,388,26057,0.1,27,27,27
43370,4718,10713,501,27438,0.125,27,27,27
43370,3638,10608,606,28518,0.15000000000000002,27,27,27
43370,2726,10514,700,29430,0.17500000000000002,27,27,27
43370,2220,10376,838,29936,0.2,27,27,27
43370,1910,10223,991,30246,0.225,27,27,27
43370,1610,10080,1134,30546,0.25,27,27,27
43370,1325,9949,1265,30831,0.275,27,27,27
43370,1118,9781,1433,31038,0.30000000000000004,27,27,27
43370,962,9656,1558,31194,0.325,27,27,27
43370,838,9530,1684,31318,0.35000000000000003,27,27,27
43370,744,9404,1810,31412,0.375,27,27,27
43370,664,9307,1907,31492,0.4,27,27,27
43370,582,9228,1986,31574,0.42500000000000004,27,27,27
43370,496,9133,2081,31660,0.45,27,27,27
43370,451,9018,2196,31705,0.47500000000000003,27,27,27
43370,387,8887,2327,31769,0.5,27,27,27
43370,355,8769,2445,31801,0.525,27,27,27
43370,316,8646,2568,31840,0.55,27,27,27
43370,282,8503,2711,31874,0.5750000000000001,27,27,27
43370,253,8371,2843,31903,0.6000000000000001,27,27,27
43370,211,8225,2989,31945,0.625,27,27,27
43370,174,8096,3118,31982,0.65,27,27,27
43370,154,7935,3279,32002,0.675,27,27,27
43370,134,7730,3484,32022,0.7000000000000001,27,27,27
43370,108,7468,3746,32048,0.7250000000000001,27,27,27
43370,93,7181,4033,32063,0.75,27,27,27
43370,83,6837,4377,32073,0.775,27,27,27
43370,63,6451,4763,32093,0.8,27,27,27
43370,48,6018,5196,32108,0.8250000000000001,27,27,27
43370,35,5512,5702,32121,0.8500000000000001,27,27,27
43370,24,5014,6200,32132,0.875,27,27,27
43370,16,4403,6811,32140,0.9,27,27,27
43370,12,3614,7600,32144,0.925,27,27,27
43370,7,2787,8427,32149,0.9500000000000001,27,27,27
43370,3,1462,9752,32153,0.9750000000000001,27,27,27
43370,0,0,11214,32156,1,27,27,27
43366,32152,11214,0,0,0,28,28,28
43366,11875,11097,117,20277,0.025,28,28,28
43366,9261,10999,215,22891,0.05,28,28,28
43366,7491,10934,280,24661,0.07500000000000001,28,28,28
43366,6154,10840,374,25998,0.1,28,28,28
43366,5008,10738,476,27144,0.125,28,28,28
43366,3888,10638,576,28264,0.15000000000000002,28,28,28
43366,2954,10542,672,29198,0.17500000000000002,28,28,28
43366,2322,10443,771,29830,0.2,28,28,28
43366,1965,10332,882,30187,0.225,28,28,28
43366,1684,10161,1053,30468,0.25,28,28,28
43366,1384,10001,1213,30768,0.275,28,28,28
43366,1134,9854,1360,31018,0.30000000000000004,28,28,28
43366,964,9679,1535,31188,0.325,28,28,28
43366,832,9564,1650,31320,0.35000000000000003,28,28,28
43366,740,9445,1769,31412,0.375,28,28,28
43366,653,9344,1870,31499,0.4,28,28,28
43366,576,9220,1994,31576,0.42500000000000004,28,28,28
43366,510,9106,2108,31642,0.45,28,28,28
43366,449,8991,2223,31703,0.47500000000000003,28,28,28
43366,402,8904,2310,31750,0.5,28,28,28
43366,359,8789,2425,31793,0.525,28,28,28
43366,308,8650,2564,31844,0.55,28,28,28
43366,272,8520,2694,31880,0.5750000000000001,28,28,28
43366,242,8408,2806,31910,0.6000000000000001,28,28,28
43366,211,8271,2943,31941,0.625,28,28,28
43366,178,8116,3098,31974,0.65,28,28,28
43366,151,7896,3318,32001,0.675,28,28,28
43366,126,7673,3541,32026,0.7000000000000001,28,28,28
43366,99,7431,3783,32053,0.7250000000000001,28,28,28
43366,84,7121,4093,32068,0.75,28,28,28
43366,72,6751,4463,32080,0.775,28,28,28
43366,58,6383,4831,32094,0.8,28,28,28
43366,39,5990,5224,32113,0.8250000000000001,28,28,28
43366,33,5569,5645,32119,0.8500000000000001,28,28,28
43366,23,5017,6197,32129,0.875,28,28,28
43366,17,4333,6881,32135,0.9,28,28,28
43366,9,3584,7630,32143,0.925,28,28,28
43366,5,2655,8559,32147,0.9500000000000001,28,28,28
43366,2,1434,9780,32150,0.9750000000000001,28,28,28
43366,0,2,11212,32152,1,28,28,28
43364,32150,11214,0,0,0,29,29,29
43364,11829,11101,113,20321,0.025,29,29,29
43364,9113,10998,216,23037,0.05,29,29,29
43364,7395,10930,284,24755,0.07500000000000001,29,29,29
43364,6067,10840,374,26083,0.1,29,29,29
43364,4860,10725,489,27290,0.125,29,29,29
43364,3729,10634,580,28421,0.15000000000000002,29,29,29
43364,2822,10548,666,29328,0.17500000000000002,29,29,29
43364,2260,10437,777,29890,0.2,29,29,29
43364,1921,10323,891,30229,0.225,29,29,29
43364,1609,10187,1027,30541,0.25,29,29,29
43364,1309,10026,1188,30841,0.275,29,29,29
43364,1092,9870,1344,31058,0.30000000000000004,29,29,29
43364,943,9727,1487,31207,0.325,29,29,29
43364,811,9597,1617,31339,0.35000000000000003,29,29,29
43364,725,9477,1737,31425,0.375,29,29,29
43364,628,9361,1853,31522,0.4,29,29,29
43364,562,9239,1975,31588,0.42500000000000004,29,29,29
43364,489,9114,2100,31661,0.45,29,29,29
43364,421,8996,2218,31729,0.47500000000000003,29,29,29
43364,376,8866,2348,31774,0.5,29,29,29
43364,341,8750,2464,31809,0.525,29,29,29
43364,305,8647,2567,31845,0.55,29,29,29
43364,277,8484,2730,31873,0.5750000000000001,29,29,29
43364,248,8314,2900,31902,0.6000000000000001,29,29,29
43364,214,8149,3065,31936,0.625,29,29,29
43364,181,7988,3226,31969,0.65,29,29,29
43364,158,7815,3399,31992,0.675,29,29,29
43364,129,7622,3592,32021,0.7000000000000001,29,29,29
43364,107,7368,3846,32043,0.7250000000000001,29,29,29
43364,81,7095,4119,32069,0.75,29,29,29
43364,68,6781,4433,32082,0.775,29,29,29
43364,56,6387,4827,32094,0.8,29,29,29
43364,45,5943,5271,32105,0.8250000000000001,29,29,29
43364,35,5514,5700,32115,0.8500000000000001,29,29,29
43364,23,4983,6231,32127,0.875,29,29,29
43364,15,4387,6827,32135,0.9,29,29,29
43364,8,3617,7597,32142,0.925,29,29,29
43364,5,2578,8636,32145,0.9500000000000001,29,29,29
43364,1,1411,9803,32149,0.9750000000000001,29,29,29
43364,0,0,11214,32150,1,29,29,29
43363,32149,11214,0,0,0,30,30,30
43363,12131,11105,109,20018,0.025,30,30,30
43363,9316,10998,216,22833,0.05,30,30,30
43363,7546,10930,284,24603,0.07500000000000001,30,30,30
43363,6132,10824,390,26017,0.1,30,30,30
43363,4905,10734,480,27244,0.125,30,30,30
43363,3722,10652,562,28427,0.15000000000000002,30,30,30
43363,2856,10557,657,29293,0.17500000000000002,30,30,30
43363,2349,10446,768,29800,0.2,30,30,30
43363,1974,10345,869,30175,0.225,30,30,30
43363,1681,10215,999,30468,0.25,30,30,30
43363,1381,10054,1160,30768,0.275,30,30,30
43363,1131,9874,1340,31018,0.30000000000000004,30,30,30
43363,937,9713,1501,31212,0.325,30,30,30
43363,804,9576,1638,31345,0.35000000000000003,30,30,30
43363,688,9484,1730,31461,0.375,30,30,30
43363,598,9352,1862,31551,0.4,30,30,30
43363,524,9229,1985,31625,0.42500000000000004,30,30,30
43363,462,9073,2141,31687,0.45,30,30,30
43363,400,8942,2272,31749,0.47500000000000003,30,30,30
43363,352,8789,2425,31797,0.5,30,30,30
43363,325,8671,2543,31824,0.525,30,30,30
43363,290,8542,2672,31859,0.55,30,30,30
43363,262,8406,2808,31887,0.5750000000000001,30,30,30
43363,229,8273,2941,31920,0.6000000000000001,30,30,30
43363,198,8097,3117,31951,0.625,30,30,30
43363,168,7958,3256,31981,0.65,30,30,30
43363,148,7739,3475,32001,0.675,30,30,30
43363,133,7477,3737,32016,0.7000000000000001,30,30,30
43363,104,7184,4030,32045,0.7250000000000001,30,30,30
43363,85,6846,4368,32064,0.75,30,30,30
43363,72,6498,4716,32077,0.775,30,30,30
43363,58,6141,5073,32091,0.8,30,30,30
43363,45,5726,5488,32104,0.8250000000000001,30,30,30
43363,32,5253,5961,32117,0.8500000000000001,30,30,30
43363,24,4747,6467,32125,0.875,30,30,30
43363,17,4153,7061,32132,0.9,30,30,30
43363,10,3427,7787,32139,0.925,30,30,30
43363,3,2543,8671,32146,0.9500000000000001,30,30,30
43363,3,1399,9815,32146,0.9750000000000001,30,30,30
43363,0,0,11214,32149,1,30,30,30
43352,32138,11214,0,0,0,31,31,31
43352,12097,11109,105,20041,0.025,31,31,31
43352,9326,10992,222,22812,0.05,31,31,31
43352,7495,10929,285,24643,0.07500000000000001,31,31,31
43352,6152,10830,384,25986,0.1,31,31,31
43352,5056,10722,492,27082,0.125,31,31,31
43352,3801,10611,603,28337,0.15000000000000002,31,31,31
43352,2914,10535,679,29224,0.17500000000000002,31,31,31
43352,2342,10444,770,29796,0.2,31,31,31
43352,1966,10333,881,30172,0.225,31,31,31
43352,1652,10193,1021,30486,0.25,31,31,31
43352,1360,10006,1208,30778,0.275,31,31,31
43352,1107,9835,1379,31031,0.30000000000000004,31,31,31
43352,930,9676,1538,31208,0.325,31,31,31
43352,784,9533,1681,31354,0.35000000000000003,31,31,31
43352,690,9420,1794,31448,0.375,31,31,31
43352,590,9312,1902,31548,0.4,31,31,31
43352,518,9175,2039,31620,0.42500000000000004,31,31,31
43352,454,9056,2158,31684,0.45,31,31,31
43352,405,8901,2313,31733,0.47500000000000003,31,31,31
43352,363,8774,2440,31775,0.5,31,31,31
43352,327,8617,2597,31811,0.525,31,31,31
43352,287,8491,2723,31851,0.55,31,31,31
43352,248,8374,2840,31890,0.5750000000000001,31,31,31
43352,213,8242,2972,31925,0.6000000000000001,31,31,31
43352,175,8069,3145,31963,0.625,31,31,31
43352,151,7901,3313,31987,0.65,31,31,31
43352,134,7674,3540,32004,0.675,31,31,31
43352,115,7423,3791,32023,0.7000000000000001,31,31,31
43352,93,7103,4111,32045,0.7250000000000001,31,31,31
43352,76,6757,4457,32062,0.75,31,31,31
43352,59,6382,4832,32079,0.775,31,31,31
43352,50,5970,5244,32088,0.8,31,31,31
43352,43,5390,5824,32095,0.8250000000000001,31,31,31
43352,27,4684,6530,32111,0.8500000000000001,31,31,31
43352,21,4020,7194,32117,0.875,31,31,31
43352,15,3339,7875,32123,0.9,31,31,31
43352,10,2512,8702,32128,0.925,31,31,31
43352,5,1749,9465,32133,0.9500000000000001,31,31,31
43352,3,747,10467,32135,0.9750000000000001,31,31,31
43352,0,0,11214,32138,1,31,31,31
43349,32135,11214,0,0,0,32,32,32
43349,12070,11107,107,20065,0.025,32,32,32
43349,9304,11002,212,22831,0.05,32,32,32
43349,7536,10943,271,24599,0.07500000000000001,32,32,32
43349,6320,10845,369,25815,0.1,32,32,32
43349,5189,10744,470,26946,0.125,32,32,32
43349,4011,10634,580,28124,0.15000000000000002,32,32,32
43349,3079,10544,670,29056,0.17500000000000002,32,32,32
43349,2458,10439,775,29677,0.2,32,32,32
43349,1990,10322,892,30145,0.225,32,32,32
43349,1686,10192,1022,30449,0.25,32,32,32
43349,1421,10040,1174,30714,0.275,32,32,32
43349,1146,9882,1332,30989,0.30000000000000004,32,32,32
43349,964,9711,1503,31171,0.325,32,32,32
43349,824,9537,1677,31311,0.35000000000000003,32,32,32
43349,724,9398,1816,31411,0.375,32,32,32
43349,637,9265,1949,31498,0.4,32,32,32
43349,548,9144,2070,31587,0.42500000000000004,32,32,32
43349,484,8980,2234,31651,0.45,32,32,32
43349,428,8846,2368,31707,0.47500000000000003,32,32,32
43349,387,8689,2525,31748,0.5,32,32,32
43349,339,8541,2673,31796,0.525,32,32,32
43349,302,8414,2800,31833,0.55,32,32,32
43349,267,8280,2934,31868,0.5750000000000001,32,32,32
43349,232,8145,3069,31903,0.6000000000000001,32,32,32
43349,199,7971,3243,31936,0.625,32,32,32
43349,170,7764,3450,31965,0.65,32,32,32
43349,145,7538,3676,31990,0.675,32,32,32
43349,123,7275,3939,32012,0.7000000000000001,32,32,32
43349,109,6943,4271,32026,0.7250000000000001,32,32,32
43349,87,6525,4689,32048,0.75,32,32,32
43349,73,6075,5139,32062,0.775,32,32,32
43349,60,5648,5566,32075,0.8,32,32,32
43349,48,5210,6004,32087,0.8250000000000001,32,32,32
43349,36,4740,6474,32099,0.8500000000000001,32,32,32
43349,21,4197,7017,32114,0.875,32,32,32
43349,13,3476,7738,32122,0.9,32,32,32
43349,8,2713,8501,32127,0.925,32,32,32
43349,5,1800,9414,32130,0.9500000000000001,32,32,32
43349,3,854,10360,32132,0.9750000000000001,32,32,32
43349,0,0,11214,32135,1,32,32,32
43330,32116,11214,0,0,0,33,33,33
43330,12155,11101,113,19961,0.025,33,33,33
43330,9239,11010,204,22877,0.05,33,33,33
43330,7461,10945,269,24655,0.07500000000000001,33,33,33
43330,6159,10847,367,25957,0.1,33,33,33
43330,4812,10751,463,27304,0.125,33,33,33
43330,3709,10664,550,28407,0.15000000000000002,33,33,33
43330,2851,10568,646,29265,0.17500000000000002,33,33,33
43330,2312,10490,724,29804,0.2,33,33,33
43330,1962,10389,825,30154,0.225,33,33,33
43330,1659,10257,957,30457,0.25,33,33,33
43330,1388,10123,1091,30728,0.275,33,33,33
43330,1143,9919,1295,30973,0.30000000000000004,33,33,33
43330,948,9703,1511,31168,0.325,33,33,33
43330,822,9551,1663,31294,0.35000000000000003,33,33,33
43330,735,9400,1814,31381,0.375,33,33,33
43330,650,9260,1954,31466,0.4,33,33,33
43330,563,9098,2116,31553,0.42500000000000004,33,33,33
43330,495,8947,2267,31621,0.45,33,33,33
43330,437,8827,2387,31679,0.47500000000000003,33,33,33
43330,392,8703,2511,31724,0.5,33,33,33
43330,352,8564,2650,31764,0.525,33,33,33
43330,303,8421,2793,31813,0.55,33,33,33
43330,268,8264,2950,31848,0.5750000000000001,33,33,33
43330,226,8088,3126,31890,0.6000000000000001,33,33,33
43330,186,7904,3310,31930,0.625,33,33,33
43330,163,7698,3516,31953,0.65,33,33,33
43330,144,7500,3714,31972,0.675,33,33,33
43330,122,7253,3961,31994,0.7000000000000001,33,33,33
43330,106,6967,4247,32010,0.7250000000000001,33,33,33
43330,88,6665,4549,32028,0.75,33,33,33
43330,73,6310,4904,32043,0.775,33,33,33
43330,57,5893,5321,32059,0.8,33,33,33
43330,45,5378,5836,32071,0.8250000000000001,33,33,33
43330,35,4878,6336,32081,0.8500000000000001,33,33,33
43330,24,4272,6942,32092,0.875,33,33,33
43330,16,3423,7791,32100,0.9,33,33,33
43330,6,2517,8697,32110,0.925,33,33,33
43330,4,1415,9799,32112,0.9500000000000001,33,33,33
43330,1,562,10652,32115,0.9750000000000001,33,33,33
43330,0,0,11214,32116,1,33,33,33
43320,32106,11214,0,0,0,34,34,34
43320,12024,11117,97,20082,0.025,34,34,34
43320,9188,11008,206,22918,0.05,34,34,34
43320,7472,10951,263,24634,0.07500000000000001,34,34,34
43320,6204,10860,354,25902,0.1,34,34,34
43320,4818,10784,430,27288,0.125,34,34,34
43320,3735,10695,519,28371,0.15000000000000002,34,34,34
43320,2916,10614,600,29190,0.17500000000000002,34,34,34
43320,2406,10536,678,29700,0.2,34,34,34
43320,2056,10450,764,30050,0.225,34,34,34
43320,1743,10346,868,30363,0.25,34,34,34
43320,1483,10217,997,30623,0.275,34,34,34
43320,1205,10067,1147,30901,0.30000000000000004,34,34,34
43320,1011,9885,1329,31095,0.325,34,34,34
43320,862,9686,1528,31244,0.35000000000000003,34,34,34
43320,769,9514,1700,31337,0.375,34,34,34
43320,658,9349,1865,31448,0.4,34,34,34
43320,571,9221,1993,31535,0.42500000000000004,34,34,34
43320,515,9081,2133,31591,0.45,34,34,34
43320,449,8959,2255,31657,0.47500000000000003,34,34,34
43320,398,8844,2370,31708,0.5,34,34,34
43320,360,8733,2481,31746,0.525,34,34,34
43320,321,8582,2632,31785,0.55,34,34,34
43320,276,8439,2775,31830,0.5750000000000001,34,34,34
43320,243,8285,2929,31863,0.6000000000000001,34,34,34
43320,205,8102,3112,31901,0.625,34,34,34
43320,178,7952,3262,31928,0.65,34,34,34
43320,148,7743,3471,31958,0.675,34,34,34
43320,123,7505,3709,31983,0.7000000000000001,34,34,34
43320,104,7204,4010,32002,0.7250000000000001,34,34,34
43320,84,6889,4325,32022,0.75,34,34,34
43320,78,6467,4747,32028,0.775,34,34,34
43320,60,6013,5201,32046,0.8,34,34,34
43320,43,5517,5697,32063,0.8250000000000001,34,34,34
43320,33,5009,6205,32073,0.8500000000000001,34,34,34
43320,23,4391,6823,32083,0.875,34,34,34
43320,20,3595,7619,32086,0.9,34,34,34
43320,9,2827,8387,32097,0.925,34,34,34
43320,5,1840,9374,32101,0.9500000000000001,34,34,34
43320,2,951,10263,32104,0.9750000000000001,34,34,34
43320,0,0,11214,32106,1,34,34,34
43271,32057,11214,0,0,0,35,35,35
43271,11922,11123,91,20135,0.025,35,35,35
43271,9167,11007,207,22890,0.05,35,35,35
43271,7402,10954,260,24655,0.07500000000000001,35,35,35
43271,6031,10874,340,26026,0.1,35,35,35
43271,4665,10797,417,27392,0.125,35,35,35
43271,3592,10714,500,28465,0.15000000000000002,35,35,35
43271,2829,10630,584,29228,0.17500000000000002,35,35,35
43271,2327,10543,671,29730,0.2,35,35,35
43271,2003,10460,754,30054,0.225,35,35,35
43271,1713,10364,850,30344,0.25,35,35,35
43271,1433,10248,966,30624,0.275,35,35,35
43271,1197,10108,1106,30860,0.30000000000000004,35,35,35
43271,1005,9931,1283,31052,0.325,35,35,35
43271,878,9746,1468,31179,0.35000000000000003,35,35,35
43271,766,9588,1626,31291,0.375,35,35,35
43271,681,9419,1795,31376,0.4,35,35,35
43271,585,9285,1929,31472,0.42500000000000004,35,35,35
43271,520,9162,2052,31537,0.45,35,35,35
43271,461,9021,2193,31596,0.47500000000000003,35,35,35
43271,414,8913,2301,31643,0.5,35,35,35
43271,361,8792,2422,31696,0.525,35,35,35
43271,324,8651,2563,31733,0.55,35,35,35
43271,287,8510,2704,31770,0.5750000000000001,35,35,35
43271,256,8368,2846,31801,0.6000000000000001,35,35,35
43271,221,8201,3013,31836,0.625,35,35,35
43271,182,8027,3187,31875,0.65,35,35,35
43271,158,7868,3346,31899,0.675,35,35,35
43271,137,7640,3574,31920,0.7000000000000001,35,35,35
43271,117,7311,3903,31940,0.7250000000000001,35,35,35
43271,91,6950,4264,31966,0.75,35,35,35
43271,74,6583,4631,31983,0.775,35,35,35
43271,60,6200,5014,31997,0.8,35,35,35
43271,40,5768,5446,32017,0.8250000000000001,35,35,35
43271,30,5225,5989,32027,0.8500000000000001,35,35,35
43271,22,4621,6593,32035,0.875,35,35,35
43271,16,3852,7362,32041,0.9,35,35,35
43271,7,3010,8204,32050,0.925,35,35,35
43271,7,2143,9071,32050,0.9500000000000001,35,35,35
43271,1,1236,9978,32056,0.9750000000000001,35,35,35
43271,0,0,11214,32057,1,35,35,35
43271,32057,11214,0,0,0,36,36,36
43271,11905,11109,105,20152,0.025,36,36,36
43271,9117,11008,206,22940,0.05,36,36,36
43271,7336,10957,257,24721,0.07500000000000001,36,36,36
43271,5838,10884,330,26219,0.1,36,36,36
43271,4445,10806,408,27612,0.125,36,36,36
43271,3443,10713,501,28614,0.15000000000000002,36,36,36
43271,2764,10641,573,29293,0.17500000000000002,36,36,36
43271,2312,10568,646,29745,0.2,36,36,36
43271,1986,10458,756,30071,0.225,36,36,36
43271,1665,10340,874,30392,0.25,36,36,36
43271,1383,10224,990,30674,0.275,36,36,36
43271,1156,10031,1183,30901,0.30000000000000004,36,36,36
43271,983,9850,1364,31074,0.325,36,36,36
43271,864,9659,1555,31193,0.35000000000000003,36,36,36
43271,759,9516,1698,31298,0.375,36,36,36
43271,659,9393,1821,31398,0.4,36,36,36
43271,581,9255,1959,31476,0.42500000000000004,36,36,36
43271,522,9132,2082,31535,0.45,36,36,36
43271,466,9009,2205,31591,0.47500000000000003,36,36,36
43271,418,8895,2319,31639,0.5,36,36,36
43271,365,8780,2434,31692,0.525,36,36,36
43271,330,8641,2573,31727,0.55,36,36,36
43271,294,8499,2715,31763,0.5750000000000001,36,36,36
43271,260,8349,2865,31797,0.6000000000000001,36,36,36
43271,224,8182,3032,31833,0.625,36,36,36
43271,196,8028,3186,31861,0.65,36,36,36
43271,164,7855,3359,31893,0.675,36,36,36
43271,142,7640,3574,31915,0.7000000000000001,36,36,36
43271,111,7411,3803,31946,0.7250000000000001,36,36,36
43271,98,7126,4088,31959,0.75,36,36,36
43271,78,6833,4381,31979,0.775,36,36,36
43271,61,6470,4744,31996,0.8,36,36,36
43271,44,5984,5230,32013,0.8250000000000001,36,36,36
43271,34,5425,5789,32023,0.8500000000000001,36,36,36
43271,25,4778,6436,32032,0.875,36,36,36
43271,18,4067,7147,32039,0.9,36,36,36
43271,11,3239,7975,32046,0.925,36,36,36
43271,7,2342,8872,32050,0.9500000000000001,36,36,36
43271,4,1338,9876,32053,0.9750000000000001,36,36,36
43271,0,0,11214,32057,1,36,36,36
43247,32033,11214,0,0,0,37,37,37
43247,11820,11111,103,20213,0.025,37,37,37
43247,9129,11010,204,22904,0.05,37,37,37
43247,7361,10952,262,24672,0.07500000000000001,37,37,37
43247,5896,10879,335,26137,0.1,37,37,37
43247,4505,10796,418,27528,0.125,37,37,37
43247,3372,10698,516,28661,0.15000000000000002,37,37,37
43247,2702,10626,588,29331,0.17500000000000002,37,37,37
43247,2254,10535,679,29779,0.2,37,37,37
43247,1905,10438,776,30128,0.225,37,37,37
43247,1591,10318,896,30442,0.25,37,37,37
43247,1328,10155,1059,30705,0.275,37,37,37
43247,1099,9985,1229,30934,0.30000000000000004,37,37,37
43247,957,9790,1424,31076,0.325,37,37,37
43247,844,9615,1599,31189,0.35000000000000003,37,37,37
43247,727,9458,1756,31306,0.375,37,37,37
43247,658,9334,1880,31375,0.4,37,37,37
43247,573,9195,2019,31460,0.42500000000000004,37,37,37
43247,509,9091,2123,31524,0.45,37,37,37
43247,453,8967,2247,31580,0.47500000000000003,37,37,37
43247,399,8841,2373,31634,0.5,37,37,37
43247,365,8724,2490,31668,0.525,37,37,37
43247,319,8585,2629,31714,0.55,37,37,37
43247,280,8449,2765,31753,0.5750000000000001,37,37,37
43247,241,8284,2930,31792,0.6000000000000001,37,37,37
43247,211,8161,3053,31822,0.625,37,37,37
43247,185,8007,3207,31848,0.65,37,37,37
43247,155,7815,3399,31878,0.675,37,37,37
43247,134,7640,3574,31899,0.7000000000000001,37,37,37
43247,111,7404,3810,31922,0.7250000000000001,37,37,37
43247,90,7151,4063,31943,0.75,37,37,37
43247,74,6861,4353,31959,0.775,37,37,37
43247,60,6507,4707,31973,0.8,37,37,37
43247,48,6033,5181,31985,0.8250000000000001,37,37,37
43247,36,5504,5710,31997,0.8500000000000001,37,37,37
43247,29,4916,6298,32004,0.875,37,37,37
43247,20,4180,7034,32013,0.9,37,37,37
43247,14,3352,7862,32019,0.925,37,37,37
43247,11,2414,8800,32022,0.9500000000000001,37,37,37
43247,5,1370,9844,32028,0.9750000000000001,37,37,37
43247,0,0,11214,32033,1,37,37,37
43234,32020,11214,0,0,0,38,38,38
43234,11727,11108,106,20293,0.025,38,38,38
43234,9007,11010,204,23013,0.05,38,38,38
43234,7165,10955,259,24855,0.07500000000000001,38,38,38
43234,5496,10881,333,26524,0.1,38,38,38
43234,4145,10783,431,27875,0.125,38,38,38
43234,3163,10680,534,28857,0.15000000000000002,38,38,38
43234,2530,10583,631,29490,0.17500000000000002,38,38,38
43234,2123,10478,736,29897,0.2,38,38,38
43234,1776,10363,851,30244,0.225,38,38,38
43234,1473,10229,985,30547,0.25,38,38,38
43234,1218,10072,1142,30802,0.275,38,38,38
43234,1042,9875,1339,30978,0.30000000000000004,38,38,38
43234,920,9692,1522,31100,0.325,38,38,38
43234,803,9491,1723,31217,0.35000000000000003,38,38,38
43234,707,9323,1891,31313,0.375,38,38,38
43234,641,9176,2038,31379,0.4,38,38,38
43234,560,9047,2167,31460,0.42500000000000004,38,38,38
43234,488,8938,2276,31532,0.45,38,38,38
43234,434,8825,2389,31586,0.47500000000000003,38,38,38
43234,382,8690,2524,31638,0.5,38,38,38
43234,347,8564,2650,31673,0.525,38,38,38
43234,308,8444,2770,31712,0.55,38,38,38
43234,272,8317,2897,31748,0.5750000000000001,38,38,38
43234,235,8189,3025,31785,0.6000000000000001,38,38,38
43234,206,8061,3153,31814,0.625,38,38,38
43234,179,7899,3315,31841,0.65,38,38,38
43234,150,7729,3485,31870,0.675,38,38,38
43234,131,7537,3677,31889,0.7000000000000001,38,38,38
43234,116,7284,3930,31904,0.7250000000000001,38,38,38
43234,89,7021,4193,31931,0.75,38,38,38
43234,66,6680,4534,31954,0.775,38,38,38
43234,52,6289,4925,31968,0.8,38,38,38
43234,44,5768,5446,31976,0.8250000000000001,38,38,38
43234,33,5229,5985,31987,0.8500000000000001,38,38,38
43234,24,4689,6525,31996,0.875,38,38,38
43234,18,4045,7169,32002,0.9,38,38,38
43234,13,3298,7916,32007,0.925,38,38,38
43234,8,2422,8792,32012,0.9500000000000001,38,38,38
43234,3,1459,9755,32017,0.9750000000000001,38,38,38
43234,0,1,11213,32020,1,38,38,38
43219,32005,11214,0,0,0,39,39,39
43219,11651,11105,109,20354,0.025,39,39,39
43219,8886,10994,220,23119,0.05,39,39,39
43219,7097,10938,276,24908,0.07500000000000001,39,39,39
43219,5549,10858,356,26456,0.1,39,39,39
43219,4161,10773,441,27844,0.125,39,39,39
43219,3143,10653,561,28862,0.15000000000000002,39,39,39
43219,2527,10538,676,29478,0.17500000000000002,39,39,39
43219,2090,10426,788,29915,0.2,39,39,39
43219,1789,10297,917,30216,0.225,39,39,39
43219,1487,10172,1042,30518,0.25,39,39,39
43219,1229,9960,1254,30776,0.275,39,39,39
43219,1045,9768,1446,30960,0.30000000000000004,39,39,39
43219,908,9618,1596,31097,0.325,39,39,39
43219,803,9489,1725,31202,0.35000000000000003,39,39,39
43219,710,9325,1889,31295,0.375,39,39,39
43219,639,9199,2015,31366,0.4,39,39,39
43219,567,9099,2115,31438,0.42500000000000004,39,39,39
43219,504,8986,2228,31501,0.45,39,39,39
43219,437,8839,2375,31568,0.47500000000000003,39,39,39
43219,396,8693,2521,31609,0.5,39,39,39
43219,342,8546,2668,31663,0.525,39,39,39
43219,312,8414,2800,31693,0.55,39,39,39
43219,280,8277,2937,31725,0.5750000000000001,39,39,39
43219,245,8176,3038,31760,0.6000000000000001,39,39,39
43219,218,8036,3178,31787,0.625,39,39,39
43219,192,7855,3359,31813,0.65,39,39,39
43219,159,7696,3518,31846,0.675,39,39,39
43219,132,7491,3723,31873,0.7000000000000001,39,39,39
43219,114,7246,3968,31891,0.7250000000000001,39,39,39
43219,88,6979,4235,31917,0.75,39,39,39
43219,73,6655,4559,31932,0.775,39,39,39
43219,60,6288,4926,31945,0.8,39,39,39
43219,48,5892,5322,31957,0.8250000000000001,39,39,39
43219,40,5388,5826,31965,0.8500000000000001,39,39,39
43219,26,4891,6323,31979,0.875,39,39,39
43219,24,4314,6900,31981,0.9,39,39,39
43219,15,3533,7681,31990,0.925,39,39,39
43219,9,2602,8612,31996,0.9500000000000001,39,39,39
43219,5,1533,9681,32000,0.9750000000000001,39,39,39
43219,0,0,11214,32005,1,39,39,39
43206,31992,11214,0,0,0,40,40,40
43206,11496,11086,128,20496,0.025,40,40,40
43206,8755,10986,228,23237,0.05,40,40,40
43206,6982,10935,279,25010,0.07500000000000001,40,40,40
43206,5501,10856,358,26491,0.1,40,40,40
43206,4175,10736,478,27817,0.125,40,40,40
43206,3201,10661,553,28791,0.15000000000000002,40,40,40
43206,2585,10561,653,29407,0.17500000000000002,40,40,40
43206,2125,10445,769,29867,0.2,40,40,40
43206,1818,10325,889,30174,0.225,40,40,40
43206,1521,10184,1030,30471,0.25,40,40,40
43206,1257,10030,1184,30735,0.275,40,40,40
43206,1071,9875,1339,30921,0.30000000000000004,40,40,40
43206,914,9703,1511,31078,0.325,40,40,40
43206,797,9536,1678,31195,0.35000000000000003,40,40,40
43206,717,9394,1820,31275,0.375,40,40,40
43206,644,9264,1950,31348,0.4,40,40,40
43206,583,9119,2095,31409,0.42500000000000004,40,40,40
43206,514,9002,2212,31478,0.45,40,40,40
43206,454,8901,2313,31538,0.47500000000000003,40,40,40
43206,410,8768,2446,31582,0.5,40,40,40
43206,366,8635,2579,31626,0.525,40,40,40
43206,324,8462,2752,31668,0.55,40,40,40
43206,295,8339,2875,31697,0.5750000000000001,40,40,40
43206,255,8219,2995,31737,0.6000000000000001,40,40,40
43206,223,8105,3109,31769,0.625,40,40,40
43206,196,7974,3240,31796,0.65,40,40,40
43206,164,7797,3417,31828,0.675,40,40,40
43206,148,7625,3589,31844,0.7000000000000001,40,40,40
43206,122,7430,3784,31870,0.7250000000000001,40,40,40
43206,105,7198,4016,31887,0.75,40,40,40
43206,86,6942,4272,31906,0.775,40,40,40
43206,69,6604,4610,31923,0.8,40,40,40
43206,51,6154,5060,31941,0.8250000000000001,40,40,40
43206,40,5647,5567,31952,0.8500000000000001,40,40,40
43206,30,5091,6123,31962,0.875,40,40,40
43206,23,4486,6728,31969,0.9,40,40,40
43206,16,3727,7487,31976,0.925,40,40,40
43206,12,2788,8426,31980,0.9500000000000001,40,40,40
43206,4,1663,9551,31988,0.9750000000000001,40,40,40
43206,0,0,11214,31992,1,40,40,40
