metric,estimate,ci1,ci2,b1,b2,thresh,lag_pr,lag_rh,lag_temp,lag
AUC,0.9804568323108992,0.979168635232306,0.9817450293894928,NA,NA,0.225,0,0,0,0
recall,0.9248261102193688,0.9199458908065624,0.9297063296321748,0.9197973759699734,0.9295598712158748,0.225,0,0,0,0
accuracy,0.9384810418347356,0.9362200264970189,0.9407420571724522,0.9361805153647984,0.940702856994654,0.225,0,0,0,0
precision,0.8502910551775027,0.8439591086395354,0.85662300171547,0.8438474737702316,0.85651100844414,0.225,0,0,0,0
specificity,0.9432408069379254,0.9407123638197322,0.9457692500561188,0.940658420567526,0.9457158960661988,0.225,0,0,0,0
F1,0.8859937636153945,NA,NA,NA,NA,0.225,0,0,0,0
brier,0.04462430286245246,NA,NA,NA,NA,0.225,0,0,0,0
log-likelihood,-6824.218875811491,NA,NA,NA,NA,0.225,0,0,0,0
AUC,0.9761181238213148,0.9746572044836816,0.9775790431589476,NA,NA,0.2,10,10,10,10
recall,0.9332976636347424,0.9286796372717976,0.9379156899976872,0.928527952422624,0.93776652103927,0.2,10,10,10,10
accuracy,0.9216938290956872,0.919165709436957,0.9242219487544172,0.919127766291464,0.9241841868556188,0.2,10,10,10,10
precision,0.7980175371711781,0.7911462994591438,0.8048887748832123,0.7910583742240525,0.8047997570556534,0.2,10,10,10,10
specificity,0.9176485217769764,0.9146443505925228,0.92065269296143,0.9145936525073904,0.9206022758717892,0.2,10,10,10,10
F1,0.8603723950840562,NA,NA,NA,NA,0.2,10,10,10,10
brier,0.04862730291342984,NA,NA,NA,NA,0.2,10,10,10,10
log-likelihood,-7504.399166069268,NA,NA,NA,NA,0.2,10,10,10,10
AUC,0.977533920543432,0.9761317290763908,0.9789361120104728,NA,NA,0.225,1,1,1,1
recall,0.9188514357053684,0.913797393493372,0.9239054779173644,0.91365109637743,0.9237609493480544,0.225,1,1,1,1
accuracy,0.9305289846721218,0.9281364786134996,0.932921490730744,0.9280977142010928,0.932882971183961,0.225,1,1,1,1
precision,0.8304319793681496,0.8238291634913703,0.837034795244929,0.8237258325912751,0.8369307620776343,0.225,1,1,1,1
specificity,0.9345994840073358,0.9318978460656788,0.937301121948993,0.9318450086535296,0.9372487536969244,0.225,1,1,1,1
F1,0.8724070781474896,NA,NA,NA,NA,0.225,1,1,1,1
brier,0.04725986879681918,NA,NA,NA,NA,0.225,1,1,1,1
log-likelihood,-7288.665004215743,NA,NA,NA,NA,0.225,1,1,1,1
AUC,0.9758909423607618,0.9744219279852806,0.977359956736243,NA,NA,0.2,11,11,11,11
recall,0.9307116104868914,0.926011440176594,0.9354117807971888,0.925860726592951,0.9352634356426353,0.2,11,11,11,11
accuracy,0.9207790711075255,0.918237607148066,0.9233205350669852,0.9181997526605192,0.9232828556884224,0.2,11,11,11,11
precision,0.7969000534473544,0.7900099302048029,0.8037901766899058,0.789922223205074,0.8037013618869415,0.2,11,11,11,11
specificity,0.9173168381461564,0.9143073543333716,0.9203263219589416,0.9142567043162612,0.9202759496594954,0.2,11,11,11,11
F1,0.8586236682983013,NA,NA,NA,NA,0.2,11,11,11,11
brier,0.04852065542526219,NA,NA,NA,NA,0.2,11,11,11,11
log-likelihood,-7510.941052515988,NA,NA,NA,NA,0.2,11,11,11,11
AUC,0.9761571162401494,0.974702510098602,0.977611722381697,NA,NA,0.225,12,12,12,12
recall,0.9220617085785624,0.9171000002671702,0.9270234168899548,0.9169525131838804,0.9268778497240306,0.225,12,12,12,12
accuracy,0.9271356783919598,0.924689825140386,0.9295815316435334,0.9246513753666398,0.9295433012450712,0.225,12,12,12,12
precision,0.81888017739764,0.8121628092232425,0.8255975455720375,0.8120649186437511,0.8254987911811631,0.225,12,12,12,12
specificity,0.928904501367819,0.9260961552797244,0.9317128474559137,0.9260440368073796,0.9316611290574968,0.225,12,12,12,12
F1,0.8674132796443101,NA,NA,NA,NA,0.225,12,12,12,12
brier,0.04830409799283113,NA,NA,NA,NA,0.225,12,12,12,12
log-likelihood,-7492.646583544085,NA,NA,NA,NA,0.225,12,12,12,12
AUC,0.975755428407746,0.974289133923632,0.9772217228918602,NA,NA,0.225,13,13,13,13
recall,0.9239343677545924,0.9190276554339364,0.9288410800752483,0.9188794724555468,0.9286949088301464,0.225,13,13,13,13
accuracy,0.9265082182622928,0.9240526029686338,0.9289638335559518,0.924014209133759,0.9289256545593702,0.225,13,13,13,13
precision,0.8160838059231253,0.8093447357284699,0.8228228761177808,0.8092482540616509,0.8227254963170149,0.225,13,13,13,13
specificity,0.9274055650551842,0.9245699269295372,0.9302412031808314,0.92451799358272,0.9301896528638024,0.225,13,13,13,13
F1,0.8666666666666667,NA,NA,NA,NA,0.225,13,13,13,13
brier,0.04918856967369003,NA,NA,NA,NA,0.225,13,13,13,13
log-likelihood,-7607.821250998911,NA,NA,NA,NA,0.225,13,13,13,13
AUC,0.9755744142521764,0.9741065691642604,0.9770422593400928,NA,NA,0.2,14,14,14,14
recall,0.9328517924023542,0.9282194640815056,0.9374841207232028,0.9280679469365412,0.9373350935519796,0.2,14,14,14,14
accuracy,0.918785587496254,0.9162149552930506,0.9213562196994572,0.9161772810093758,0.9213187075505148,0.2,14,14,14,14
precision,0.7906431864560501,0.7837106278005037,0.7975757451115966,0.7836256843115764,0.797489636443892,0.2,14,14,14,14
specificity,0.9138815482667496,0.9108156527204748,0.9169474438130244,0.9107654252872172,0.9168974617907544,0.2,14,14,14,14
F1,0.8558805481693598,NA,NA,NA,NA,0.2,14,14,14,14
brier,0.04972206864064409,NA,NA,NA,NA,0.2,14,14,14,14
log-likelihood,-7633.306172720953,NA,NA,NA,NA,0.2,14,14,14,14
AUC,0.9755332364094564,0.9740483067633,0.977018166055613,NA,NA,0.25,15,15,15,15
recall,0.9149277688603532,0.9097640437880028,0.9200914939327036,0.9096191963543608,0.9199482395376708,0.25,15,15,15,15
accuracy,0.930690330759479,0.9283003974371132,0.9330802640818447,0.9282616179192156,0.9330417306795048,0.25,15,15,15,15
precision,0.833265654186632,0.8266818272380009,0.8398494811352631,0.8265767801892634,0.8397437726671384,0.25,15,15,15,15
specificity,0.9361847626744584,0.9335138064544282,0.9388557188944886,0.933460766914176,0.9388031690575788,0.25,15,15,15,15
F1,0.8721893994134399,NA,NA,NA,NA,0.25,15,15,15,15
brier,0.04976630021608851,NA,NA,NA,NA,0.25,15,15,15,15
log-likelihood,-7667.861803989227,NA,NA,NA,NA,0.25,15,15,15,15
AUC,0.9756038515136228,0.9741401133202474,0.9770675897069984,NA,NA,0.25,16,16,16,16
recall,0.911449973247726,0.9061917797703852,0.9167081667250668,0.9060482133369,0.9165660457027696,0.25,16,16,16,16
accuracy,0.9305750835542238,0.9281833121823734,0.9329668549260742,0.928144543454287,0.9329283314203848,0.25,16,16,16,16
precision,0.8350490196078432,0.8284739735670189,0.8416240656486674,0.8283677179795855,0.8415171745981898,0.25,16,16,16,16
specificity,0.9372416151192068,0.934591373608564,0.9398918566298494,0.9345381991446832,0.9398391859093396,0.25,16,16,16,16
F1,0.8715784088002047,NA,NA,NA,NA,0.25,16,16,16,16
brier,0.04949509621845108,NA,NA,NA,NA,0.25,16,16,16,16
log-likelihood,-7596.040950987517,NA,NA,NA,NA,0.25,16,16,16,16
AUC,0.9761015569572302,0.9746540648282273,0.9775490490862332,NA,NA,0.2,17,17,17,17
recall,0.9307116104868914,0.926011440176594,0.9354117807971888,0.925860726592951,0.9352634356426353,0.2,17,17,17,17
accuracy,0.921009565518036,0.9184714838508408,0.9235476471852314,0.9184336079113072,0.923509947884932,0.2,17,17,17,17
precision,0.7975089783754872,0.7906239347495043,0.80439402200147,0.7905359760860526,0.8043049617039454,0.2,17,17,17,17
specificity,0.9176276771004942,0.9146233466494244,0.920632007551564,0.9145726575067936,0.9205815991360164,0.2,17,17,17,17
F1,0.858976996831406,NA,NA,NA,NA,0.2,17,17,17,17
brier,0.04865853335398179,NA,NA,NA,NA,0.2,17,17,17,17
log-likelihood,-7471.814356739346,NA,NA,NA,NA,0.2,17,17,17,17
AUC,0.9760548630878292,0.974600092525858,0.9775096336498,NA,NA,0.2,18,18,18,18
recall,0.9285714285714286,0.9238047108325126,0.9333381463103446,0.9236547985818148,0.933190485430602,0.2,18,18,18,18
accuracy,0.9225733582278772,0.9200583353094866,0.925088381146268,0.9200203120017524,0.9250505450171828,0.2,18,18,18,18
precision,0.802790841107085,0.7959433088525943,0.8096383733615756,0.7958529472391572,0.8095469625309801,0.2,18,18,18,18
specificity,0.9204824520501104,0.9175259612118976,0.9234389428883232,0.9174749092346394,0.9233881999555577,0.2,18,18,18,18
F1,0.8611122596650818,NA,NA,NA,NA,0.2,18,18,18,18
brier,0.04882620316281723,NA,NA,NA,NA,0.2,18,18,18,18
log-likelihood,-7499.186413862349,NA,NA,NA,NA,0.2,18,18,18,18
AUC,0.976330345784014,0.9748919197290882,0.97776877183894,NA,NA,0.275,19,19,19,19
recall,0.8991439272338149,0.8935702549508882,0.9047175995167416,0.8934311959909139,0.9045795144626037,0.275,19,19,19,19
accuracy,0.9372104280478528,0.9349276767506508,0.9394931793450548,0.934888283441496,0.939454085792266,0.275,19,19,19,19
precision,0.8635662898252826,0.8573401665779287,0.8697924130726364,0.8572189783409806,0.869671144582415,0.275,19,19,19,19
specificity,0.95048027604215235,0.9481094594769458,0.9528510926073588,0.948054577100197,0.9527969187771422,0.275,19,19,19,19
F1,0.8809960681520314,NA,NA,NA,NA,0.275,19,19,19,19
brier,0.0487947243692806,NA,NA,NA,NA,0.275,19,19,19,19
log-likelihood,-7483.530785021802,NA,NA,NA,NA,0.275,19,19,19,19
AUC,0.9767915949930982,0.9753690237472752,0.9782141662389212,NA,NA,0.225,20,20,20,20
recall,0.9192081326912788,0.9141642317645332,0.9242520336180244,0.914017802608558,0.924107389468378,0.225,20,20,20,20
accuracy,0.9299034183896918,0.9275009171374912,0.9323059196418924,0.9274622094865111,0.9322674520632908,0.225,20,20,20,20
precision,0.8284175841838785,0.8217930619158985,0.8350421064518584,0.8216906679118683,0.834938980074056,0.225,20,20,20,20
specificity,0.9336317572818552,0.930911529585108,0.9363519849786024,0.9308588121285872,0.9362997244824744,0.225,20,20,20,20
F1,0.8714545377689478,NA,NA,NA,NA,0.225,20,20,20,20
brier,0.0486261918695111,NA,NA,NA,NA,0.225,20,20,20,20
log-likelihood,-7456.53316620307,NA,NA,NA,NA,0.225,20,20,20,20
AUC,0.976388640566598,0.9749469645433948,0.9778303165898014,NA,NA,0.225,21,21,21,21
recall,0.9176921705011593,0.9126053679160258,0.9227789730862928,0.912459499634298,0.9226348204524848,0.225,21,21,21,21
accuracy,0.929692722620502,0.9272868305111776,0.9320986147298264,0.9272481407874104,0.932060163488966,0.225,21,21,21,21
precision,0.8287163794491866,0.8220897738648959,0.8353429850334774,0.821987077824846,0.8352395596845836,0.225,21,21,21,21
specificity,0.933876332887742,0.9311606819769096,0.9365919837985746,0.9311079300915484,0.9365396919982284,0.225,21,21,21,21
F1,0.870937711577522,NA,NA,NA,NA,0.225,21,21,21,21
brier,0.04878188520896245,NA,NA,NA,NA,0.225,21,21,21,21
log-likelihood,-7476.571623730048,NA,NA,NA,NA,0.225,21,21,21,21
AUC,0.977531971909716,0.9761305252206272,0.9789334185988048,NA,NA,0.225,2,2,2,2
recall,0.9222400570715178,0.9172835497401506,0.927196564402885,0.917135996438438,0.9270509396476015,0.225,2,2,2,2
accuracy,0.9321654949867466,0.9297992586886992,0.934531731284794,0.9297603409825472,0.934493071284516,0.225,2,2,2,2
precision,0.8331587851446065,0.8265998512405305,0.8397177190486825,0.8264956843006674,0.8396128949519408,0.225,2,2,2,2
specificity,0.9356252525566504,0.9329434146343626,0.9383070904789382,0.932890446468024,0.938254604695932,0.225,2,2,2,2
F1,0.8754391162652897,NA,NA,NA,NA,0.225,2,2,2,2
brier,0.04762833968105336,NA,NA,NA,NA,0.225,2,2,2,2
log-likelihood,-7339.308479056288,NA,NA,NA,NA,0.225,2,2,2,2
AUC,0.9773713514959552,0.9759503120116954,0.9787923909802152,NA,NA,0.225,22,22,22,22
recall,0.9215266630996968,0.916549397592149,0.9265039286072444,0.9164021090934326,0.9263585342809596,0.225,22,22,22,22
accuracy,0.9330044264109184,0.9306515656435228,0.9353572871783142,0.9306125611689798,0.9353185472355352,0.225,22,22,22,22
precision,0.836084142394822,0.8295576127599531,0.8426106720296909,0.8294520533100449,0.8425045016188892,0.225,22,22,22,22
specificity,0.9370064050743112,0.9343511635937354,0.9396616465548872,0.9342980042516096,0.9396089880442896,0.225,22,22,22,22
F1,0.8767285993043182,NA,NA,NA,NA,0.225,22,22,22,22
brier,0.047131333977891,NA,NA,NA,NA,0.225,22,22,22,22
log-likelihood,-7275.091930093768,NA,NA,NA,NA,0.225,22,22,22,22
AUC,0.97655979926256,0.9751067380013688,0.9780128605237516,NA,NA,0.225,23,23,23,23
recall,0.9152844658462636,0.9101305732008318,0.9204383584916952,0.909985594179524,0.920294988058654,0.225,23,23,23,23
accuracy,0.9311799695670218,0.928797564650526,0.9335623744835176,0.9287587294086398,0.9335237892888528,0.225,23,23,23,23
precision,0.8345393934466216,0.8279720172042828,0.8411067696889605,0.8278664366905096,0.8410005484453688,0.225,23,23,23,23
specificity,0.9367226368159204,0.93406174176469,0.9393835318671508,0.9340086153516396,0.9393309025559624,0.225,23,23,23,23
F1,0.8730489516437715,NA,NA,NA,NA,0.225,23,23,23,23
brier,0.04783868665992299,NA,NA,NA,NA,0.225,23,23,23,23
log-likelihood,-7400.941335296495,NA,NA,NA,NA,0.225,23,23,23,23
AUC,0.9771802024431224,0.975756092649098,0.978604312237147,NA,NA,0.225,24,24,24,24
recall,0.9138576779026216,0.9086646176051464,0.919050738200097,0.90852016470312,0.9189078321531282,0.225,24,24,24,24
accuracy,0.9336146467441432,0.9312715439726909,0.9359577495155956,0.931232475017172,0.935918950139013,0.225,24,24,24,24
precision,0.8426938574130417,0.836222741456948,0.8491649733691354,0.8361132803434804,0.8490550087658953,0.225,24,24,24,24
specificity,0.9405050693537352,0.9379194825692704,0.9430906561382,0.937865862114358,0.9430375851369072,0.225,24,24,24,24
F1,0.8768342245989306,NA,NA,NA,NA,0.225,24,24,24,24
brier,0.04798184662654491,NA,NA,NA,NA,0.225,24,24,24,24
log-likelihood,-7390.681148976429,NA,NA,NA,NA,0.225,24,24,24,24
AUC,0.9771907047428218,0.9757887952782816,0.978592614207362,NA,NA,0.225,25,25,25,25
recall,0.9143927233814876,0.9092143004548332,0.9195711463081416,0.9090696503300446,0.9194280660436024,0.225,25,25,25,25
accuracy,0.9335162807859052,0.9311714581114292,0.9358611034603816,0.9311323947760564,0.935822308946202,0.225,25,25,25,25
precision,0.842079329884208,0.8356022103647763,0.8485564494036396,0.8354930951377946,0.8484468201042826,0.225,25,25,25,25
specificity,0.9401866251944012,0.937594405710434,0.9427788446783684,0.9375408193996024,0.942725803387456,0.225,25,25,25,25
F1,0.8767474669744774,NA,NA,NA,NA,0.225,25,25,25,25
brier,0.04882145824301263,NA,NA,NA,NA,0.225,25,25,25,25
log-likelihood,-7466.881079911608,NA,NA,NA,NA,0.225,25,25,25,25
AUC,0.9774401483945546,0.9760410298446632,0.978839266944446,NA,NA,0.225,26,26,26,26
recall,0.9144818976279652,0.9093059201295642,0.919657875126366,0.909161237125978,0.9195147658339976,0.225,26,26,26,26
accuracy,0.9335454713152554,0.9312012349237344,0.9358897077067764,0.9311621724613562,0.935850914258568,0.225,26,26,26,26
precision,0.8420922975858105,0.8356156600686238,0.8485689351029972,0.8355065495344478,0.8484593107773083,0.225,26,26,26,26
specificity,0.9401940660571002,0.9376021587922276,0.9427859733219728,0.9375485782158256,0.9427329377578758,0.225,26,26,26,26
F1,0.876795485636115,NA,NA,NA,NA,0.225,26,26,26,26
brier,0.04846940288058015,NA,NA,NA,NA,0.225,26,26,26,26
log-likelihood,-7434.517728668516,NA,NA,NA,NA,0.225,26,26,26,26
AUC,0.9779099257137152,0.9765290418176946,0.9792908096097356,NA,NA,0.2,27,27,27,27
recall,0.9252719814517568,0.9204050835623556,0.9301388793411578,0.920256402676874,0.929992277460559,0.2,27,27,27,27
accuracy,0.9294904311736224,0.9270810370247116,0.9318998253225328,0.9270423563946062,0.9318613817473734,0.2,27,27,27,27
precision,0.8237535725627183,0.8170993310066343,0.8304078141188023,0.816999657229699,0.8303073464718193,0.2,27,27,27,27
specificity,0.930961562383381,0.9281905630986812,0.9337325616680808,0.928138163945806,0.93368058705563,0.2,27,27,27,27
F1,0.8715665686686266,NA,NA,NA,NA,0.2,27,27,27,27
brier,0.04866036968814849,NA,NA,NA,NA,0.2,27,27,27,27
log-likelihood,-7464.753787324185,NA,NA,NA,NA,0.2,27,27,27,27
AUC,0.9784152823912524,0.9770562209321022,0.9797743438504032,NA,NA,0.225,28,28,28,28
recall,0.9213483146067416,0.9163658785357648,0.9263307506777184,0.9162186562085431,0.926185413988295,0.225,28,28,28,28
accuracy,0.934349490384172,0.9320184214534608,0.9366805593148828,0.9319792816902358,0.9366416951966284,0.225,28,28,28,28
precision,0.8402049280312271,0.833728570922372,0.8466812851400823,0.8336211303335328,0.8465733021430504,0.225,28,28,28,28
specificity,0.93888405075889525,0.9362656547138984,0.941502446803892,0.936212238630714,0.9414495573828564,0.225,28,28,28,28
F1,0.8789077453107057,NA,NA,NA,NA,0.225,28,28,28,28
brier,0.0483536245791634,NA,NA,NA,NA,0.225,28,28,28,28
log-likelihood,-7423.197986084378,NA,NA,NA,NA,0.225,28,28,28,28
AUC,0.9787408873766712,0.9773864253087904,0.980095349444552,NA,NA,0.225,29,29,29,29
recall,0.920545746388443,0.9155401358142754,0.9255513569626106,0.9153932111163158,0.925406279783263,0.225,29,29,29,29
accuracy,0.9351535836177476,0.9328357841168252,0.9374713831186696,0.932796566990162,0.9374324483663252,0.225,29,29,29,29
precision,0.8431068278340411,0.8366645754326016,0.8495490802354806,0.8365557210247677,0.8494397333821997,0.225,29,29,29,29
specificity,0.940248833592535,0.937657876754913,0.942839790430157,0.9376042824675542,0.9427867420488724,0.225,29,29,29,29
F1,0.8801261829652997,NA,NA,NA,NA,0.225,29,29,29,29
brier,0.04822701162542662,NA,NA,NA,NA,0.225,29,29,29,29
log-likelihood,-7400.082638174841,NA,NA,NA,NA,0.225,29,29,29,29
AUC,0.9785460448804338,0.9771797005544006,0.9799123892064672,NA,NA,0.225,30,30,30,30
recall,0.9225075798109506,0.9175588883271808,0.9274562712947202,0.917411235675531,0.9273105601779756,0.225,30,30,30,30
accuracy,0.9344371929986394,0.9321074917162784,0.9367668942810004,0.9320683409992842,0.9367280199702244,0.225,30,30,30,30
precision,0.8397597207565549,0.8332818584830779,0.8462375830300319,0.8331747543261441,0.8461299296209285,0.225,30,30,30,30
specificity,0.9385984011944384,0.9359741700711364,0.9412226323177404,0.9359207855561014,0.9411697705967508,0.225,30,30,30,30
F1,0.8791909233841838,NA,NA,NA,NA,0.225,30,30,30,30
brier,0.04895002161549016,NA,NA,NA,NA,0.225,30,30,30,30
log-likelihood,-7504.174728887877,NA,NA,NA,NA,0.225,30,30,30,30
AUC,0.9781106706395016,0.9767388965688978,0.9794824447101056,NA,NA,0.225,31,31,31,31
recall,0.9214374888532192,0.9164576371193676,0.9264173405870708,0.91631038170785,0.9262719750777476,0.225,31,31,31,31
accuracy,0.9343282893522792,0.931996494086738,0.9366600846178202,0.9319573436406664,0.9366212098023388,0.225,31,31,31,31
precision,0.8401496056589967,0.8336728674888848,0.8466263438291085,0.8335654623674614,0.8465183954111071,0.225,31,31,31,31
specificity,0.9388263115315204,0.9362061889627232,0.9414464341003173,0.936152756929782,0.9413935283147848,0.225,31,31,31,31
F1,0.8789180453366223,NA,NA,NA,NA,0.225,31,31,31,31
brier,0.05004571765143476,NA,NA,NA,NA,0.225,31,31,31,31
log-likelihood,-7699.340662850311,NA,NA,NA,NA,0.225,31,31,31,31
AUC,0.9780197692380844,0.9766712081056836,0.9793683303704854,NA,NA,0.225,32,32,32,32
recall,0.9204565721419654,0.9154483959622056,0.9254647483217252,0.91530150431992,0.9253196999912472,0.225,32,32,32,32
accuracy,0.9335163440909824,0.9311711168006048,0.93586157138136,0.9311320399051348,0.9358227634769444,0.225,32,32,32,32
precision,0.8383690708252112,0.8318667015968478,0.8448714400535745,0.8317599885283298,0.8447641529652117,0.225,32,32,32,32
specificity,0.938073751361444,0.9354384954434976,0.9407090072793902,0.9353851547624812,0.940656182572707,0.225,32,32,32,32
F1,0.8774972370993793,NA,NA,NA,NA,0.225,32,32,32,32
brier,0.05111466771580659,NA,NA,NA,NA,0.225,32,32,32,32
log-likelihood,-7777.204522771385,NA,NA,NA,NA,0.225,32,32,32,32
AUC,0.9776778571045752,0.9762751662944154,0.9790805479147348,NA,NA,0.225,3,3,3,3
recall,0.9201890494025324,0.9151731875384423,0.9252049112666226,0.915026395046273,0.9250599494998636,0.225,3,3,3,3
accuracy,0.9317935596892792,0.9294212639693792,0.9341658554091794,0.9293823793214322,0.9341272255384744,0.225,3,3,3,3
precision,0.833319874020835,0.8267555363269543,0.8398842117147156,0.8266510652049713,0.8397790843146304,0.225,3,3,3,3
specificity,0.9358388510677982,0.9331610772397884,0.938516624895808,0.9331080785252084,0.9384641114013296,0.225,3,3,3,3
F1,0.8746027037335253,NA,NA,NA,NA,0.225,3,3,3,3
brier,0.04756440867390452,NA,NA,NA,NA,0.225,3,3,3,3
log-likelihood,-7332.95871123875,NA,NA,NA,NA,0.225,3,3,3,3
AUC,0.9787918355107554,0.97745734552355,0.9801263254979607,NA,NA,0.225,33,33,33,33
recall,0.9264312466559658,0.9215992225622528,0.9312632707496789,0.9214501095663028,0.9311162962501128,0.225,33,33,33,33
accuracy,0.9356796676667436,0.9333697342435456,0.9379896010899416,0.9333304367600468,0.9379505908264976,0.225,33,33,33,33
precision,0.8411464658732086,0.8346997391116703,0.847593192634747,0.8345924629539254,0.8474853932596492,0.225,33,33,33,33
specificity,0.9389089550379872,0.9362895909783012,0.9415283190976734,0.9362361116316764,0.941475367752762,0.225,33,33,33,33
F1,0.8817313812858051,NA,NA,NA,NA,0.225,33,33,33,33
brier,0.05054169033579506,NA,NA,NA,NA,0.225,33,33,33,33
log-likelihood,-7703.166534331717,NA,NA,NA,NA,0.225,33,33,33,33
AUC,0.9797296322171436,0.9784236098209886,0.981035654613299,NA,NA,0.25,34,34,34,34
recall,0.9225967540574282,0.917650671702322,0.9275428364125344,0.9175029859280476,0.9273970965146884,0.25,34,34,34,34
accuracy,0.9397276084949217,0.9374864526757192,0.9419687643141238,0.9374467643880972,0.9419293991133614,0.25,34,34,34,34
precision,0.855819339895773,0.849557449877074,0.8620812299144719,0.8494429815453421,0.8619665121274869,0.25,34,34,34,34
specificity,0.94571108204074,0.9432325313657391,0.948189632715741,0.9431781596757968,0.9481358908521808,0.25,34,34,34,34
F1,0.8879543406428356,NA,NA,NA,NA,0.25,34,34,34,34
brier,0.04854503882300323,NA,NA,NA,NA,0.25,34,34,34,34
log-likelihood,-7457.893279722196,NA,NA,NA,NA,0.25,34,34,34,34
AUC,0.9806455764246714,0.979388927382088,0.9819022254672548,NA,NA,0.25,35,35,35,35
recall,0.9242018904940252,0.9193031051628852,0.9291006758251654,0.9191548226602178,0.9289544183951056,0.25,35,35,35,35
accuracy,0.9407686441265511,0.938544438887038,0.9429928493660646,0.9385046070092714,0.9429533508935656,0.25,35,35,35,35
precision,0.8581601391073942,0.8519377114587504,0.864382566756038,0.851822350316263,0.8642670049620322,0.25,35,35,35,35
specificity,0.9465639329943538,0.9441019397785024,0.9490259262102052,0.94404737417513,0.9489720058708928,0.25,35,35,35,35
F1,0.8899574943111073,NA,NA,NA,NA,0.25,35,35,35,35
brier,0.04740019519424095,NA,NA,NA,NA,0.25,35,35,35,35
log-likelihood,-7264.981929713504,NA,NA,NA,NA,0.25,35,35,35,35
AUC,0.980727907590189,0.9794730162461808,0.9819827989341972,NA,NA,0.225,36,36,36,36
recall,0.9325842696629212,0.9279433883670268,0.937225150958816,0.9277919717946193,0.93707620891056,0.225,36,36,36,36
accuracy,0.9366319243835364,0.9343364241420072,0.9389274246250652,0.9342969831496016,0.9388882797319504,0.225,36,36,36,36
precision,0.8404050144648023,0.8339702892088117,0.846839739720793,0.8338640529565597,0.8467329713451962,0.225,36,36,36,36
specificity,0.9380478522631562,0.9354088770386768,0.9406868274876355,0.9353554094754046,0.940633877663681,0.225,36,36,36,36
F1,0.8840984022318031,NA,NA,NA,NA,0.225,36,36,36,36
brier,0.04727241683951145,NA,NA,NA,NA,0.225,36,36,36,36
log-likelihood,-7218.597374914202,NA,NA,NA,NA,0.225,36,36,36,36
AUC,0.9803817966146702,0.9790965121728012,0.9816670810565392,NA,NA,0.225,37,37,37,37
recall,0.930800784733369,0.9261034149411586,0.9354981545255796,0.9259526679213804,0.9353497809074646,0.225,37,37,37,37
accuracy,0.9380072606192336,0.9357345110083432,0.9402800102301242,0.9356949181995206,0.9402407258945714,0.225,37,37,37,37
precision,0.8456615085473548,0.8392879627010116,0.852035054393698,0.8391791520262479,0.851925801931104,0.225,37,37,37,37
specificity,0.9405300783566948,0.937940122916928,0.9431200337964613,0.9378862960204392,0.9430667601891208,0.225,37,37,37,37
F1,0.8861909411215351,NA,NA,NA,NA,0.225,37,37,37,37
brier,0.04761719407849099,NA,NA,NA,NA,0.225,37,37,37,37
log-likelihood,-7262.121090203922,NA,NA,NA,NA,0.225,37,37,37,37
AUC,0.9802288260736808,0.9789447607135356,0.981512891433826,NA,NA,0.225,38,38,38,38
recall,0.9241127162475478,0.9192112866063192,0.9290141458887764,0.9190630372815484,0.928867917183859,0.225,38,38,38,38
accuracy,0.9392376370449184,0.9369857405073632,0.9414895335824736,0.9369460194078584,0.941450132207724,0.225,38,38,38,38
precision,0.8536947030233133,0.8474076672134332,0.8599817388331934,0.8472943734998322,0.8598681529919923,0.225,38,38,38,38
specificity,0.9445346658338538,0.9420276032499856,0.947041728417722,0.9419732373906556,0.9469879764583058,0.225,38,38,38,38
F1,0.8875090994733011,NA,NA,NA,NA,0.225,38,38,38,38
brier,0.04906228296161586,NA,NA,NA,NA,0.225,38,38,38,38
log-likelihood,-7392.254671465576,NA,NA,NA,NA,0.225,38,38,38,38
AUC,0.9794614783833464,0.9781507270519364,0.980772229714756,NA,NA,0.2,39,39,39,39
recall,0.9297306937756376,0.9249998651854472,0.9344615223658278,0.924849519146595,0.934313490566508,0.2,39,39,39,39
accuracy,0.933408917374303,0.9310584040089062,0.9357594307396998,0.9310192193673636,0.9357205156837152,0.2,39,39,39,39
precision,0.8330137424097156,0.8264795827363676,0.8395479020830636,0.8263763187735648,0.8394439847081575,0.2,39,39,39,39
specificity,0.9346977034838306,0.931990960805463,0.9374044461621984,0.9319378359213764,0.9373517958733628,0.2,39,39,39,39
F1,0.8787189211967972,NA,NA,NA,NA,0.2,39,39,39,39
brier,0.04960450310916495,NA,NA,NA,NA,0.2,39,39,39,39
log-likelihood,-7452.993666314526,NA,NA,NA,NA,0.2,39,39,39,39
AUC,0.9794168225599292,0.9780984229785362,0.9807352221413224,NA,NA,0.2,40,40,40,40
recall,0.9314250044587123,0.9267473015453848,0.93610270737204,0.9265963203634372,0.9359541346196824,0.2,40,40,40,40
accuracy,0.9330185622367264,0.9306613080516104,0.9353758164218424,0.9306221483578138,0.935336923278112,0.2,40,40,40,40
precision,0.8309466984884646,0.8243945030330211,0.8374988939439081,0.8242923392947011,0.8373960465958511,0.2,40,40,40,40
specificity,0.9335771442860716,0.930848359702479,0.936305928869664,0.9307953566902416,0.9362533864788868,0.2,40,40,40,40
F1,0.8783215607130844,NA,NA,NA,NA,0.2,40,40,40,40
brier,0.0486207251611466,NA,NA,NA,NA,0.2,40,40,40,40
log-likelihood,-7340.106778631861,NA,NA,NA,NA,0.2,40,40,40,40
AUC,0.9772556964956628,0.9758273046503796,0.978684088340946,NA,NA,0.225,4,4,4,4
recall,0.9201890494025324,0.9151731875384423,0.9252049112666226,0.915026395046273,0.9250599494998636,0.225,4,4,4,4
accuracy,0.9308699460605782,0.9284827986477292,0.9332570934734272,0.9284439996219316,0.9332185419904482,0.225,4,4,4,4
precision,0.8306367222088062,0.8240410658930507,0.8372323785245618,0.823937793834804,0.8371284085049203,0.225,4,4,4,4
specificity,0.9345933847301666,0.9318915036491184,0.9372952658112148,0.9318386620714576,0.9372428933906252,0.225,4,4,4,4
F1,0.8731226466979736,NA,NA,NA,NA,0.225,4,4,4,4
brier,0.04769286812646951,NA,NA,NA,NA,0.225,4,4,4,4
log-likelihood,-7420.700813212654,NA,NA,NA,NA,0.225,4,4,4,4
AUC,0.9770003709508942,0.9755693633132938,0.9784313785884946,NA,NA,0.225,5,5,5,5
recall,0.921259140360264,0.916274121838402,0.926244158882126,0.9161269325925816,0.9260988510155328,0.225,5,5,5,5
accuracy,0.93147085263813,0.9290933632895484,0.9338483419867116,0.9290545088775096,0.9338097398073896,0.225,5,5,5,5
precision,0.8317365751549795,0.8251574893201239,0.838315660989835,0.8250538469272521,0.8382113384696342,0.225,5,5,5,5
specificity,0.9350306195405514,0.932337196504468,0.9377240425766348,0.9322843008524196,0.93767162166228,0.225,5,5,5,5
F1,0.8742119737677173,NA,NA,NA,NA,0.225,5,5,5,5
brier,0.04861763072805016,NA,NA,NA,NA,0.225,5,5,5,5
log-likelihood,-7547.826309577832,NA,NA,NA,NA,0.225,5,5,5,5
AUC,0.9771591053847096,0.9757364878009194,0.9785817229684995,NA,NA,0.2,6,6,6,6
recall,0.932940966648832,0.9283114940080156,0.937570439289648,0.9281599433305712,0.9374213837525096,0.2,6,6,6,6
accuracy,0.9254068507675994,0.9229344600013883,0.9278792415338104,0.9228961716336864,0.9278411600721246,0.2,6,6,6,6
precision,0.8081260621041249,0.8013428433821232,0.8149092808261265,0.8012506689773926,0.8148161228729102,0.2,6,6,6,6
specificity,0.9227804028848544,0.9198632647921332,0.925697540977576,0.9198119212519184,0.9256465301550156,0.2,6,6,6,6
F1,0.8660596026490066,NA,NA,NA,NA,0.2,6,6,6,6
brier,0.04861302771598819,NA,NA,NA,NA,0.2,6,6,6,6
log-likelihood,-7508.171456535286,NA,NA,NA,NA,0.2,6,6,6,6
AUC,0.9764493997471008,0.9749869611510366,0.9779118383431652,NA,NA,0.225,7,7,7,7
recall,0.9180488674870696,0.9129721128416726,0.9231256221324668,0.912826112658642,0.922981353777946,0.225,7,7,7,7
accuracy,0.9294868839610898,0.9270777670693184,0.9318960008528612,0.9270390974984238,0.9318575681871204,0.225,7,7,7,7
precision,0.8279051065540812,0.8212706180011524,0.83453959510701,0.8211683227131262,0.8344365587250132,0.225,7,7,7,7
specificity,0.9334742601342948,0.9307509940868628,0.936197526181727,0.9306982950361176,0.9361452821423746,0.225,7,7,7,7
F1,0.8706499217725908,NA,NA,NA,NA,0.225,7,7,7,7
brier,0.04845600031118897,NA,NA,NA,NA,0.225,7,7,7,7
log-likelihood,-7520.698980750245,NA,NA,NA,NA,0.225,7,7,7,7
AUC,0.9763651543681388,0.9749031606237228,0.9778271481125548,NA,NA,0.225,8,8,8,8
recall,0.9187622614588908,0.913705688450384,0.9238188344673977,0.9135594243376892,0.9236743348000128,0.225,8,8,8,8
accuracy,0.9278963625466784,0.92546231190528,0.9303304131880769,0.9254237910575608,0.9302921173130954,0.225,8,8,8,8
precision,0.822923322683706,0.8162365851837448,0.8296100601836673,0.816136571473035,0.8295092342032188,0.225,8,8,8,8
specificity,0.9310805769709029,0.9283123066835564,0.9338488472582492,0.9282599120161438,0.9337968782816872,0.225,8,8,8,8
F1,0.8682059492710879,NA,NA,NA,NA,0.225,8,8,8,8
brier,0.04849145288368448,NA,NA,NA,NA,0.225,8,8,8,8
log-likelihood,-7516.493287758784,NA,NA,NA,NA,0.225,8,8,8,8
AUC,0.9761103130699406,0.9746500915632452,0.977570534576636,NA,NA,0.17500000000000002,9,9,9,9
recall,0.9425717852684145,0.938265570648834,0.9468779998879948,0.9381103708771216,0.9467259088093108,0.17500000000000002,9,9,9,9
accuracy,0.9158617828081418,0.9132495137087218,0.9184740519075618,0.91321211282213,0.9184367947014846,0.17500000000000002,9,9,9,9
precision,0.7785798467884502,0.7715954274012917,0.7855642661756086,0.7715161601634631,0.7854837463087698,0.17500000000000002,9,9,9,9
specificity,0.9065501911897286,0.903369394378494,0.9097309880009632,0.9033200896764184,0.9096818643468364,0.17500000000000002,9,9,9,9
F1,0.8527632109721662,NA,NA,NA,NA,0.17500000000000002,9,9,9,9
brier,0.04888848242462138,NA,NA,NA,NA,0.17500000000000002,9,9,9,9
log-likelihood,-7545.509438351892,NA,NA,NA,NA,0.17500000000000002,9,9,9,9
